{
"type": "FeatureCollection",
"name": "todas_paradas",
"crs": { "type": "name", "properties": { "name": "urn:ogc:def:crs:OGC:1.3:CRS84" } },
"features": [
{ "type": "Feature", "properties": { "id": "paradas_omnibus.1", "paradas": null, "linea": "16", "source_file": "paradas_omnibus" }, "geometry": { "type": "Point", "coordinates": [ -63.2431998, -32.4137368, 0.0 ] } },
{ "type": "Feature", "properties": { "id": "paradas_omnibus.2", "paradas": null, "linea": "16", "source_file": "paradas_omnibus" }, "geometry": { "type": "Point", "coordinates": [ -63.2410004, -32.4159059, 0.0 ] } },
{ "type": "Feature", "properties": { "id": "paradas_omnibus.3", "paradas": null, "linea": "16", "source_file": "paradas_omnibus" }, "geometry": { "type": "Point", "coordinates": [ -63.2361027, -32.4139971, 0.0 ] } },
{ "type": "Feature", "properties": { "id": "paradas_omnibus.4", "paradas": null, "linea": "16", "source_file": "paradas_omnibus" }, "geometry": { "type": "Point", "coordinates": [ -63.2334982, -32.4148418, 0.0 ] } },
{ "type": "Feature", "properties": { "id": "paradas_omnibus.5", "paradas": null, "linea": "16", "source_file": "paradas_omnibus" }, "geometry": { "type": "Point", "coordinates": [ -63.2285897, -32.4126929, 0.0 ] } },
{ "type": "Feature", "properties": { "id": "paradas_omnibus.6", "paradas": null, "linea": "16", "source_file": "paradas_omnibus" }, "geometry": { "type": "Point", "coordinates": [ -63.2261301, -32.4110467, 0.0 ] } },
{ "type": "Feature", "properties": { "id": "paradas_omnibus.7", "paradas": null, "linea": "16", "source_file": "paradas_omnibus" }, "geometry": { "type": "Point", "coordinates": [ -63.2240809, -32.4100005, 0.0 ] } },
{ "type": "Feature", "properties": { "id": "paradas_omnibus.8", "paradas": null, "linea": "16", "source_file": "paradas_omnibus" }, "geometry": { "type": "Point", "coordinates": [ -63.2216241, -32.4095703, 0.0 ] } },
{ "type": "Feature", "properties": { "id": "paradas_omnibus.9", "paradas": null, "linea": "16", "source_file": "paradas_omnibus" }, "geometry": { "type": "Point", "coordinates": [ -63.218215, -32.4086871, 0.0 ] } },
{ "type": "Feature", "properties": { "id": "paradas_omnibus.10", "paradas": null, "linea": "16", "source_file": "paradas_omnibus" }, "geometry": { "type": "Point", "coordinates": [ -63.2154079, -32.4073003, 0.0 ] } },
{ "type": "Feature", "properties": { "id": "paradas_omnibus.11", "paradas": null, "linea": "16", "source_file": "paradas_omnibus" }, "geometry": { "type": "Point", "coordinates": [ -63.2138308, -32.4068926, 0.0 ] } },
{ "type": "Feature", "properties": { "id": "paradas_omnibus.12", "paradas": null, "linea": "16", "source_file": "paradas_omnibus" }, "geometry": { "type": "Point", "coordinates": [ -63.2121196, -32.4068972, 0.0 ] } },
{ "type": "Feature", "properties": { "id": "paradas_omnibus.13", "paradas": null, "linea": "16", "source_file": "paradas_omnibus" }, "geometry": { "type": "Point", "coordinates": [ -63.2119854, -32.4083691, 0.0 ] } },
{ "type": "Feature", "properties": { "id": "paradas_omnibus.14", "paradas": null, "linea": "16", "source_file": "paradas_omnibus" }, "geometry": { "type": "Point", "coordinates": [ -63.2114168, -32.4107151, 0.0 ] } },
{ "type": "Feature", "properties": { "id": "paradas_omnibus.15", "paradas": null, "linea": "16", "source_file": "paradas_omnibus" }, "geometry": { "type": "Point", "coordinates": [ -63.212184, -32.4134731, 0.0 ] } },
{ "type": "Feature", "properties": { "id": "paradas_omnibus.16", "paradas": null, "linea": "16", "source_file": "paradas_omnibus" }, "geometry": { "type": "Point", "coordinates": [ -63.2163615, -32.4110785, 0.0 ] } },
{ "type": "Feature", "properties": { "id": "paradas_omnibus.17", "paradas": null, "linea": "16", "source_file": "paradas_omnibus" }, "geometry": { "type": "Point", "coordinates": [ -63.221876, -32.4087145, 0.0 ] } },
{ "type": "Feature", "properties": { "id": "paradas_omnibus.18", "paradas": null, "linea": "16", "source_file": "paradas_omnibus" }, "geometry": { "type": "Point", "coordinates": [ -63.2242348, -32.4095558, 0.0 ] } },
{ "type": "Feature", "properties": { "id": "paradas_omnibus.19", "paradas": null, "linea": "16", "source_file": "paradas_omnibus" }, "geometry": { "type": "Point", "coordinates": [ -63.226241, -32.4106699, 0.0 ] } },
{ "type": "Feature", "properties": { "id": "paradas_omnibus.20", "paradas": null, "linea": "16", "source_file": "paradas_omnibus" }, "geometry": { "type": "Point", "coordinates": [ -63.2289554, -32.4123183, 0.0 ] } },
{ "type": "Feature", "properties": { "id": "paradas_omnibus.21", "paradas": null, "linea": "16", "source_file": "paradas_omnibus" }, "geometry": { "type": "Point", "coordinates": [ -63.233129, -32.4145464, 0.0 ] } },
{ "type": "Feature", "properties": { "id": "paradas_omnibus.22", "paradas": null, "linea": "16", "source_file": "paradas_omnibus" }, "geometry": { "type": "Point", "coordinates": [ -63.2367982, -32.4128074, 0.0 ] } },
{ "type": "Feature", "properties": { "id": "paradas_omnibus.23", "paradas": null, "linea": "16", "source_file": "paradas_omnibus" }, "geometry": { "type": "Point", "coordinates": [ -63.239251, -32.4121135, 0.0 ] } },
{ "type": "Feature", "properties": { "id": "paradas_omnibus.24", "paradas": null, "linea": "16", "source_file": "paradas_omnibus" }, "geometry": { "type": "Point", "coordinates": [ -63.2410105, -32.4102024, 0.0 ] } },
{ "type": "Feature", "properties": { "id": "paradas_omnibus.25", "paradas": null, "linea": "16", "source_file": "paradas_omnibus" }, "geometry": { "type": "Point", "coordinates": [ -63.2432099, -32.4080013, 0.0 ] } },
{ "type": "Feature", "properties": { "id": "paradas_omnibus.26", "paradas": null, "linea": "16", "source_file": "paradas_omnibus" }, "geometry": { "type": "Point", "coordinates": [ -63.2458886, -32.4104127, 0.0 ] } },
{ "type": "Feature", "properties": { "id": "paradas_omnibus.27", "paradas": null, "linea": "16", "source_file": "paradas_omnibus" }, "geometry": { "type": "Point", "coordinates": [ -63.2110709, -32.4126917, 0.0 ] } },
{ "type": "Feature", "properties": { "id": "paradas_omnibus.28", "paradas": null, "linea": "16", "source_file": "paradas_omnibus" }, "geometry": { "type": "Point", "coordinates": [ -63.2146652, -32.4128208, 0.0 ] } },
{ "type": "Feature", "properties": { "id": "paradas_omnibus.29", "paradas": null, "linea": "16", "source_file": "paradas_omnibus" }, "geometry": { "type": "Point", "coordinates": [ -63.218431, -32.4088083, 0.0 ] } },
{ "type": "Feature", "properties": { "id": "paradas_omnibus.30", "paradas": null, "linea": "16 B", "source_file": "paradas_omnibus" }, "geometry": { "type": "Point", "coordinates": [ -63.2431955, -32.4136788, 0.0 ] } },
{ "type": "Feature", "properties": { "id": "paradas_omnibus.31", "paradas": null, "linea": "16 B", "source_file": "paradas_omnibus" }, "geometry": { "type": "Point", "coordinates": [ -63.2410006, -32.4159847, 0.0 ] } },
{ "type": "Feature", "properties": { "id": "paradas_omnibus.32", "paradas": null, "linea": "16 B", "source_file": "paradas_omnibus" }, "geometry": { "type": "Point", "coordinates": [ -63.2360814, -32.4140872, 0.0 ] } },
{ "type": "Feature", "properties": { "id": "paradas_omnibus.33", "paradas": null, "linea": "16 B", "source_file": "paradas_omnibus" }, "geometry": { "type": "Point", "coordinates": [ -63.2335279, -32.4149431, 0.0 ] } },
{ "type": "Feature", "properties": { "id": "paradas_omnibus.34", "paradas": null, "linea": "16 B", "source_file": "paradas_omnibus" }, "geometry": { "type": "Point", "coordinates": [ -63.2284827, -32.4127128, 0.0 ] } },
{ "type": "Feature", "properties": { "id": "paradas_omnibus.35", "paradas": null, "linea": "16 B", "source_file": "paradas_omnibus" }, "geometry": { "type": "Point", "coordinates": [ -63.2260981, -32.4110575, 0.0 ] } },
{ "type": "Feature", "properties": { "id": "paradas_omnibus.36", "paradas": null, "linea": "16 B", "source_file": "paradas_omnibus" }, "geometry": { "type": "Point", "coordinates": [ -63.2240812, -32.4099072, 0.0 ] } },
{ "type": "Feature", "properties": { "id": "paradas_omnibus.37", "paradas": null, "linea": "16 B", "source_file": "paradas_omnibus" }, "geometry": { "type": "Point", "coordinates": [ -63.221989, -32.4084307, 0.0 ] } },
{ "type": "Feature", "properties": { "id": "paradas_omnibus.38", "paradas": null, "linea": "16 B", "source_file": "paradas_omnibus" }, "geometry": { "type": "Point", "coordinates": [ -63.2170538, -32.4052446, 0.0 ] } },
{ "type": "Feature", "properties": { "id": "paradas_omnibus.39", "paradas": null, "linea": "16 B", "source_file": "paradas_omnibus" }, "geometry": { "type": "Point", "coordinates": [ -63.2145312, -32.4055073, 0.0 ] } },
{ "type": "Feature", "properties": { "id": "paradas_omnibus.40", "paradas": null, "linea": "16 B", "source_file": "paradas_omnibus" }, "geometry": { "type": "Point", "coordinates": [ -63.2146129, -32.4066078, 0.0 ] } },
{ "type": "Feature", "properties": { "id": "paradas_omnibus.41", "paradas": null, "linea": "16 B", "source_file": "paradas_omnibus" }, "geometry": { "type": "Point", "coordinates": [ -63.2160409, -32.407651, 0.0 ] } },
{ "type": "Feature", "properties": { "id": "paradas_omnibus.42", "paradas": null, "linea": "16 B", "source_file": "paradas_omnibus" }, "geometry": { "type": "Point", "coordinates": [ -63.218537, -32.4084874, 0.0 ] } },
{ "type": "Feature", "properties": { "id": "paradas_omnibus.43", "paradas": null, "linea": "16 B", "source_file": "paradas_omnibus" }, "geometry": { "type": "Point", "coordinates": [ -63.2163979, -32.4114413, 0.0 ] } },
{ "type": "Feature", "properties": { "id": "paradas_omnibus.44", "paradas": null, "linea": "16 B", "source_file": "paradas_omnibus" }, "geometry": { "type": "Point", "coordinates": [ -63.2149912, -32.413066, 0.0 ] } },
{ "type": "Feature", "properties": { "id": "paradas_omnibus.45", "paradas": null, "linea": "16 B", "source_file": "paradas_omnibus" }, "geometry": { "type": "Point", "coordinates": [ -63.2111744, -32.4128826, 0.0 ] } },
{ "type": "Feature", "properties": { "id": "paradas_omnibus.46", "paradas": null, "linea": "16 B", "source_file": "paradas_omnibus" }, "geometry": { "type": "Point", "coordinates": [ -63.2123492, -32.4135212, 0.0 ] } },
{ "type": "Feature", "properties": { "id": "paradas_omnibus.47", "paradas": null, "linea": "16 B", "source_file": "paradas_omnibus" }, "geometry": { "type": "Point", "coordinates": [ -63.2145889, -32.4140238, 0.0 ] } },
{ "type": "Feature", "properties": { "id": "paradas_omnibus.48", "paradas": null, "linea": "16 B", "source_file": "paradas_omnibus" }, "geometry": { "type": "Point", "coordinates": [ -63.2154727, -32.4160616, 0.0 ] } },
{ "type": "Feature", "properties": { "id": "paradas_omnibus.49", "paradas": null, "linea": "16 B", "source_file": "paradas_omnibus" }, "geometry": { "type": "Point", "coordinates": [ -63.2178638, -32.417282, 0.0 ] } },
{ "type": "Feature", "properties": { "id": "paradas_omnibus.50", "paradas": null, "linea": "16 B", "source_file": "paradas_omnibus" }, "geometry": { "type": "Point", "coordinates": [ -63.2216646, -32.4141211, 0.0 ] } },
{ "type": "Feature", "properties": { "id": "paradas_omnibus.51", "paradas": null, "linea": "16 B", "source_file": "paradas_omnibus" }, "geometry": { "type": "Point", "coordinates": [ -63.2260489, -32.410682, 0.0 ] } },
{ "type": "Feature", "properties": { "id": "paradas_omnibus.52", "paradas": null, "linea": "16 B", "source_file": "paradas_omnibus" }, "geometry": { "type": "Point", "coordinates": [ -63.2288572, -32.4124075, 0.0 ] } },
{ "type": "Feature", "properties": { "id": "paradas_omnibus.53", "paradas": null, "linea": "16 B", "source_file": "paradas_omnibus" }, "geometry": { "type": "Point", "coordinates": [ -63.2327512, -32.414477, 0.0 ] } },
{ "type": "Feature", "properties": { "id": "paradas_omnibus.54", "paradas": null, "linea": "16 B", "source_file": "paradas_omnibus" }, "geometry": { "type": "Point", "coordinates": [ -63.2379946, -32.4179323, 0.0 ] } },
{ "type": "Feature", "properties": { "id": "paradas_omnibus.55", "paradas": null, "linea": "16 B", "source_file": "paradas_omnibus" }, "geometry": { "type": "Point", "coordinates": [ -63.2410898, -32.4186794, 0.0 ] } },
{ "type": "Feature", "properties": { "id": "paradas_omnibus.56", "paradas": null, "linea": "16 B", "source_file": "paradas_omnibus" }, "geometry": { "type": "Point", "coordinates": [ -63.2435682, -32.4158537, 0.0 ] } },
{ "type": "Feature", "properties": { "id": "paradas_omnibus.57", "paradas": null, "linea": "16 B", "source_file": "paradas_omnibus" }, "geometry": { "type": "Point", "coordinates": [ -63.2452785, -32.4138011, 0.0 ] } },
{ "type": "Feature", "properties": { "id": "paradas_omnibus.58", "paradas": null, "linea": "16 B", "source_file": "paradas_omnibus" }, "geometry": { "type": "Point", "coordinates": [ -63.2473331, -32.4114383, 0.0 ] } },
{ "type": "Feature", "properties": { "id": "paradas_omnibus.59", "paradas": null, "linea": "16 B", "source_file": "paradas_omnibus" }, "geometry": { "type": "Point", "coordinates": [ -63.2459422, -32.4104997, 0.0 ] } },
{ "type": "Feature", "properties": { "id": "paradas_omnibus.60", "paradas": null, "linea": "16 B", "source_file": "paradas_omnibus" }, "geometry": { "type": "Point", "coordinates": [ -63.2458709, -32.4105232, 0.0 ] } },
{ "type": "Feature", "properties": { "id": "paradas_omnibus.61", "paradas": null, "linea": "17", "source_file": "paradas_omnibus" }, "geometry": { "type": "Point", "coordinates": [ -63.2430462, -32.4136397, 0.0 ] } },
{ "type": "Feature", "properties": { "id": "paradas_omnibus.62", "paradas": null, "linea": "17", "source_file": "paradas_omnibus" }, "geometry": { "type": "Point", "coordinates": [ -63.2407073, -32.4160127, 0.0 ] } },
{ "type": "Feature", "properties": { "id": "paradas_omnibus.63", "paradas": null, "linea": "17", "source_file": "paradas_omnibus" }, "geometry": { "type": "Point", "coordinates": [ -63.2385187, -32.4180505, 0.0 ] } },
{ "type": "Feature", "properties": { "id": "paradas_omnibus.64", "paradas": null, "linea": "17", "source_file": "paradas_omnibus" }, "geometry": { "type": "Point", "coordinates": [ -63.2366089, -32.4169365, 0.0 ] } },
{ "type": "Feature", "properties": { "id": "paradas_omnibus.65", "paradas": null, "linea": "17", "source_file": "paradas_omnibus" }, "geometry": { "type": "Point", "coordinates": [ -63.2330362, -32.4176247, 0.0 ] } },
{ "type": "Feature", "properties": { "id": "paradas_omnibus.66", "paradas": null, "linea": "17", "source_file": "paradas_omnibus" }, "geometry": { "type": "Point", "coordinates": [ -63.2314698, -32.4192278, 0.0 ] } },
{ "type": "Feature", "properties": { "id": "paradas_omnibus.67", "paradas": null, "linea": "17", "source_file": "paradas_omnibus" }, "geometry": { "type": "Point", "coordinates": [ -63.2300536, -32.4209033, 0.0 ] } },
{ "type": "Feature", "properties": { "id": "paradas_omnibus.68", "paradas": null, "linea": "17", "source_file": "paradas_omnibus" }, "geometry": { "type": "Point", "coordinates": [ -63.2268457, -32.4219177, 0.0 ] } },
{ "type": "Feature", "properties": { "id": "paradas_omnibus.69", "paradas": null, "linea": "17", "source_file": "paradas_omnibus" }, "geometry": { "type": "Point", "coordinates": [ -63.2254643, -32.4228572, 0.0 ] } },
{ "type": "Feature", "properties": { "id": "paradas_omnibus.70", "paradas": null, "linea": "17", "source_file": "paradas_omnibus" }, "geometry": { "type": "Point", "coordinates": [ -63.2216663, -32.4262511, 0.0 ] } },
{ "type": "Feature", "properties": { "id": "paradas_omnibus.71", "paradas": null, "linea": "17", "source_file": "paradas_omnibus" }, "geometry": { "type": "Point", "coordinates": [ -63.2174391, -32.4282026, 0.0 ] } },
{ "type": "Feature", "properties": { "id": "paradas_omnibus.72", "paradas": null, "linea": "17", "source_file": "paradas_omnibus" }, "geometry": { "type": "Point", "coordinates": [ -63.2156233, -32.4282479, 0.0 ] } },
{ "type": "Feature", "properties": { "id": "paradas_omnibus.73", "paradas": null, "linea": "17", "source_file": "paradas_omnibus" }, "geometry": { "type": "Point", "coordinates": [ -63.2131342, -32.4282117, 0.0 ] } },
{ "type": "Feature", "properties": { "id": "paradas_omnibus.74", "paradas": null, "linea": "17", "source_file": "paradas_omnibus" }, "geometry": { "type": "Point", "coordinates": [ -63.2122705, -32.4300319, 0.0 ] } },
{ "type": "Feature", "properties": { "id": "paradas_omnibus.75", "paradas": null, "linea": "17", "source_file": "paradas_omnibus" }, "geometry": { "type": "Point", "coordinates": [ -63.2110206, -32.4312181, 0.0 ] } },
{ "type": "Feature", "properties": { "id": "paradas_omnibus.76", "paradas": null, "linea": "17", "source_file": "paradas_omnibus" }, "geometry": { "type": "Point", "coordinates": [ -63.2089124, -32.4312679, 0.0 ] } },
{ "type": "Feature", "properties": { "id": "paradas_omnibus.77", "paradas": null, "linea": "17", "source_file": "paradas_omnibus" }, "geometry": { "type": "Point", "coordinates": [ -63.2085395, -32.4287572, 0.0 ] } },
{ "type": "Feature", "properties": { "id": "paradas_omnibus.78", "paradas": null, "linea": "17", "source_file": "paradas_omnibus" }, "geometry": { "type": "Point", "coordinates": [ -63.2086924, -32.4260088, 0.0 ] } },
{ "type": "Feature", "properties": { "id": "paradas_omnibus.79", "paradas": null, "linea": "17", "source_file": "paradas_omnibus" }, "geometry": { "type": "Point", "coordinates": [ -63.2086951, -32.4238911, 0.0 ] } },
{ "type": "Feature", "properties": { "id": "paradas_omnibus.80", "paradas": null, "linea": "17", "source_file": "paradas_omnibus" }, "geometry": { "type": "Point", "coordinates": [ -63.2121792, -32.422424, 0.0 ] } },
{ "type": "Feature", "properties": { "id": "paradas_omnibus.81", "paradas": null, "linea": "17", "source_file": "paradas_omnibus" }, "geometry": { "type": "Point", "coordinates": [ -63.2173694, -32.4207825, 0.0 ] } },
{ "type": "Feature", "properties": { "id": "paradas_omnibus.82", "paradas": null, "linea": "17", "source_file": "paradas_omnibus" }, "geometry": { "type": "Point", "coordinates": [ -63.2206739, -32.4198134, 0.0 ] } },
{ "type": "Feature", "properties": { "id": "paradas_omnibus.83", "paradas": null, "linea": "17", "source_file": "paradas_omnibus" }, "geometry": { "type": "Point", "coordinates": [ -63.222766, -32.4191976, 0.0 ] } },
{ "type": "Feature", "properties": { "id": "paradas_omnibus.84", "paradas": null, "linea": "17", "source_file": "paradas_omnibus" }, "geometry": { "type": "Point", "coordinates": [ -63.2283879, -32.4197591, 0.0 ] } },
{ "type": "Feature", "properties": { "id": "paradas_omnibus.85", "paradas": null, "linea": "17", "source_file": "paradas_omnibus" }, "geometry": { "type": "Point", "coordinates": [ -63.2264782, -32.4186452, 0.0 ] } },
{ "type": "Feature", "properties": { "id": "paradas_omnibus.86", "paradas": null, "linea": "17", "source_file": "paradas_omnibus" }, "geometry": { "type": "Point", "coordinates": [ -63.2309521, -32.4214618, 0.0 ] } },
{ "type": "Feature", "properties": { "id": "paradas_omnibus.87", "paradas": null, "linea": "17", "source_file": "paradas_omnibus" }, "geometry": { "type": "Point", "coordinates": [ -63.2321216, -32.4200851, 0.0 ] } },
{ "type": "Feature", "properties": { "id": "paradas_omnibus.88", "paradas": null, "linea": "17", "source_file": "paradas_omnibus" }, "geometry": { "type": "Point", "coordinates": [ -63.2351256, -32.4167341, 0.0 ] } },
{ "type": "Feature", "properties": { "id": "paradas_omnibus.89", "paradas": null, "linea": "17", "source_file": "paradas_omnibus" }, "geometry": { "type": "Point", "coordinates": [ -63.2409514, -32.4188806, 0.0 ] } },
{ "type": "Feature", "properties": { "id": "paradas_omnibus.90", "paradas": null, "linea": "17", "source_file": "paradas_omnibus" }, "geometry": { "type": "Point", "coordinates": [ -63.2434297, -32.4160186, 0.0 ] } },
{ "type": "Feature", "properties": { "id": "paradas_omnibus.91", "paradas": null, "linea": "17", "source_file": "paradas_omnibus" }, "geometry": { "type": "Point", "coordinates": [ -63.2454253, -32.4137906, 0.0 ] } },
{ "type": "Feature", "properties": { "id": "paradas_omnibus.92", "paradas": null, "linea": "17", "source_file": "paradas_omnibus" }, "geometry": { "type": "Point", "coordinates": [ -63.2476676, -32.4111639, 0.0 ] } },
{ "type": "Feature", "properties": { "id": "paradas_omnibus.93", "paradas": null, "linea": "17", "source_file": "paradas_omnibus" }, "geometry": { "type": "Point", "coordinates": [ -63.2347959, -32.4170568, 0.0 ] } },
{ "type": "Feature", "properties": { "id": "paradas_omnibus.94", "paradas": null, "linea": "17", "source_file": "paradas_omnibus" }, "geometry": { "type": "Point", "coordinates": [ -63.2379502, -32.417872, 0.0 ] } },
{ "type": "Feature", "properties": { "id": "paradas_omnibus.95", "paradas": null, "linea": "17", "source_file": "paradas_omnibus" }, "geometry": { "type": "Point", "coordinates": [ -63.2457767, -32.4106145, 0.0 ] } },
{ "type": "Feature", "properties": { "id": "paradas_omnibus.96", "paradas": null, "linea": "17 B", "source_file": "paradas_omnibus" }, "geometry": { "type": "Point", "coordinates": [ -63.2468829, -32.4095238, 0.0 ] } },
{ "type": "Feature", "properties": { "id": "paradas_omnibus.97", "paradas": null, "linea": "17 B", "source_file": "paradas_omnibus" }, "geometry": { "type": "Point", "coordinates": [ -63.2432029, -32.4136359, 0.0 ] } },
{ "type": "Feature", "properties": { "id": "paradas_omnibus.98", "paradas": null, "linea": "17 B", "source_file": "paradas_omnibus" }, "geometry": { "type": "Point", "coordinates": [ -63.2405207, -32.4162081, 0.0 ] } },
{ "type": "Feature", "properties": { "id": "paradas_omnibus.99", "paradas": null, "linea": "17 B", "source_file": "paradas_omnibus" }, "geometry": { "type": "Point", "coordinates": [ -63.2382033, -32.4181101, 0.0 ] } },
{ "type": "Feature", "properties": { "id": "paradas_omnibus.100", "paradas": null, "linea": "17 B", "source_file": "paradas_omnibus" }, "geometry": { "type": "Point", "coordinates": [ -63.2363109, -32.4172972, 0.0 ] } },
{ "type": "Feature", "properties": { "id": "paradas_omnibus.101", "paradas": null, "linea": "17 B", "source_file": "paradas_omnibus" }, "geometry": { "type": "Point", "coordinates": [ -63.2330051, -32.4175757, 0.0 ] } },
{ "type": "Feature", "properties": { "id": "paradas_omnibus.102", "paradas": null, "linea": "17 B", "source_file": "paradas_omnibus" }, "geometry": { "type": "Point", "coordinates": [ -63.231487, -32.4192082, 0.0 ] } },
{ "type": "Feature", "properties": { "id": "paradas_omnibus.103", "paradas": null, "linea": "17 B", "source_file": "paradas_omnibus" }, "geometry": { "type": "Point", "coordinates": [ -63.2300467, -32.4208044, 0.0 ] } },
{ "type": "Feature", "properties": { "id": "paradas_omnibus.104", "paradas": null, "linea": "17 B", "source_file": "paradas_omnibus" }, "geometry": { "type": "Point", "coordinates": [ -63.226494, -32.421906, 0.0 ] } },
{ "type": "Feature", "properties": { "id": "paradas_omnibus.105", "paradas": null, "linea": "17 B", "source_file": "paradas_omnibus" }, "geometry": { "type": "Point", "coordinates": [ -63.2250953, -32.4232113, 0.0 ] } },
{ "type": "Feature", "properties": { "id": "paradas_omnibus.106", "paradas": null, "linea": "17 B", "source_file": "paradas_omnibus" }, "geometry": { "type": "Point", "coordinates": [ -63.2208332, -32.4265688, 0.0 ] } },
{ "type": "Feature", "properties": { "id": "paradas_omnibus.107", "paradas": null, "linea": "17 B", "source_file": "paradas_omnibus" }, "geometry": { "type": "Point", "coordinates": [ -63.217392, -32.4281558, 0.0 ] } },
{ "type": "Feature", "properties": { "id": "paradas_omnibus.108", "paradas": null, "linea": "17 B", "source_file": "paradas_omnibus" }, "geometry": { "type": "Point", "coordinates": [ -63.2156352, -32.4281625, 0.0 ] } },
{ "type": "Feature", "properties": { "id": "paradas_omnibus.109", "paradas": null, "linea": "17 B", "source_file": "paradas_omnibus" }, "geometry": { "type": "Point", "coordinates": [ -63.212997, -32.4281173, 0.0 ] } },
{ "type": "Feature", "properties": { "id": "paradas_omnibus.110", "paradas": null, "linea": "17 B", "source_file": "paradas_omnibus" }, "geometry": { "type": "Point", "coordinates": [ -63.2122031, -32.4297247, 0.0 ] } },
{ "type": "Feature", "properties": { "id": "paradas_omnibus.111", "paradas": null, "linea": "17 B", "source_file": "paradas_omnibus" }, "geometry": { "type": "Point", "coordinates": [ -63.2088209, -32.4311419, 0.0 ] } },
{ "type": "Feature", "properties": { "id": "paradas_omnibus.112", "paradas": null, "linea": "17 B", "source_file": "paradas_omnibus" }, "geometry": { "type": "Point", "coordinates": [ -63.2086169, -32.4287692, 0.0 ] } },
{ "type": "Feature", "properties": { "id": "paradas_omnibus.113", "paradas": null, "linea": "17 B", "source_file": "paradas_omnibus" }, "geometry": { "type": "Point", "coordinates": [ -63.2086444, -32.4262799, 0.0 ] } },
{ "type": "Feature", "properties": { "id": "paradas_omnibus.114", "paradas": null, "linea": "17 B", "source_file": "paradas_omnibus" }, "geometry": { "type": "Point", "coordinates": [ -63.2086365, -32.4242625, 0.0 ] } },
{ "type": "Feature", "properties": { "id": "paradas_omnibus.115", "paradas": null, "linea": "17 B", "source_file": "paradas_omnibus" }, "geometry": { "type": "Point", "coordinates": [ -63.2123058, -32.4224693, 0.0 ] } },
{ "type": "Feature", "properties": { "id": "paradas_omnibus.116", "paradas": null, "linea": "17 B", "source_file": "paradas_omnibus" }, "geometry": { "type": "Point", "coordinates": [ -63.2169696, -32.4210307, 0.0 ] } },
{ "type": "Feature", "properties": { "id": "paradas_omnibus.117", "paradas": null, "linea": "17 B", "source_file": "paradas_omnibus" }, "geometry": { "type": "Point", "coordinates": [ -63.2224816, -32.4191763, 0.0 ] } },
{ "type": "Feature", "properties": { "id": "paradas_omnibus.118", "paradas": null, "linea": "17 B", "source_file": "paradas_omnibus" }, "geometry": { "type": "Point", "coordinates": [ -63.227064, -32.4179423, 0.0 ] } },
{ "type": "Feature", "properties": { "id": "paradas_omnibus.119", "paradas": null, "linea": "17 B", "source_file": "paradas_omnibus" }, "geometry": { "type": "Point", "coordinates": [ -63.2294499, -32.4170615, 0.0 ] } },
{ "type": "Feature", "properties": { "id": "paradas_omnibus.120", "paradas": null, "linea": "17 B", "source_file": "paradas_omnibus" }, "geometry": { "type": "Point", "coordinates": [ -63.2332211, -32.4146147, 0.0 ] } },
{ "type": "Feature", "properties": { "id": "paradas_omnibus.121", "paradas": null, "linea": "17 B", "source_file": "paradas_omnibus" }, "geometry": { "type": "Point", "coordinates": [ -63.2361124, -32.4113161, 0.0 ] } },
{ "type": "Feature", "properties": { "id": "paradas_omnibus.122", "paradas": null, "linea": "17 B", "source_file": "paradas_omnibus" }, "geometry": { "type": "Point", "coordinates": [ -63.2373596, -32.4097977, 0.0 ] } },
{ "type": "Feature", "properties": { "id": "paradas_omnibus.123", "paradas": null, "linea": "17 B", "source_file": "paradas_omnibus" }, "geometry": { "type": "Point", "coordinates": [ -63.2396465, -32.4073014, 0.0 ] } },
{ "type": "Feature", "properties": { "id": "paradas_omnibus.124", "paradas": null, "linea": "17 B", "source_file": "paradas_omnibus" }, "geometry": { "type": "Point", "coordinates": [ -63.2427968, -32.4046746, 0.0 ] } },
{ "type": "Feature", "properties": { "id": "paradas_omnibus.125", "paradas": null, "linea": "17 B", "source_file": "paradas_omnibus" }, "geometry": { "type": "Point", "coordinates": [ -63.2447092, -32.4058986, 0.0 ] } },
{ "type": "Feature", "properties": { "id": "paradas_omnibus.126", "paradas": null, "linea": "17 B", "source_file": "paradas_omnibus" }, "geometry": { "type": "Point", "coordinates": [ -63.2468402, -32.407247, 0.0 ] } },
{ "type": "Feature", "properties": { "id": "paradas_omnibus.127", "paradas": null, "linea": "17 B", "source_file": "paradas_omnibus" }, "geometry": { "type": "Point", "coordinates": [ -63.21102, -32.431769, 0.0 ] } },
{ "type": "Feature", "properties": { "id": "paradas_omnibus.128", "paradas": null, "linea": "19", "source_file": "paradas_omnibus" }, "geometry": { "type": "Point", "coordinates": [ -63.2433518, -32.4133279, 0.0 ] } },
{ "type": "Feature", "properties": { "id": "paradas_omnibus.129", "paradas": null, "linea": "19", "source_file": "paradas_omnibus" }, "geometry": { "type": "Point", "coordinates": [ -63.2466348, -32.4162805, 0.0 ] } },
{ "type": "Feature", "properties": { "id": "paradas_omnibus.130", "paradas": null, "linea": "19", "source_file": "paradas_omnibus" }, "geometry": { "type": "Point", "coordinates": [ -63.2487806, -32.4177115, 0.0 ] } },
{ "type": "Feature", "properties": { "id": "paradas_omnibus.131", "paradas": null, "linea": "19", "source_file": "paradas_omnibus" }, "geometry": { "type": "Point", "coordinates": [ -63.2507775, -32.4175225, 0.0 ] } },
{ "type": "Feature", "properties": { "id": "paradas_omnibus.132", "paradas": null, "linea": "19", "source_file": "paradas_omnibus" }, "geometry": { "type": "Point", "coordinates": [ -63.252643, -32.4155197, 0.0 ] } },
{ "type": "Feature", "properties": { "id": "paradas_omnibus.133", "paradas": null, "linea": "19", "source_file": "paradas_omnibus" }, "geometry": { "type": "Point", "coordinates": [ -63.2542523, -32.4137445, 0.0 ] } },
{ "type": "Feature", "properties": { "id": "paradas_omnibus.134", "paradas": null, "linea": "19", "source_file": "paradas_omnibus" }, "geometry": { "type": "Point", "coordinates": [ -63.2590373, -32.4125671, 0.0 ] } },
{ "type": "Feature", "properties": { "id": "paradas_omnibus.135", "paradas": null, "linea": "19", "source_file": "paradas_omnibus" }, "geometry": { "type": "Point", "coordinates": [ -63.2613991, -32.4137397, 0.0 ] } },
{ "type": "Feature", "properties": { "id": "paradas_omnibus.136", "paradas": null, "linea": "19", "source_file": "paradas_omnibus" }, "geometry": { "type": "Point", "coordinates": [ -63.2635824, -32.4148787, 0.0 ] } },
{ "type": "Feature", "properties": { "id": "paradas_omnibus.137", "paradas": null, "linea": "19", "source_file": "paradas_omnibus" }, "geometry": { "type": "Point", "coordinates": [ -63.2649396, -32.4134612, 0.0 ] } },
{ "type": "Feature", "properties": { "id": "paradas_omnibus.138", "paradas": null, "linea": "19", "source_file": "paradas_omnibus" }, "geometry": { "type": "Point", "coordinates": [ -63.2687672, -32.4135314, 0.0 ] } },
{ "type": "Feature", "properties": { "id": "paradas_omnibus.139", "paradas": null, "linea": "19", "source_file": "paradas_omnibus" }, "geometry": { "type": "Point", "coordinates": [ -63.2712347, -32.4128385, 0.0 ] } },
{ "type": "Feature", "properties": { "id": "paradas_omnibus.140", "paradas": null, "linea": "19", "source_file": "paradas_omnibus" }, "geometry": { "type": "Point", "coordinates": [ -63.2717229, -32.4103477, 0.0 ] } },
{ "type": "Feature", "properties": { "id": "paradas_omnibus.141", "paradas": null, "linea": "19", "source_file": "paradas_omnibus" }, "geometry": { "type": "Point", "coordinates": [ -63.2722438, -32.4073699, 0.0 ] } },
{ "type": "Feature", "properties": { "id": "paradas_omnibus.142", "paradas": null, "linea": "19", "source_file": "paradas_omnibus" }, "geometry": { "type": "Point", "coordinates": [ -63.2730887, -32.4102367, 0.0 ] } },
{ "type": "Feature", "properties": { "id": "paradas_omnibus.143", "paradas": null, "linea": "19", "source_file": "paradas_omnibus" }, "geometry": { "type": "Point", "coordinates": [ -63.2736681, -32.4108119, 0.0 ] } },
{ "type": "Feature", "properties": { "id": "paradas_omnibus.144", "paradas": null, "linea": "19", "source_file": "paradas_omnibus" }, "geometry": { "type": "Point", "coordinates": [ -63.2735224, -32.4127748, 0.0 ] } },
{ "type": "Feature", "properties": { "id": "paradas_omnibus.145", "paradas": null, "linea": "19", "source_file": "paradas_omnibus" }, "geometry": { "type": "Point", "coordinates": [ -63.2734259, -32.4148104, 0.0 ] } },
{ "type": "Feature", "properties": { "id": "paradas_omnibus.146", "paradas": null, "linea": "19", "source_file": "paradas_omnibus" }, "geometry": { "type": "Point", "coordinates": [ -63.2709796, -32.4155713, 0.0 ] } },
{ "type": "Feature", "properties": { "id": "paradas_omnibus.147", "paradas": null, "linea": "19", "source_file": "paradas_omnibus" }, "geometry": { "type": "Point", "coordinates": [ -63.2673003, -32.4160671, 0.0 ] } },
{ "type": "Feature", "properties": { "id": "paradas_omnibus.148", "paradas": null, "linea": "19", "source_file": "paradas_omnibus" }, "geometry": { "type": "Point", "coordinates": [ -63.2659336, -32.4175853, 0.0 ] } },
{ "type": "Feature", "properties": { "id": "paradas_omnibus.149", "paradas": null, "linea": "19", "source_file": "paradas_omnibus" }, "geometry": { "type": "Point", "coordinates": [ -63.2641661, -32.41808, 0.0 ] } },
{ "type": "Feature", "properties": { "id": "paradas_omnibus.150", "paradas": null, "linea": "19", "source_file": "paradas_omnibus" }, "geometry": { "type": "Point", "coordinates": [ -63.2622671, -32.416966, 0.0 ] } },
{ "type": "Feature", "properties": { "id": "paradas_omnibus.151", "paradas": null, "linea": "19", "source_file": "paradas_omnibus" }, "geometry": { "type": "Point", "coordinates": [ -63.2604861, -32.4159245, 0.0 ] } },
{ "type": "Feature", "properties": { "id": "paradas_omnibus.152", "paradas": null, "linea": "19", "source_file": "paradas_omnibus" }, "geometry": { "type": "Point", "coordinates": [ -63.25804, -32.4145659, 0.0 ] } },
{ "type": "Feature", "properties": { "id": "paradas_omnibus.153", "paradas": null, "linea": "19", "source_file": "paradas_omnibus" }, "geometry": { "type": "Point", "coordinates": [ -63.2564736, -32.4146745, 0.0 ] } },
{ "type": "Feature", "properties": { "id": "paradas_omnibus.154", "paradas": null, "linea": "19", "source_file": "paradas_omnibus" }, "geometry": { "type": "Point", "coordinates": [ -63.2535312, -32.4162574, 0.0 ] } },
{ "type": "Feature", "properties": { "id": "paradas_omnibus.155", "paradas": null, "linea": "19", "source_file": "paradas_omnibus" }, "geometry": { "type": "Point", "coordinates": [ -63.2504117, -32.4198823, 0.0 ] } },
{ "type": "Feature", "properties": { "id": "paradas_omnibus.156", "paradas": null, "linea": "19", "source_file": "paradas_omnibus" }, "geometry": { "type": "Point", "coordinates": [ -63.2484054, -32.4188408, 0.0 ] } },
{ "type": "Feature", "properties": { "id": "paradas_omnibus.157", "paradas": null, "linea": "19", "source_file": "paradas_omnibus" }, "geometry": { "type": "Point", "coordinates": [ -63.2460987, -32.417437, 0.0 ] } },
{ "type": "Feature", "properties": { "id": "paradas_omnibus.158", "paradas": null, "linea": "19", "source_file": "paradas_omnibus" }, "geometry": { "type": "Point", "coordinates": [ -63.2442458, -32.4162262, 0.0 ] } },
{ "type": "Feature", "properties": { "id": "paradas_omnibus.159", "paradas": null, "linea": "19", "source_file": "paradas_omnibus" }, "geometry": { "type": "Point", "coordinates": [ -63.2456083, -32.413817, 0.0 ] } },
{ "type": "Feature", "properties": { "id": "paradas_omnibus.160", "paradas": null, "linea": "19", "source_file": "paradas_omnibus" }, "geometry": { "type": "Point", "coordinates": [ -63.2473357, -32.4114892, 0.0 ] } },
{ "type": "Feature", "properties": { "id": "paradas_omnibus.161", "paradas": null, "linea": "19", "source_file": "paradas_omnibus" }, "geometry": { "type": "Point", "coordinates": [ -63.2462539, -32.4100763, 0.0 ] } },
{ "type": "Feature", "properties": { "id": "paradas_omnibus.162", "paradas": null, "linea": "19", "source_file": "paradas_omnibus" }, "geometry": { "type": "Point", "coordinates": [ -63.2689396, -32.4156709, 0.0 ] } },
{ "type": "Feature", "properties": { "id": "paradas_omnibus.163", "paradas": null, "linea": "19", "source_file": "paradas_omnibus" }, "geometry": { "type": "Point", "coordinates": [ -63.255419, -32.4142942, 0.0 ] } },
{ "type": "Feature", "properties": { "id": "paradas_omnibus.164", "paradas": null, "linea": "19", "source_file": "paradas_omnibus" }, "geometry": { "type": "Point", "coordinates": [ -63.2522035, -32.4177902, 0.0 ] } },
{ "type": "Feature", "properties": { "id": "paradas_omnibus.165", "paradas": null, "linea": "20", "source_file": "paradas_omnibus" }, "geometry": { "type": "Point", "coordinates": [ -63.2461827, -32.410251, 0.0 ] } },
{ "type": "Feature", "properties": { "id": "paradas_omnibus.166", "paradas": null, "linea": "20", "source_file": "paradas_omnibus" }, "geometry": { "type": "Point", "coordinates": [ -63.2488926, -32.4114404, 0.0 ] } },
{ "type": "Feature", "properties": { "id": "paradas_omnibus.167", "paradas": null, "linea": "20", "source_file": "paradas_omnibus" }, "geometry": { "type": "Point", "coordinates": [ -63.2525614, -32.4096782, 0.0 ] } },
{ "type": "Feature", "properties": { "id": "paradas_omnibus.168", "paradas": null, "linea": "20", "source_file": "paradas_omnibus" }, "geometry": { "type": "Point", "coordinates": [ -63.2552028, -32.406706, 0.0 ] } },
{ "type": "Feature", "properties": { "id": "paradas_omnibus.169", "paradas": null, "linea": "20", "source_file": "paradas_omnibus" }, "geometry": { "type": "Point", "coordinates": [ -63.2578072, -32.4038169, 0.0 ] } },
{ "type": "Feature", "properties": { "id": "paradas_omnibus.170", "paradas": null, "linea": "20", "source_file": "paradas_omnibus" }, "geometry": { "type": "Point", "coordinates": [ -63.2610476, -32.4057847, 0.0 ] } },
{ "type": "Feature", "properties": { "id": "paradas_omnibus.171", "paradas": null, "linea": "20", "source_file": "paradas_omnibus" }, "geometry": { "type": "Point", "coordinates": [ -63.2595604, -32.4077696, 0.0 ] } },
{ "type": "Feature", "properties": { "id": "paradas_omnibus.172", "paradas": null, "linea": "20", "source_file": "paradas_omnibus" }, "geometry": { "type": "Point", "coordinates": [ -63.2605217, -32.4104494, 0.0 ] } },
{ "type": "Feature", "properties": { "id": "paradas_omnibus.173", "paradas": null, "linea": "20", "source_file": "paradas_omnibus" }, "geometry": { "type": "Point", "coordinates": [ -63.2649338, -32.4132386, 0.0 ] } },
{ "type": "Feature", "properties": { "id": "paradas_omnibus.174", "paradas": null, "linea": "20", "source_file": "paradas_omnibus" }, "geometry": { "type": "Point", "coordinates": [ -63.2687098, -32.4135264, 0.0 ] } },
{ "type": "Feature", "properties": { "id": "paradas_omnibus.175", "paradas": null, "linea": "20", "source_file": "paradas_omnibus" }, "geometry": { "type": "Point", "coordinates": [ -63.2712105, -32.4128348, 0.0 ] } },
{ "type": "Feature", "properties": { "id": "paradas_omnibus.176", "paradas": null, "linea": "20", "source_file": "paradas_omnibus" }, "geometry": { "type": "Point", "coordinates": [ -63.2716826, -32.4102933, 0.0 ] } },
{ "type": "Feature", "properties": { "id": "paradas_omnibus.177", "paradas": null, "linea": "20", "source_file": "paradas_omnibus" }, "geometry": { "type": "Point", "coordinates": [ -63.2722377, -32.4072741, 0.0 ] } },
{ "type": "Feature", "properties": { "id": "paradas_omnibus.178", "paradas": null, "linea": "20", "source_file": "paradas_omnibus" }, "geometry": { "type": "Point", "coordinates": [ -63.2730643, -32.4103144, 0.0 ] } },
{ "type": "Feature", "properties": { "id": "paradas_omnibus.179", "paradas": null, "linea": "20", "source_file": "paradas_omnibus" }, "geometry": { "type": "Point", "coordinates": [ -63.273522, -32.4127243, 0.0 ] } },
{ "type": "Feature", "properties": { "id": "paradas_omnibus.180", "paradas": null, "linea": "20", "source_file": "paradas_omnibus" }, "geometry": { "type": "Point", "coordinates": [ -63.2710074, -32.4127585, 0.0 ] } },
{ "type": "Feature", "properties": { "id": "paradas_omnibus.181", "paradas": null, "linea": "20", "source_file": "paradas_omnibus" }, "geometry": { "type": "Point", "coordinates": [ -63.2666712, -32.412485, 0.0 ] } },
{ "type": "Feature", "properties": { "id": "paradas_omnibus.182", "paradas": null, "linea": "20", "source_file": "paradas_omnibus" }, "geometry": { "type": "Point", "coordinates": [ -63.2635226, -32.4134413, 0.0 ] } },
{ "type": "Feature", "properties": { "id": "paradas_omnibus.183", "paradas": null, "linea": "20", "source_file": "paradas_omnibus" }, "geometry": { "type": "Point", "coordinates": [ -63.2590137, -32.4108567, 0.0 ] } },
{ "type": "Feature", "properties": { "id": "paradas_omnibus.184", "paradas": null, "linea": "20", "source_file": "paradas_omnibus" }, "geometry": { "type": "Point", "coordinates": [ -63.2555587, -32.4085274, 0.0 ] } },
{ "type": "Feature", "properties": { "id": "paradas_omnibus.185", "paradas": null, "linea": "20", "source_file": "paradas_omnibus" }, "geometry": { "type": "Point", "coordinates": [ -63.2534089, -32.407139, 0.0 ] } },
{ "type": "Feature", "properties": { "id": "paradas_omnibus.186", "paradas": null, "linea": "20", "source_file": "paradas_omnibus" }, "geometry": { "type": "Point", "coordinates": [ -63.2502875, -32.4104427, 0.0 ] } },
{ "type": "Feature", "properties": { "id": "paradas_omnibus.187", "paradas": null, "linea": "20", "source_file": "paradas_omnibus" }, "geometry": { "type": "Point", "coordinates": [ -63.2736913, -32.4108129, 0.0 ] } },
{ "type": "Feature", "properties": { "id": "paradas_omnibus.188", "paradas": null, "linea": "20", "source_file": "paradas_omnibus" }, "geometry": { "type": "Point", "coordinates": [ -63.2435243, -32.4134468, 0.0 ] } },
{ "type": "Feature", "properties": { "id": "paradas_omnibus.189", "paradas": null, "linea": "20", "source_file": "paradas_omnibus" }, "geometry": { "type": "Point", "coordinates": [ -63.2461724, -32.4129938, 0.0 ] } },
{ "type": "Feature", "properties": { "id": "paradas_omnibus.190", "paradas": null, "linea": "102", "source_file": "paradas_omnibus" }, "geometry": { "type": "Point", "coordinates": [ -63.2467983, -32.4095011, 0.0 ] } },
{ "type": "Feature", "properties": { "id": "paradas_omnibus.191", "paradas": null, "linea": "102", "source_file": "paradas_omnibus" }, "geometry": { "type": "Point", "coordinates": [ -63.2432873, -32.413749, 0.0 ] } },
{ "type": "Feature", "properties": { "id": "paradas_omnibus.192", "paradas": null, "linea": "102", "source_file": "paradas_omnibus" }, "geometry": { "type": "Point", "coordinates": [ -63.2410326, -32.4160351, 0.0 ] } },
{ "type": "Feature", "properties": { "id": "paradas_omnibus.193", "paradas": null, "linea": "102", "source_file": "paradas_omnibus" }, "geometry": { "type": "Point", "coordinates": [ -63.2383933, -32.4181047, 0.0 ] } },
{ "type": "Feature", "properties": { "id": "paradas_omnibus.194", "paradas": null, "linea": "102", "source_file": "paradas_omnibus" }, "geometry": { "type": "Point", "coordinates": [ -63.2350888, -32.4166375, 0.0 ] } },
{ "type": "Feature", "properties": { "id": "paradas_omnibus.195", "paradas": null, "linea": "102", "source_file": "paradas_omnibus" }, "geometry": { "type": "Point", "coordinates": [ -63.2327606, -32.4145769, 0.0 ] } },
{ "type": "Feature", "properties": { "id": "paradas_omnibus.196", "paradas": null, "linea": "102", "source_file": "paradas_omnibus" }, "geometry": { "type": "Point", "coordinates": [ -63.2360034, -32.4113865, 0.0 ] } },
{ "type": "Feature", "properties": { "id": "paradas_omnibus.197", "paradas": null, "linea": "102", "source_file": "paradas_omnibus" }, "geometry": { "type": "Point", "coordinates": [ -63.2378098, -32.4093622, 0.0 ] } },
{ "type": "Feature", "properties": { "id": "paradas_omnibus.198", "paradas": null, "linea": "102", "source_file": "paradas_omnibus" }, "geometry": { "type": "Point", "coordinates": [ -63.2395144, -32.4073807, 0.0 ] } },
{ "type": "Feature", "properties": { "id": "paradas_omnibus.199", "paradas": null, "linea": "102", "source_file": "paradas_omnibus" }, "geometry": { "type": "Point", "coordinates": [ -63.241231, -32.4055963, 0.0 ] } },
{ "type": "Feature", "properties": { "id": "paradas_omnibus.200", "paradas": null, "linea": "102", "source_file": "paradas_omnibus" }, "geometry": { "type": "Point", "coordinates": [ -63.2442847, -32.4020896, 0.0 ] } },
{ "type": "Feature", "properties": { "id": "paradas_omnibus.201", "paradas": null, "linea": "102", "source_file": "paradas_omnibus" }, "geometry": { "type": "Point", "coordinates": [ -63.2479254, -32.3989963, 0.0 ] } },
{ "type": "Feature", "properties": { "id": "paradas_omnibus.202", "paradas": null, "linea": "102", "source_file": "paradas_omnibus" }, "geometry": { "type": "Point", "coordinates": [ -63.2523734, -32.4019698, 0.0 ] } },
{ "type": "Feature", "properties": { "id": "paradas_omnibus.203", "paradas": null, "linea": "102", "source_file": "paradas_omnibus" }, "geometry": { "type": "Point", "coordinates": [ -63.2569224, -32.3991477, 0.0 ] } },
{ "type": "Feature", "properties": { "id": "paradas_omnibus.204", "paradas": null, "linea": "102", "source_file": "paradas_omnibus" }, "geometry": { "type": "Point", "coordinates": [ -63.2598353, -32.394614, 0.0 ] } },
{ "type": "Feature", "properties": { "id": "paradas_omnibus.205", "paradas": null, "linea": "102", "source_file": "paradas_omnibus" }, "geometry": { "type": "Point", "coordinates": [ -63.2605491, -32.3825861, 0.0 ] } },
{ "type": "Feature", "properties": { "id": "paradas_omnibus.206", "paradas": null, "linea": "102", "source_file": "paradas_omnibus" }, "geometry": { "type": "Point", "coordinates": [ -63.2459365, -32.3928509, 0.0 ] } },
{ "type": "Feature", "properties": { "id": "paradas_omnibus.207", "paradas": null, "linea": "102", "source_file": "paradas_omnibus" }, "geometry": { "type": "Point", "coordinates": [ -63.2455127, -32.3942415, 0.0 ] } },
{ "type": "Feature", "properties": { "id": "paradas_omnibus.208", "paradas": null, "linea": "102", "source_file": "paradas_omnibus" }, "geometry": { "type": "Point", "coordinates": [ -63.2437693, -32.3952607, 0.0 ] } },
{ "type": "Feature", "properties": { "id": "paradas_omnibus.209", "paradas": null, "linea": "102", "source_file": "paradas_omnibus" }, "geometry": { "type": "Point", "coordinates": [ -63.2445181, -32.3966492, 0.0 ] } },
{ "type": "Feature", "properties": { "id": "paradas_omnibus.210", "paradas": null, "linea": "102", "source_file": "paradas_omnibus" }, "geometry": { "type": "Point", "coordinates": [ -63.2473694, -32.3984349, 0.0 ] } },
{ "type": "Feature", "properties": { "id": "paradas_omnibus.211", "paradas": null, "linea": "102", "source_file": "paradas_omnibus" }, "geometry": { "type": "Point", "coordinates": [ -63.2428166, -32.4046191, 0.0 ] } },
{ "type": "Feature", "properties": { "id": "paradas_omnibus.212", "paradas": null, "linea": "102", "source_file": "paradas_omnibus" }, "geometry": { "type": "Point", "coordinates": [ -63.2446657, -32.4058447, 0.0 ] } },
{ "type": "Feature", "properties": { "id": "paradas_omnibus.213", "paradas": null, "linea": "102", "source_file": "paradas_omnibus" }, "geometry": { "type": "Point", "coordinates": [ -63.2468919, -32.4072623, 0.0 ] } },
{ "type": "Feature", "properties": { "id": "paradas_omnibus.214", "paradas": null, "linea": "102", "source_file": "paradas_omnibus" }, "geometry": { "type": "Point", "coordinates": [ -63.2472792, -32.3987411, 0.0 ] } },
{ "type": "Feature", "properties": { "id": "paradas_omnibus.215", "paradas": null, "linea": "102", "source_file": "paradas_omnibus" }, "geometry": { "type": "Point", "coordinates": [ -63.2581981, -32.3837867, 0.0 ] } },
{ "type": "Feature", "properties": { "id": "paradas_omnibus.216", "paradas": null, "linea": "102", "source_file": "paradas_omnibus" }, "geometry": { "type": "Point", "coordinates": [ -63.2508728, -32.3884527, 0.0 ] } },
{ "type": "Feature", "properties": { "id": "paradas_omnibus.217", "paradas": null, "linea": "102", "source_file": "paradas_omnibus" }, "geometry": { "type": "Point", "coordinates": [ -63.2482818, -32.3913224, 0.0 ] } },
{ "type": "Feature", "properties": { "id": "paradas_omnibus.218", "paradas": null, "linea": "102", "source_file": "paradas_omnibus" }, "geometry": { "type": "Point", "coordinates": [ -63.2443499, -32.4026483, 0.0 ] } },
{ "type": "Feature", "properties": { "id": "paradas_omnibus.219", "paradas": null, "linea": "102", "source_file": "paradas_omnibus" }, "geometry": { "type": "Point", "coordinates": [ -63.2467273, -32.4096915, 0.0 ] } },
{ "type": "Feature", "properties": { "id": "paradas_omnibus.220", "paradas": null, "linea": "103", "source_file": "paradas_omnibus" }, "geometry": { "type": "Point", "coordinates": [ -63.2467983, -32.4095011, 0.0 ] } },
{ "type": "Feature", "properties": { "id": "paradas_omnibus.221", "paradas": null, "linea": "103", "source_file": "paradas_omnibus" }, "geometry": { "type": "Point", "coordinates": [ -63.2432873, -32.413749, 0.0 ] } },
{ "type": "Feature", "properties": { "id": "paradas_omnibus.222", "paradas": null, "linea": "103", "source_file": "paradas_omnibus" }, "geometry": { "type": "Point", "coordinates": [ -63.2410326, -32.4160351, 0.0 ] } },
{ "type": "Feature", "properties": { "id": "paradas_omnibus.223", "paradas": null, "linea": "103", "source_file": "paradas_omnibus" }, "geometry": { "type": "Point", "coordinates": [ -63.2383933, -32.4181047, 0.0 ] } },
{ "type": "Feature", "properties": { "id": "paradas_omnibus.224", "paradas": null, "linea": "103", "source_file": "paradas_omnibus" }, "geometry": { "type": "Point", "coordinates": [ -63.2350888, -32.4166375, 0.0 ] } },
{ "type": "Feature", "properties": { "id": "paradas_omnibus.225", "paradas": null, "linea": "103", "source_file": "paradas_omnibus" }, "geometry": { "type": "Point", "coordinates": [ -63.2327606, -32.4145769, 0.0 ] } },
{ "type": "Feature", "properties": { "id": "paradas_omnibus.226", "paradas": null, "linea": "103", "source_file": "paradas_omnibus" }, "geometry": { "type": "Point", "coordinates": [ -63.2360034, -32.4113865, 0.0 ] } },
{ "type": "Feature", "properties": { "id": "paradas_omnibus.227", "paradas": null, "linea": "103", "source_file": "paradas_omnibus" }, "geometry": { "type": "Point", "coordinates": [ -63.2378098, -32.4093622, 0.0 ] } },
{ "type": "Feature", "properties": { "id": "paradas_omnibus.228", "paradas": null, "linea": "103", "source_file": "paradas_omnibus" }, "geometry": { "type": "Point", "coordinates": [ -63.2395144, -32.4073807, 0.0 ] } },
{ "type": "Feature", "properties": { "id": "paradas_omnibus.229", "paradas": null, "linea": "103", "source_file": "paradas_omnibus" }, "geometry": { "type": "Point", "coordinates": [ -63.241231, -32.4055963, 0.0 ] } },
{ "type": "Feature", "properties": { "id": "paradas_omnibus.230", "paradas": null, "linea": "103", "source_file": "paradas_omnibus" }, "geometry": { "type": "Point", "coordinates": [ -63.2442847, -32.4020896, 0.0 ] } },
{ "type": "Feature", "properties": { "id": "paradas_omnibus.231", "paradas": null, "linea": "103", "source_file": "paradas_omnibus" }, "geometry": { "type": "Point", "coordinates": [ -63.2506291, -32.3952232, 0.0 ] } },
{ "type": "Feature", "properties": { "id": "paradas_omnibus.232", "paradas": null, "linea": "103", "source_file": "paradas_omnibus" }, "geometry": { "type": "Point", "coordinates": [ -63.2527811, -32.3964983, 0.0 ] } },
{ "type": "Feature", "properties": { "id": "paradas_omnibus.233", "paradas": null, "linea": "103", "source_file": "paradas_omnibus" }, "geometry": { "type": "Point", "coordinates": [ -63.2544656, -32.3975084, 0.0 ] } },
{ "type": "Feature", "properties": { "id": "paradas_omnibus.234", "paradas": null, "linea": "103", "source_file": "paradas_omnibus" }, "geometry": { "type": "Point", "coordinates": [ -63.256386, -32.3986948, 0.0 ] } },
{ "type": "Feature", "properties": { "id": "paradas_omnibus.235", "paradas": null, "linea": "103", "source_file": "paradas_omnibus" }, "geometry": { "type": "Point", "coordinates": [ -63.2598353, -32.394614, 0.0 ] } },
{ "type": "Feature", "properties": { "id": "paradas_omnibus.236", "paradas": null, "linea": "103", "source_file": "paradas_omnibus" }, "geometry": { "type": "Point", "coordinates": [ -63.2605491, -32.3825861, 0.0 ] } },
{ "type": "Feature", "properties": { "id": "paradas_omnibus.237", "paradas": null, "linea": "103", "source_file": "paradas_omnibus" }, "geometry": { "type": "Point", "coordinates": [ -63.2467519, -32.3928328, 0.0 ] } },
{ "type": "Feature", "properties": { "id": "paradas_omnibus.238", "paradas": null, "linea": "103", "source_file": "paradas_omnibus" }, "geometry": { "type": "Point", "coordinates": [ -63.2455127, -32.3942415, 0.0 ] } },
{ "type": "Feature", "properties": { "id": "paradas_omnibus.239", "paradas": null, "linea": "103", "source_file": "paradas_omnibus" }, "geometry": { "type": "Point", "coordinates": [ -63.2437693, -32.3952607, 0.0 ] } },
{ "type": "Feature", "properties": { "id": "paradas_omnibus.240", "paradas": null, "linea": "103", "source_file": "paradas_omnibus" }, "geometry": { "type": "Point", "coordinates": [ -63.2445181, -32.3966492, 0.0 ] } },
{ "type": "Feature", "properties": { "id": "paradas_omnibus.241", "paradas": null, "linea": "103", "source_file": "paradas_omnibus" }, "geometry": { "type": "Point", "coordinates": [ -63.2473694, -32.3984349, 0.0 ] } },
{ "type": "Feature", "properties": { "id": "paradas_omnibus.242", "paradas": null, "linea": "103", "source_file": "paradas_omnibus" }, "geometry": { "type": "Point", "coordinates": [ -63.2428166, -32.4046191, 0.0 ] } },
{ "type": "Feature", "properties": { "id": "paradas_omnibus.243", "paradas": null, "linea": "103", "source_file": "paradas_omnibus" }, "geometry": { "type": "Point", "coordinates": [ -63.2446657, -32.4058447, 0.0 ] } },
{ "type": "Feature", "properties": { "id": "paradas_omnibus.244", "paradas": null, "linea": "103", "source_file": "paradas_omnibus" }, "geometry": { "type": "Point", "coordinates": [ -63.2468919, -32.4072623, 0.0 ] } },
{ "type": "Feature", "properties": { "id": "paradas_omnibus.245", "paradas": null, "linea": "103", "source_file": "paradas_omnibus" }, "geometry": { "type": "Point", "coordinates": [ -63.2472792, -32.3987411, 0.0 ] } },
{ "type": "Feature", "properties": { "id": "paradas_omnibus.246", "paradas": null, "linea": "103", "source_file": "paradas_omnibus" }, "geometry": { "type": "Point", "coordinates": [ -63.2581981, -32.3837867, 0.0 ] } },
{ "type": "Feature", "properties": { "id": "paradas_omnibus.247", "paradas": null, "linea": "103", "source_file": "paradas_omnibus" }, "geometry": { "type": "Point", "coordinates": [ -63.2508728, -32.3884527, 0.0 ] } },
{ "type": "Feature", "properties": { "id": "paradas_omnibus.248", "paradas": null, "linea": "103", "source_file": "paradas_omnibus" }, "geometry": { "type": "Point", "coordinates": [ -63.2482818, -32.3913224, 0.0 ] } },
{ "type": "Feature", "properties": { "id": "paradas_omnibus.249", "paradas": null, "linea": "103", "source_file": "paradas_omnibus" }, "geometry": { "type": "Point", "coordinates": [ -63.2443499, -32.4026483, 0.0 ] } },
{ "type": "Feature", "properties": { "id": "paradas_omnibus.250", "paradas": null, "linea": "104", "source_file": "paradas_omnibus" }, "geometry": { "type": "Point", "coordinates": [ -63.233112, -32.4145103, 0.0 ] } },
{ "type": "Feature", "properties": { "id": "paradas_omnibus.251", "paradas": null, "linea": "104", "source_file": "paradas_omnibus" }, "geometry": { "type": "Point", "coordinates": [ -63.23588, -32.411304, 0.0 ] } },
{ "type": "Feature", "properties": { "id": "paradas_omnibus.252", "paradas": null, "linea": "104", "source_file": "paradas_omnibus" }, "geometry": { "type": "Point", "coordinates": [ -63.2374384, -32.4095717, 0.0 ] } },
{ "type": "Feature", "properties": { "id": "paradas_omnibus.253", "paradas": null, "linea": "104", "source_file": "paradas_omnibus" }, "geometry": { "type": "Point", "coordinates": [ -63.2395628, -32.4073593, 0.0 ] } },
{ "type": "Feature", "properties": { "id": "paradas_omnibus.254", "paradas": null, "linea": "104", "source_file": "paradas_omnibus" }, "geometry": { "type": "Point", "coordinates": [ -63.2412472, -32.4054889, 0.0 ] } },
{ "type": "Feature", "properties": { "id": "paradas_omnibus.255", "paradas": null, "linea": "104", "source_file": "paradas_omnibus" }, "geometry": { "type": "Point", "coordinates": [ -63.2444068, -32.4019448, 0.0 ] } },
{ "type": "Feature", "properties": { "id": "paradas_omnibus.256", "paradas": null, "linea": "104", "source_file": "paradas_omnibus" }, "geometry": { "type": "Point", "coordinates": [ -63.247308, -32.3987081, 0.0 ] } },
{ "type": "Feature", "properties": { "id": "paradas_omnibus.257", "paradas": null, "linea": "104", "source_file": "paradas_omnibus" }, "geometry": { "type": "Point", "coordinates": [ -63.2444924, -32.4025473, 0.0 ] } },
{ "type": "Feature", "properties": { "id": "paradas_omnibus.258", "paradas": null, "linea": "104", "source_file": "paradas_omnibus" }, "geometry": { "type": "Point", "coordinates": [ -63.2418987, -32.4054368, 0.0 ] } },
{ "type": "Feature", "properties": { "id": "paradas_omnibus.259", "paradas": null, "linea": "104", "source_file": "paradas_omnibus" }, "geometry": { "type": "Point", "coordinates": [ -63.2404799, -32.407022, 0.0 ] } },
{ "type": "Feature", "properties": { "id": "paradas_omnibus.260", "paradas": null, "linea": "104", "source_file": "paradas_omnibus" }, "geometry": { "type": "Point", "coordinates": [ -63.2372612, -32.4107719, 0.0 ] } },
{ "type": "Feature", "properties": { "id": "paradas_omnibus.261", "paradas": null, "linea": "104", "source_file": "paradas_omnibus" }, "geometry": { "type": "Point", "coordinates": [ -63.2354588, -32.412837, 0.0 ] } },
{ "type": "Feature", "properties": { "id": "paradas_omnibus.262", "paradas": null, "linea": "104", "source_file": "paradas_omnibus" }, "geometry": { "type": "Point", "coordinates": [ -63.2336214, -32.41483, 0.0 ] } },
{ "type": "Feature", "properties": { "id": "paradas_omnibus.263", "paradas": null, "linea": "104", "source_file": "paradas_omnibus" }, "geometry": { "type": "Point", "coordinates": [ -63.260625, -32.3826646, 0.0 ] } },
{ "type": "Feature", "properties": { "id": "paradas_omnibus.264", "paradas": null, "linea": "104", "source_file": "paradas_omnibus" }, "geometry": { "type": "Point", "coordinates": [ -63.2476148, -32.3988983, 0.0 ] } },
{ "type": "Feature", "properties": { "id": "paradas_omnibus.265", "paradas": "Centro de  Transferencia", "linea": "12", "source_file": "paradas_omnibus" }, "geometry": { "type": "Point", "coordinates": [ -63.2461354, -32.4103727, 0.0 ] } },
{ "type": "Feature", "properties": { "id": "paradas_omnibus.266", "paradas": "jose ingnieros", "linea": "12", "source_file": "paradas_omnibus" }, "geometry": { "type": "Point", "coordinates": [ -63.2428492, -32.4093765, 0.0 ] } },
{ "type": "Feature", "properties": { "id": "paradas_omnibus.267", "paradas": "Lisandro catamarca", "linea": "12", "source_file": "paradas_omnibus" }, "geometry": { "type": "Point", "coordinates": [ -63.2431897, -32.4075495, 0.0 ] } },
{ "type": "Feature", "properties": { "id": "paradas_omnibus.268", "paradas": "san juan españa", "linea": "12", "source_file": "paradas_omnibus" }, "geometry": { "type": "Point", "coordinates": [ -63.2417655, -32.4056716, 0.0 ] } },
{ "type": "Feature", "properties": { "id": "paradas_omnibus.269", "paradas": "san juan planes", "linea": "12", "source_file": "paradas_omnibus" }, "geometry": { "type": "Point", "coordinates": [ -63.2382291, -32.4034395, 0.0 ] } },
{ "type": "Feature", "properties": { "id": "paradas_omnibus.270", "paradas": "salta y planes", "linea": "12", "source_file": "paradas_omnibus" }, "geometry": { "type": "Point", "coordinates": [ -63.239609, -32.4013848, 0.0 ] } },
{ "type": "Feature", "properties": { "id": "paradas_omnibus.271", "paradas": "planes y velez", "linea": "12", "source_file": "paradas_omnibus" }, "geometry": { "type": "Point", "coordinates": [ -63.2414605, -32.3993718, 0.0 ] } },
{ "type": "Feature", "properties": { "id": "paradas_omnibus.272", "paradas": "L y Planes-Tte. Ibañez", "linea": "12", "source_file": "paradas_omnibus" }, "geometry": { "type": "Point", "coordinates": [ -63.243127, -32.3977451, 0.0 ] } },
{ "type": "Feature", "properties": { "id": "paradas_omnibus.273", "paradas": "independencia ibanez", "linea": "12", "source_file": "paradas_omnibus" }, "geometry": { "type": "Point", "coordinates": [ -63.2413613, -32.3965399, 0.0 ] } },
{ "type": "Feature", "properties": { "id": "paradas_omnibus.274", "paradas": "ibanes y arines", "linea": "12", "source_file": "paradas_omnibus" }, "geometry": { "type": "Point", "coordinates": [ -63.2392938, -32.3952297, 0.0 ] } },
{ "type": "Feature", "properties": { "id": "paradas_omnibus.275", "paradas": "ibanez y poretti", "linea": "12", "source_file": "paradas_omnibus" }, "geometry": { "type": "Point", "coordinates": [ -63.2361979, -32.3932048, 0.0 ] } },
{ "type": "Feature", "properties": { "id": "paradas_omnibus.276", "paradas": "Tte. Ibañez-Int. Reyno", "linea": "12", "source_file": "paradas_omnibus" }, "geometry": { "type": "Point", "coordinates": [ -63.2341575, -32.3918847, 0.0 ] } },
{ "type": "Feature", "properties": { "id": "paradas_omnibus.277", "paradas": "reyno y velez", "linea": "12", "source_file": "paradas_omnibus" }, "geometry": { "type": "Point", "coordinates": [ -63.2317685, -32.394595, 0.0 ] } },
{ "type": "Feature", "properties": { "id": "paradas_omnibus.278", "paradas": "reyno y rioja", "linea": "12", "source_file": "paradas_omnibus" }, "geometry": { "type": "Point", "coordinates": [ -63.230136, -32.3964646, 0.0 ] } },
{ "type": "Feature", "properties": { "id": "paradas_omnibus.279", "paradas": "reyno y catamarca", "linea": "12", "source_file": "paradas_omnibus" }, "geometry": { "type": "Point", "coordinates": [ -63.2284648, -32.3983443, 0.0 ] } },
{ "type": "Feature", "properties": { "id": "paradas_omnibus.280", "paradas": "Int. Reyno-Bs. As.", "linea": "12", "source_file": "paradas_omnibus" }, "geometry": { "type": "Point", "coordinates": [ -63.2267726, -32.4001996, 0.0 ] } },
{ "type": "Feature", "properties": { "id": "paradas_omnibus.281", "paradas": "bsas y monteagudo", "linea": "12", "source_file": "paradas_omnibus" }, "geometry": { "type": "Point", "coordinates": [ -63.2245782, -32.3991876, 0.0 ] } },
{ "type": "Feature", "properties": { "id": "paradas_omnibus.282", "paradas": "Bs. As. - M. Gilli", "linea": "12", "source_file": "paradas_omnibus" }, "geometry": { "type": "Point", "coordinates": [ -63.2214162, -32.3971192, 0.0 ] } },
{ "type": "Feature", "properties": { "id": "paradas_omnibus.283", "paradas": "ferrary y catamarca", "linea": "12", "source_file": "paradas_omnibus" }, "geometry": { "type": "Point", "coordinates": [ -63.2224614, -32.3949873, 0.0 ] } },
{ "type": "Feature", "properties": { "id": "paradas_omnibus.284", "paradas": "catamarca y sarno", "linea": "12", "source_file": "paradas_omnibus" }, "geometry": { "type": "Point", "coordinates": [ -63.2235594, -32.3953502, 0.0 ] } },
{ "type": "Feature", "properties": { "id": "paradas_omnibus.285", "paradas": "sarno y bsas", "linea": "12", "source_file": "paradas_omnibus" }, "geometry": { "type": "Point", "coordinates": [ -63.2221281, -32.3972719, 0.0 ] } },
{ "type": "Feature", "properties": { "id": "paradas_omnibus.286", "paradas": "Brandsen-Entre Rios", "linea": "12", "source_file": "paradas_omnibus" }, "geometry": { "type": "Point", "coordinates": [ -63.225898, -32.4019638, 0.0 ] } },
{ "type": "Feature", "properties": { "id": "paradas_omnibus.287", "paradas": "mendoza y gorriti", "linea": "12", "source_file": "paradas_omnibus" }, "geometry": { "type": "Point", "coordinates": [ -63.22266, -32.4026749, 0.0 ] } },
{ "type": "Feature", "properties": { "id": "paradas_omnibus.288", "paradas": "perazzolo y tucuman", "linea": "12", "source_file": "paradas_omnibus" }, "geometry": { "type": "Point", "coordinates": [ -63.2199027, -32.4018959, 0.0 ] } },
{ "type": "Feature", "properties": { "id": "paradas_omnibus.289", "paradas": "Perazzolo y santiago", "linea": "12", "source_file": "paradas_omnibus" }, "geometry": { "type": "Point", "coordinates": [ -63.2181565, -32.4038004, 0.0 ] } },
{ "type": "Feature", "properties": { "id": "paradas_omnibus.290", "paradas": "sarmiento y perazzolo", "linea": "12", "source_file": "paradas_omnibus" }, "geometry": { "type": "Point", "coordinates": [ -63.2173099, -32.4051836, 0.0 ] } },
{ "type": "Feature", "properties": { "id": "paradas_omnibus.291", "paradas": "sarmiento y gorriti", "linea": "12", "source_file": "paradas_omnibus" }, "geometry": { "type": "Point", "coordinates": [ -63.2191984, -32.4063874, 0.0 ] } },
{ "type": "Feature", "properties": { "id": "paradas_omnibus.292", "paradas": "brandsen y santiago", "linea": "12", "source_file": "paradas_omnibus" }, "geometry": { "type": "Point", "coordinates": [ -63.2216177, -32.4063392, 0.0 ] } },
{ "type": "Feature", "properties": { "id": "paradas_omnibus.293", "paradas": "brandsen y mendoza", "linea": "12", "source_file": "paradas_omnibus" }, "geometry": { "type": "Point", "coordinates": [ -63.2240166, -32.4036843, 0.0 ] } },
{ "type": "Feature", "properties": { "id": "paradas_omnibus.294", "paradas": "mendoza y 17 de agosto", "linea": "12", "source_file": "paradas_omnibus" }, "geometry": { "type": "Point", "coordinates": [ -63.2266765, -32.4050357, 0.0 ] } },
{ "type": "Feature", "properties": { "id": "paradas_omnibus.295", "paradas": "mendoza y ruta pesada", "linea": "12", "source_file": "paradas_omnibus" }, "geometry": { "type": "Point", "coordinates": [ -63.2287186, -32.4063701, 0.0 ] } },
{ "type": "Feature", "properties": { "id": "paradas_omnibus.296", "paradas": "Bs. As.-Int. Peña", "linea": "12", "source_file": "paradas_omnibus" }, "geometry": { "type": "Point", "coordinates": [ -63.2320745, -32.4038568, 0.0 ] } },
{ "type": "Feature", "properties": { "id": "paradas_omnibus.297", "paradas": "bsas y planes", "linea": "12", "source_file": "paradas_omnibus" }, "geometry": { "type": "Point", "coordinates": [ -63.2354701, -32.4060276, 0.0 ] } },
{ "type": "Feature", "properties": { "id": "paradas_omnibus.298", "paradas": "Bs. As-España", "linea": "12", "source_file": "paradas_omnibus" }, "geometry": { "type": "Point", "coordinates": [ -63.2387726, -32.408118, 0.0 ] } },
{ "type": "Feature", "properties": { "id": "paradas_omnibus.299", "paradas": "Bv. España-Catamarca", "linea": "12", "source_file": "paradas_omnibus" }, "geometry": { "type": "Point", "coordinates": [ -63.2410489, -32.406495, 0.0 ] } },
{ "type": "Feature", "properties": { "id": "paradas_omnibus.300", "paradas": "catamarca y lisandro", "linea": "12", "source_file": "paradas_omnibus" }, "geometry": { "type": "Point", "coordinates": [ -63.2433461, -32.4079274, 0.0 ] } },
{ "type": "Feature", "properties": { "id": "paradas_omnibus.301", "paradas": null, "linea": "13", "source_file": "paradas_omnibus" }, "geometry": { "type": "Point", "coordinates": [ -63.2462176, -32.4100772, 0.0 ] } },
{ "type": "Feature", "properties": { "id": "paradas_omnibus.302", "paradas": null, "linea": "13", "source_file": "paradas_omnibus" }, "geometry": { "type": "Point", "coordinates": [ -63.2430406, -32.409523, 0.0 ] } },
{ "type": "Feature", "properties": { "id": "paradas_omnibus.303", "paradas": null, "linea": "13", "source_file": "paradas_omnibus" }, "geometry": { "type": "Point", "coordinates": [ -63.2430715, -32.4077386, 0.0 ] } },
{ "type": "Feature", "properties": { "id": "paradas_omnibus.304", "paradas": null, "linea": "13", "source_file": "paradas_omnibus" }, "geometry": { "type": "Point", "coordinates": [ -63.2418846, -32.4057345, 0.0 ] } },
{ "type": "Feature", "properties": { "id": "paradas_omnibus.305", "paradas": null, "linea": "13", "source_file": "paradas_omnibus" }, "geometry": { "type": "Point", "coordinates": [ -63.2382181, -32.403436, 0.0 ] } },
{ "type": "Feature", "properties": { "id": "paradas_omnibus.306", "paradas": null, "linea": "13", "source_file": "paradas_omnibus" }, "geometry": { "type": "Point", "coordinates": [ -63.235949, -32.401973, 0.0 ] } },
{ "type": "Feature", "properties": { "id": "paradas_omnibus.307", "paradas": null, "linea": "13", "source_file": "paradas_omnibus" }, "geometry": { "type": "Point", "coordinates": [ -63.2330361, -32.400116, 0.0 ] } },
{ "type": "Feature", "properties": { "id": "paradas_omnibus.308", "paradas": null, "linea": "13", "source_file": "paradas_omnibus" }, "geometry": { "type": "Point", "coordinates": [ -63.228082, -32.3982468, 0.0 ] } },
{ "type": "Feature", "properties": { "id": "paradas_omnibus.309", "paradas": null, "linea": "13", "source_file": "paradas_omnibus" }, "geometry": { "type": "Point", "coordinates": [ -63.2245361, -32.3991527, 0.0 ] } },
{ "type": "Feature", "properties": { "id": "paradas_omnibus.310", "paradas": null, "linea": "13", "source_file": "paradas_omnibus" }, "geometry": { "type": "Point", "coordinates": [ -63.2214569, -32.3971303, 0.0 ] } },
{ "type": "Feature", "properties": { "id": "paradas_omnibus.311", "paradas": null, "linea": "13", "source_file": "paradas_omnibus" }, "geometry": { "type": "Point", "coordinates": [ -63.2224933, -32.3949648, 0.0 ] } },
{ "type": "Feature", "properties": { "id": "paradas_omnibus.312", "paradas": null, "linea": "13", "source_file": "paradas_omnibus" }, "geometry": { "type": "Point", "coordinates": [ -63.2235273, -32.3953486, 0.0 ] } },
{ "type": "Feature", "properties": { "id": "paradas_omnibus.313", "paradas": null, "linea": "13", "source_file": "paradas_omnibus" }, "geometry": { "type": "Point", "coordinates": [ -63.226065, -32.3968547, 0.0 ] } },
{ "type": "Feature", "properties": { "id": "paradas_omnibus.314", "paradas": null, "linea": "13", "source_file": "paradas_omnibus" }, "geometry": { "type": "Point", "coordinates": [ -63.2296252, -32.3966569, 0.0 ] } },
{ "type": "Feature", "properties": { "id": "paradas_omnibus.315", "paradas": null, "linea": "13", "source_file": "paradas_omnibus" }, "geometry": { "type": "Point", "coordinates": [ -63.2323369, -32.3935926, 0.0 ] } },
{ "type": "Feature", "properties": { "id": "paradas_omnibus.316", "paradas": null, "linea": "13", "source_file": "paradas_omnibus" }, "geometry": { "type": "Point", "coordinates": [ -63.2335534, -32.3922458, 0.0 ] } },
{ "type": "Feature", "properties": { "id": "paradas_omnibus.317", "paradas": null, "linea": "13", "source_file": "paradas_omnibus" }, "geometry": { "type": "Point", "coordinates": [ -63.2361282, -32.3929841, 0.0 ] } },
{ "type": "Feature", "properties": { "id": "paradas_omnibus.318", "paradas": null, "linea": "13", "source_file": "paradas_omnibus" }, "geometry": { "type": "Point", "coordinates": [ -63.2409656, -32.3947167, 0.0 ] } },
{ "type": "Feature", "properties": { "id": "paradas_omnibus.319", "paradas": null, "linea": "13", "source_file": "paradas_omnibus" }, "geometry": { "type": "Point", "coordinates": [ -63.2379588, -32.4016377, 0.0 ] } },
{ "type": "Feature", "properties": { "id": "paradas_omnibus.320", "paradas": null, "linea": "13", "source_file": "paradas_omnibus" }, "geometry": { "type": "Point", "coordinates": [ -63.2428351, -32.4046621, 0.0 ] } },
{ "type": "Feature", "properties": { "id": "paradas_omnibus.321", "paradas": null, "linea": "13", "source_file": "paradas_omnibus" }, "geometry": { "type": "Point", "coordinates": [ -63.2447207, -32.4059042, 0.0 ] } },
{ "type": "Feature", "properties": { "id": "paradas_omnibus.322", "paradas": null, "linea": "13", "source_file": "paradas_omnibus" }, "geometry": { "type": "Point", "coordinates": [ -63.2468396, -32.4072584, 0.0 ] } },
{ "type": "Feature", "properties": { "id": "paradas_omnibus.323", "paradas": null, "linea": "13", "source_file": "paradas_omnibus" }, "geometry": { "type": "Point", "coordinates": [ -63.2300304, -32.40264, 0.0 ] } },
{ "type": "Feature", "properties": { "id": "paradas_omnibus.324", "paradas": null, "linea": "13", "source_file": "paradas_omnibus" }, "geometry": { "type": "Point", "coordinates": [ -63.2270838, -32.4007535, 0.0 ] } },
{ "type": "Feature", "properties": { "id": "paradas_omnibus.325", "paradas": null, "linea": "13", "source_file": "paradas_omnibus" }, "geometry": { "type": "Point", "coordinates": [ -63.2397044, -32.3964816, 0.0 ] } },
{ "type": "Feature", "properties": { "id": "paradas_omnibus.326", "paradas": null, "linea": "13", "source_file": "paradas_omnibus" }, "geometry": { "type": "Point", "coordinates": [ -63.2415323, -32.3978158, 0.0 ] } },
{ "type": "Feature", "properties": { "id": "paradas_omnibus.327", "paradas": null, "linea": "13", "source_file": "paradas_omnibus" }, "geometry": { "type": "Point", "coordinates": [ -63.2394552, -32.4000334, 0.0 ] } },
{ "type": "Feature", "properties": { "id": "paradas_omnibus.328", "paradas": null, "linea": "13", "source_file": "paradas_omnibus" }, "geometry": { "type": "Point", "coordinates": [ -63.2421597, -32.3873098, 0.0 ] } },
{ "type": "Feature", "properties": { "id": "paradas_omnibus.329", "paradas": null, "linea": "13", "source_file": "paradas_omnibus" }, "geometry": { "type": "Point", "coordinates": [ -63.2412972, -32.3912204, 0.0 ] } },
{ "type": "Feature", "properties": { "id": "paradas_omnibus.330", "paradas": null, "linea": "13", "source_file": "paradas_omnibus" }, "geometry": { "type": "Point", "coordinates": [ -63.2461318, -32.410512, 0.0 ] } },
{ "type": "Feature", "properties": { "id": "paradas_omnibus.331", "paradas": null, "linea": "14", "source_file": "paradas_omnibus" }, "geometry": { "type": "Point", "coordinates": [ -63.2435043, -32.4135934, 0.0 ] } },
{ "type": "Feature", "properties": { "id": "paradas_omnibus.332", "paradas": null, "linea": "14", "source_file": "paradas_omnibus" }, "geometry": { "type": "Point", "coordinates": [ -63.2358493, -32.4110645, 0.0 ] } },
{ "type": "Feature", "properties": { "id": "paradas_omnibus.333", "paradas": null, "linea": "14", "source_file": "paradas_omnibus" }, "geometry": { "type": "Point", "coordinates": [ -63.2399153, -32.4135125, 0.0 ] } },
{ "type": "Feature", "properties": { "id": "paradas_omnibus.334", "paradas": null, "linea": "14", "source_file": "paradas_omnibus" }, "geometry": { "type": "Point", "coordinates": [ -63.2467766, -32.4096172, 0.0 ] } },
{ "type": "Feature", "properties": { "id": "paradas_omnibus.335", "paradas": null, "linea": "14", "source_file": "paradas_omnibus" }, "geometry": { "type": "Point", "coordinates": [ -63.2286319, -32.4065162, 0.0 ] } },
{ "type": "Feature", "properties": { "id": "paradas_omnibus.336", "paradas": null, "linea": "14", "source_file": "paradas_omnibus" }, "geometry": { "type": "Point", "coordinates": [ -63.2304987, -32.4076847, 0.0 ] } },
{ "type": "Feature", "properties": { "id": "paradas_omnibus.337", "paradas": null, "linea": "14", "source_file": "paradas_omnibus" }, "geometry": { "type": "Point", "coordinates": [ -63.2267974, -32.4053363, 0.0 ] } },
{ "type": "Feature", "properties": { "id": "paradas_omnibus.338", "paradas": null, "linea": "14", "source_file": "paradas_omnibus" }, "geometry": { "type": "Point", "coordinates": [ -63.224319, -32.4037874, 0.0 ] } },
{ "type": "Feature", "properties": { "id": "paradas_omnibus.339", "paradas": null, "linea": "14", "source_file": "paradas_omnibus" }, "geometry": { "type": "Point", "coordinates": [ -63.2220659, -32.4034431, 0.0 ] } },
{ "type": "Feature", "properties": { "id": "paradas_omnibus.340", "paradas": null, "linea": "14", "source_file": "paradas_omnibus" }, "geometry": { "type": "Point", "coordinates": [ -63.2190297, -32.4022928, 0.0 ] } },
{ "type": "Feature", "properties": { "id": "paradas_omnibus.341", "paradas": null, "linea": "14", "source_file": "paradas_omnibus" }, "geometry": { "type": "Point", "coordinates": [ -63.2210681, -32.4074787, 0.0 ] } },
{ "type": "Feature", "properties": { "id": "paradas_omnibus.342", "paradas": null, "linea": "14", "source_file": "paradas_omnibus" }, "geometry": { "type": "Point", "coordinates": [ -63.2216904, -32.4086291, 0.0 ] } },
{ "type": "Feature", "properties": { "id": "paradas_omnibus.343", "paradas": null, "linea": "14", "source_file": "paradas_omnibus" }, "geometry": { "type": "Point", "coordinates": [ -63.2183967, -32.4086381, 0.0 ] } },
{ "type": "Feature", "properties": { "id": "paradas_omnibus.344", "paradas": null, "linea": "14", "source_file": "paradas_omnibus" }, "geometry": { "type": "Point", "coordinates": [ -63.2154033, -32.4073247, 0.0 ] } },
{ "type": "Feature", "properties": { "id": "paradas_omnibus.345", "paradas": null, "linea": "14", "source_file": "paradas_omnibus" }, "geometry": { "type": "Point", "coordinates": [ -63.2139335, -32.4068447, 0.0 ] } },
{ "type": "Feature", "properties": { "id": "paradas_omnibus.346", "paradas": null, "linea": "14", "source_file": "paradas_omnibus" }, "geometry": { "type": "Point", "coordinates": [ -63.2120452, -32.4068628, 0.0 ] } },
{ "type": "Feature", "properties": { "id": "paradas_omnibus.347", "paradas": null, "linea": "14", "source_file": "paradas_omnibus" }, "geometry": { "type": "Point", "coordinates": [ -63.2118414, -32.4056852, 0.0 ] } },
{ "type": "Feature", "properties": { "id": "paradas_omnibus.348", "paradas": null, "linea": "14", "source_file": "paradas_omnibus" }, "geometry": { "type": "Point", "coordinates": [ -63.214663, -32.4043628, 0.0 ] } },
{ "type": "Feature", "properties": { "id": "paradas_omnibus.349", "paradas": null, "linea": "14", "source_file": "paradas_omnibus" }, "geometry": { "type": "Point", "coordinates": [ -63.2220612, -32.4065233, 0.0 ] } },
{ "type": "Feature", "properties": { "id": "paradas_omnibus.350", "paradas": null, "linea": "14", "source_file": "paradas_omnibus" }, "geometry": { "type": "Point", "coordinates": [ -63.2239172, -32.4039689, 0.0 ] } },
{ "type": "Feature", "properties": { "id": "paradas_omnibus.351", "paradas": null, "linea": "14", "source_file": "paradas_omnibus" }, "geometry": { "type": "Point", "coordinates": [ -63.2266746, -32.4050197, 0.0 ] } },
{ "type": "Feature", "properties": { "id": "paradas_omnibus.352", "paradas": null, "linea": "14", "source_file": "paradas_omnibus" }, "geometry": { "type": "Point", "coordinates": [ -63.2287989, -32.4062697, 0.0 ] } },
{ "type": "Feature", "properties": { "id": "paradas_omnibus.353", "paradas": null, "linea": "14", "source_file": "paradas_omnibus" }, "geometry": { "type": "Point", "coordinates": [ -63.2309983, -32.4077008, 0.0 ] } },
{ "type": "Feature", "properties": { "id": "paradas_omnibus.354", "paradas": null, "linea": "14", "source_file": "paradas_omnibus" }, "geometry": { "type": "Point", "coordinates": [ -63.2327578, -32.4088421, 0.0 ] } },
{ "type": "Feature", "properties": { "id": "paradas_omnibus.355", "paradas": null, "linea": "14", "source_file": "paradas_omnibus" }, "geometry": { "type": "Point", "coordinates": [ -63.2353113, -32.4104997, 0.0 ] } },
{ "type": "Feature", "properties": { "id": "paradas_omnibus.356", "paradas": null, "linea": "14", "source_file": "paradas_omnibus" }, "geometry": { "type": "Point", "coordinates": [ -63.2375214, -32.4096483, 0.0 ] } },
{ "type": "Feature", "properties": { "id": "paradas_omnibus.357", "paradas": null, "linea": "14", "source_file": "paradas_omnibus" }, "geometry": { "type": "Point", "coordinates": [ -63.2395711, -32.40732, 0.0 ] } },
{ "type": "Feature", "properties": { "id": "paradas_omnibus.358", "paradas": null, "linea": "14", "source_file": "paradas_omnibus" }, "geometry": { "type": "Point", "coordinates": [ -63.2426611, -32.4045572, 0.0 ] } },
{ "type": "Feature", "properties": { "id": "paradas_omnibus.359", "paradas": null, "linea": "14", "source_file": "paradas_omnibus" }, "geometry": { "type": "Point", "coordinates": [ -63.2447136, -32.4058456, 0.0 ] } },
{ "type": "Feature", "properties": { "id": "paradas_omnibus.360", "paradas": null, "linea": "14", "source_file": "paradas_omnibus" }, "geometry": { "type": "Point", "coordinates": [ -63.2468486, -32.4072315, 0.0 ] } },
{ "type": "Feature", "properties": { "id": "paradas_omnibus.361", "paradas": null, "linea": "14", "source_file": "paradas_omnibus" }, "geometry": { "type": "Point", "coordinates": [ -63.2329204, -32.4092439, 0.0 ] } },
{ "type": "Feature", "properties": { "id": "paradas_omnibus.362", "paradas": null, "linea": "14", "source_file": "paradas_omnibus" }, "geometry": { "type": "Point", "coordinates": [ -63.2377323, -32.4120925, 0.0 ] } },
{ "type": "Feature", "properties": { "id": "paradas_omnibus.363", "paradas": null, "linea": "14", "source_file": "paradas_omnibus" }, "geometry": { "type": "Point", "coordinates": [ -63.2175277, -32.4039189, 0.0 ] } },
{ "type": "Feature", "properties": { "id": "paradas_omnibus.364", "paradas": null, "linea": "15", "source_file": "paradas_omnibus" }, "geometry": { "type": "Point", "coordinates": [ -63.2430442, -32.4094543, 0.0 ] } },
{ "type": "Feature", "properties": { "id": "paradas_omnibus.365", "paradas": null, "linea": "15", "source_file": "paradas_omnibus" }, "geometry": { "type": "Point", "coordinates": [ -63.241219, -32.4082451, 0.0 ] } },
{ "type": "Feature", "properties": { "id": "paradas_omnibus.366", "paradas": null, "linea": "15", "source_file": "paradas_omnibus" }, "geometry": { "type": "Point", "coordinates": [ -63.237873, -32.411927, 0.0 ] } },
{ "type": "Feature", "properties": { "id": "paradas_omnibus.367", "paradas": null, "linea": "15", "source_file": "paradas_omnibus" }, "geometry": { "type": "Point", "coordinates": [ -63.2350097, -32.4133229, 0.0 ] } },
{ "type": "Feature", "properties": { "id": "paradas_omnibus.368", "paradas": null, "linea": "15", "source_file": "paradas_omnibus" }, "geometry": { "type": "Point", "coordinates": [ -63.2331361, -32.4121308, 0.0 ] } },
{ "type": "Feature", "properties": { "id": "paradas_omnibus.369", "paradas": null, "linea": "15", "source_file": "paradas_omnibus" }, "geometry": { "type": "Point", "coordinates": [ -63.2308562, -32.4113745, 0.0 ] } },
{ "type": "Feature", "properties": { "id": "paradas_omnibus.370", "paradas": null, "linea": "15", "source_file": "paradas_omnibus" }, "geometry": { "type": "Point", "coordinates": [ -63.2288151, -32.4136751, 0.0 ] } },
{ "type": "Feature", "properties": { "id": "paradas_omnibus.371", "paradas": null, "linea": "15", "source_file": "paradas_omnibus" }, "geometry": { "type": "Point", "coordinates": [ -63.2256528, -32.4172662, 0.0 ] } },
{ "type": "Feature", "properties": { "id": "paradas_omnibus.372", "paradas": null, "linea": "15", "source_file": "paradas_omnibus" }, "geometry": { "type": "Point", "coordinates": [ -63.2229653, -32.4166549, 0.0 ] } },
{ "type": "Feature", "properties": { "id": "paradas_omnibus.373", "paradas": null, "linea": "15", "source_file": "paradas_omnibus" }, "geometry": { "type": "Point", "coordinates": [ -63.2209429, -32.4154367, 0.0 ] } },
{ "type": "Feature", "properties": { "id": "paradas_omnibus.374", "paradas": null, "linea": "15", "source_file": "paradas_omnibus" }, "geometry": { "type": "Point", "coordinates": [ -63.2196071, -32.416784, 0.0 ] } },
{ "type": "Feature", "properties": { "id": "paradas_omnibus.375", "paradas": null, "linea": "15", "source_file": "paradas_omnibus" }, "geometry": { "type": "Point", "coordinates": [ -63.2162865, -32.4179523, 0.0 ] } },
{ "type": "Feature", "properties": { "id": "paradas_omnibus.376", "paradas": null, "linea": "15", "source_file": "paradas_omnibus" }, "geometry": { "type": "Point", "coordinates": [ -63.2133106, -32.4185081, 0.0 ] } },
{ "type": "Feature", "properties": { "id": "paradas_omnibus.377", "paradas": null, "linea": "15", "source_file": "paradas_omnibus" }, "geometry": { "type": "Point", "coordinates": [ -63.2100249, -32.4218762, 0.0 ] } },
{ "type": "Feature", "properties": { "id": "paradas_omnibus.378", "paradas": null, "linea": "15", "source_file": "paradas_omnibus" }, "geometry": { "type": "Point", "coordinates": [ -63.2077317, -32.421934, 0.0 ] } },
{ "type": "Feature", "properties": { "id": "paradas_omnibus.379", "paradas": null, "linea": "15", "source_file": "paradas_omnibus" }, "geometry": { "type": "Point", "coordinates": [ -63.2053069, -32.4227015, 0.0 ] } },
{ "type": "Feature", "properties": { "id": "paradas_omnibus.380", "paradas": null, "linea": "15", "source_file": "paradas_omnibus" }, "geometry": { "type": "Point", "coordinates": [ -63.2085564, -32.4227785, 0.0 ] } },
{ "type": "Feature", "properties": { "id": "paradas_omnibus.381", "paradas": null, "linea": "15", "source_file": "paradas_omnibus" }, "geometry": { "type": "Point", "coordinates": [ -63.2097513, -32.4220201, 0.0 ] } },
{ "type": "Feature", "properties": { "id": "paradas_omnibus.382", "paradas": null, "linea": "15", "source_file": "paradas_omnibus" }, "geometry": { "type": "Point", "coordinates": [ -63.2108832, -32.4186102, 0.0 ] } },
{ "type": "Feature", "properties": { "id": "paradas_omnibus.383", "paradas": null, "linea": "15", "source_file": "paradas_omnibus" }, "geometry": { "type": "Point", "coordinates": [ -63.2108805, -32.416261, 0.0 ] } },
{ "type": "Feature", "properties": { "id": "paradas_omnibus.384", "paradas": null, "linea": "15", "source_file": "paradas_omnibus" }, "geometry": { "type": "Point", "coordinates": [ -63.2109073, -32.4139888, 0.0 ] } },
{ "type": "Feature", "properties": { "id": "paradas_omnibus.385", "paradas": null, "linea": "15", "source_file": "paradas_omnibus" }, "geometry": { "type": "Point", "coordinates": [ -63.2120338, -32.413502, 0.0 ] } },
{ "type": "Feature", "properties": { "id": "paradas_omnibus.386", "paradas": null, "linea": "15", "source_file": "paradas_omnibus" }, "geometry": { "type": "Point", "coordinates": [ -63.2133159, -32.4155353, 0.0 ] } },
{ "type": "Feature", "properties": { "id": "paradas_omnibus.387", "paradas": null, "linea": "15", "source_file": "paradas_omnibus" }, "geometry": { "type": "Point", "coordinates": [ -63.2177885, -32.4172924, 0.0 ] } },
{ "type": "Feature", "properties": { "id": "paradas_omnibus.388", "paradas": null, "linea": "15", "source_file": "paradas_omnibus" }, "geometry": { "type": "Point", "coordinates": [ -63.220802, -32.4176626, 0.0 ] } },
{ "type": "Feature", "properties": { "id": "paradas_omnibus.389", "paradas": null, "linea": "15", "source_file": "paradas_omnibus" }, "geometry": { "type": "Point", "coordinates": [ -63.2223416, -32.4184313, 0.0 ] } },
{ "type": "Feature", "properties": { "id": "paradas_omnibus.390", "paradas": null, "linea": "15", "source_file": "paradas_omnibus" }, "geometry": { "type": "Point", "coordinates": [ -63.2239161, -32.416577, 0.0 ] } },
{ "type": "Feature", "properties": { "id": "paradas_omnibus.391", "paradas": null, "linea": "15", "source_file": "paradas_omnibus" }, "geometry": { "type": "Point", "coordinates": [ -63.2256863, -32.4146025, 0.0 ] } },
{ "type": "Feature", "properties": { "id": "paradas_omnibus.392", "paradas": null, "linea": "15", "source_file": "paradas_omnibus" }, "geometry": { "type": "Point", "coordinates": [ -63.2280789, -32.4118718, 0.0 ] } },
{ "type": "Feature", "properties": { "id": "paradas_omnibus.393", "paradas": null, "linea": "15", "source_file": "paradas_omnibus" }, "geometry": { "type": "Point", "coordinates": [ -63.2298839, -32.4098496, 0.0 ] } },
{ "type": "Feature", "properties": { "id": "paradas_omnibus.394", "paradas": null, "linea": "15", "source_file": "paradas_omnibus" }, "geometry": { "type": "Point", "coordinates": [ -63.2312988, -32.4082362, 0.0 ] } },
{ "type": "Feature", "properties": { "id": "paradas_omnibus.395", "paradas": null, "linea": "15", "source_file": "paradas_omnibus" }, "geometry": { "type": "Point", "coordinates": [ -63.2326869, -32.408919, 0.0 ] } },
{ "type": "Feature", "properties": { "id": "paradas_omnibus.396", "paradas": null, "linea": "15", "source_file": "paradas_omnibus" }, "geometry": { "type": "Point", "coordinates": [ -63.2360021, -32.4110294, 0.0 ] } },
{ "type": "Feature", "properties": { "id": "paradas_omnibus.397", "paradas": null, "linea": "15", "source_file": "paradas_omnibus" }, "geometry": { "type": "Point", "coordinates": [ -63.2374558, -32.4097069, 0.0 ] } },
{ "type": "Feature", "properties": { "id": "paradas_omnibus.398", "paradas": null, "linea": "15", "source_file": "paradas_omnibus" }, "geometry": { "type": "Point", "coordinates": [ -63.2394997, -32.4074425, 0.0 ] } },
{ "type": "Feature", "properties": { "id": "paradas_omnibus.399", "paradas": null, "linea": "15", "source_file": "paradas_omnibus" }, "geometry": { "type": "Point", "coordinates": [ -63.2432655, -32.4078727, 0.0 ] } },
{ "type": "Feature", "properties": { "id": "paradas_omnibus.400", "paradas": null, "linea": "15", "source_file": "paradas_omnibus" }, "geometry": { "type": "Point", "coordinates": [ -63.2462297, -32.4102521, 0.0 ] } },
{ "type": "Feature", "properties": { "id": "paradas_omnibus.401", "paradas": null, "linea": "15", "source_file": "paradas_omnibus" }, "geometry": { "type": "Point", "coordinates": [ -63.2395932, -32.4100233, 0.0 ] } },
{ "type": "Feature", "properties": { "id": "paradas_omnibus.402", "paradas": null, "linea": "15", "source_file": "paradas_omnibus" }, "geometry": { "type": "Point", "coordinates": [ -63.2273965, -32.4152647, 0.0 ] } },
{ "type": "Feature", "properties": { "id": "paradas_omnibus.1", "paradas": null, "linea": "16", "source_file": "paradas_omnibus" }, "geometry": { "type": "Point", "coordinates": [ -63.2431998, -32.4137368, 0.0 ] } },
{ "type": "Feature", "properties": { "id": "paradas_omnibus.2", "paradas": null, "linea": "16", "source_file": "paradas_omnibus" }, "geometry": { "type": "Point", "coordinates": [ -63.2410004, -32.4159059, 0.0 ] } },
{ "type": "Feature", "properties": { "id": "paradas_omnibus.3", "paradas": null, "linea": "16", "source_file": "paradas_omnibus" }, "geometry": { "type": "Point", "coordinates": [ -63.2361027, -32.4139971, 0.0 ] } },
{ "type": "Feature", "properties": { "id": "paradas_omnibus.4", "paradas": null, "linea": "16", "source_file": "paradas_omnibus" }, "geometry": { "type": "Point", "coordinates": [ -63.2334982, -32.4148418, 0.0 ] } },
{ "type": "Feature", "properties": { "id": "paradas_omnibus.5", "paradas": null, "linea": "16", "source_file": "paradas_omnibus" }, "geometry": { "type": "Point", "coordinates": [ -63.2285897, -32.4126929, 0.0 ] } },
{ "type": "Feature", "properties": { "id": "paradas_omnibus.6", "paradas": null, "linea": "16", "source_file": "paradas_omnibus" }, "geometry": { "type": "Point", "coordinates": [ -63.2261301, -32.4110467, 0.0 ] } },
{ "type": "Feature", "properties": { "id": "paradas_omnibus.7", "paradas": null, "linea": "16", "source_file": "paradas_omnibus" }, "geometry": { "type": "Point", "coordinates": [ -63.2240809, -32.4100005, 0.0 ] } },
{ "type": "Feature", "properties": { "id": "paradas_omnibus.8", "paradas": null, "linea": "16", "source_file": "paradas_omnibus" }, "geometry": { "type": "Point", "coordinates": [ -63.2216241, -32.4095703, 0.0 ] } },
{ "type": "Feature", "properties": { "id": "paradas_omnibus.9", "paradas": null, "linea": "16", "source_file": "paradas_omnibus" }, "geometry": { "type": "Point", "coordinates": [ -63.218215, -32.4086871, 0.0 ] } },
{ "type": "Feature", "properties": { "id": "paradas_omnibus.10", "paradas": null, "linea": "16", "source_file": "paradas_omnibus" }, "geometry": { "type": "Point", "coordinates": [ -63.2154079, -32.4073003, 0.0 ] } },
{ "type": "Feature", "properties": { "id": "paradas_omnibus.11", "paradas": null, "linea": "16", "source_file": "paradas_omnibus" }, "geometry": { "type": "Point", "coordinates": [ -63.2138308, -32.4068926, 0.0 ] } },
{ "type": "Feature", "properties": { "id": "paradas_omnibus.12", "paradas": null, "linea": "16", "source_file": "paradas_omnibus" }, "geometry": { "type": "Point", "coordinates": [ -63.2121196, -32.4068972, 0.0 ] } },
{ "type": "Feature", "properties": { "id": "paradas_omnibus.13", "paradas": null, "linea": "16", "source_file": "paradas_omnibus" }, "geometry": { "type": "Point", "coordinates": [ -63.2119854, -32.4083691, 0.0 ] } },
{ "type": "Feature", "properties": { "id": "paradas_omnibus.14", "paradas": null, "linea": "16", "source_file": "paradas_omnibus" }, "geometry": { "type": "Point", "coordinates": [ -63.2114168, -32.4107151, 0.0 ] } },
{ "type": "Feature", "properties": { "id": "paradas_omnibus.15", "paradas": null, "linea": "16", "source_file": "paradas_omnibus" }, "geometry": { "type": "Point", "coordinates": [ -63.212184, -32.4134731, 0.0 ] } },
{ "type": "Feature", "properties": { "id": "paradas_omnibus.16", "paradas": null, "linea": "16", "source_file": "paradas_omnibus" }, "geometry": { "type": "Point", "coordinates": [ -63.2163615, -32.4110785, 0.0 ] } },
{ "type": "Feature", "properties": { "id": "paradas_omnibus.17", "paradas": null, "linea": "16", "source_file": "paradas_omnibus" }, "geometry": { "type": "Point", "coordinates": [ -63.221876, -32.4087145, 0.0 ] } },
{ "type": "Feature", "properties": { "id": "paradas_omnibus.18", "paradas": null, "linea": "16", "source_file": "paradas_omnibus" }, "geometry": { "type": "Point", "coordinates": [ -63.2242348, -32.4095558, 0.0 ] } },
{ "type": "Feature", "properties": { "id": "paradas_omnibus.19", "paradas": null, "linea": "16", "source_file": "paradas_omnibus" }, "geometry": { "type": "Point", "coordinates": [ -63.226241, -32.4106699, 0.0 ] } },
{ "type": "Feature", "properties": { "id": "paradas_omnibus.20", "paradas": null, "linea": "16", "source_file": "paradas_omnibus" }, "geometry": { "type": "Point", "coordinates": [ -63.2289554, -32.4123183, 0.0 ] } },
{ "type": "Feature", "properties": { "id": "paradas_omnibus.21", "paradas": null, "linea": "16", "source_file": "paradas_omnibus" }, "geometry": { "type": "Point", "coordinates": [ -63.233129, -32.4145464, 0.0 ] } },
{ "type": "Feature", "properties": { "id": "paradas_omnibus.22", "paradas": null, "linea": "16", "source_file": "paradas_omnibus" }, "geometry": { "type": "Point", "coordinates": [ -63.2367982, -32.4128074, 0.0 ] } },
{ "type": "Feature", "properties": { "id": "paradas_omnibus.23", "paradas": null, "linea": "16", "source_file": "paradas_omnibus" }, "geometry": { "type": "Point", "coordinates": [ -63.239251, -32.4121135, 0.0 ] } },
{ "type": "Feature", "properties": { "id": "paradas_omnibus.24", "paradas": null, "linea": "16", "source_file": "paradas_omnibus" }, "geometry": { "type": "Point", "coordinates": [ -63.2410105, -32.4102024, 0.0 ] } },
{ "type": "Feature", "properties": { "id": "paradas_omnibus.25", "paradas": null, "linea": "16", "source_file": "paradas_omnibus" }, "geometry": { "type": "Point", "coordinates": [ -63.2432099, -32.4080013, 0.0 ] } },
{ "type": "Feature", "properties": { "id": "paradas_omnibus.26", "paradas": null, "linea": "16", "source_file": "paradas_omnibus" }, "geometry": { "type": "Point", "coordinates": [ -63.2458886, -32.4104127, 0.0 ] } },
{ "type": "Feature", "properties": { "id": "paradas_omnibus.27", "paradas": null, "linea": "16", "source_file": "paradas_omnibus" }, "geometry": { "type": "Point", "coordinates": [ -63.2110709, -32.4126917, 0.0 ] } },
{ "type": "Feature", "properties": { "id": "paradas_omnibus.28", "paradas": null, "linea": "16", "source_file": "paradas_omnibus" }, "geometry": { "type": "Point", "coordinates": [ -63.2146652, -32.4128208, 0.0 ] } },
{ "type": "Feature", "properties": { "id": "paradas_omnibus.29", "paradas": null, "linea": "16", "source_file": "paradas_omnibus" }, "geometry": { "type": "Point", "coordinates": [ -63.218431, -32.4088083, 0.0 ] } },
{ "type": "Feature", "properties": { "id": "paradas_omnibus.30", "paradas": null, "linea": "16 B", "source_file": "paradas_omnibus" }, "geometry": { "type": "Point", "coordinates": [ -63.2431955, -32.4136788, 0.0 ] } },
{ "type": "Feature", "properties": { "id": "paradas_omnibus.31", "paradas": null, "linea": "16 B", "source_file": "paradas_omnibus" }, "geometry": { "type": "Point", "coordinates": [ -63.2410006, -32.4159847, 0.0 ] } },
{ "type": "Feature", "properties": { "id": "paradas_omnibus.32", "paradas": null, "linea": "16 B", "source_file": "paradas_omnibus" }, "geometry": { "type": "Point", "coordinates": [ -63.2360814, -32.4140872, 0.0 ] } },
{ "type": "Feature", "properties": { "id": "paradas_omnibus.33", "paradas": null, "linea": "16 B", "source_file": "paradas_omnibus" }, "geometry": { "type": "Point", "coordinates": [ -63.2335279, -32.4149431, 0.0 ] } },
{ "type": "Feature", "properties": { "id": "paradas_omnibus.34", "paradas": null, "linea": "16 B", "source_file": "paradas_omnibus" }, "geometry": { "type": "Point", "coordinates": [ -63.2284827, -32.4127128, 0.0 ] } },
{ "type": "Feature", "properties": { "id": "paradas_omnibus.35", "paradas": null, "linea": "16 B", "source_file": "paradas_omnibus" }, "geometry": { "type": "Point", "coordinates": [ -63.2260981, -32.4110575, 0.0 ] } },
{ "type": "Feature", "properties": { "id": "paradas_omnibus.36", "paradas": null, "linea": "16 B", "source_file": "paradas_omnibus" }, "geometry": { "type": "Point", "coordinates": [ -63.2240812, -32.4099072, 0.0 ] } },
{ "type": "Feature", "properties": { "id": "paradas_omnibus.37", "paradas": null, "linea": "16 B", "source_file": "paradas_omnibus" }, "geometry": { "type": "Point", "coordinates": [ -63.221989, -32.4084307, 0.0 ] } },
{ "type": "Feature", "properties": { "id": "paradas_omnibus.38", "paradas": null, "linea": "16 B", "source_file": "paradas_omnibus" }, "geometry": { "type": "Point", "coordinates": [ -63.2170538, -32.4052446, 0.0 ] } },
{ "type": "Feature", "properties": { "id": "paradas_omnibus.39", "paradas": null, "linea": "16 B", "source_file": "paradas_omnibus" }, "geometry": { "type": "Point", "coordinates": [ -63.2145312, -32.4055073, 0.0 ] } },
{ "type": "Feature", "properties": { "id": "paradas_omnibus.40", "paradas": null, "linea": "16 B", "source_file": "paradas_omnibus" }, "geometry": { "type": "Point", "coordinates": [ -63.2146129, -32.4066078, 0.0 ] } },
{ "type": "Feature", "properties": { "id": "paradas_omnibus.41", "paradas": null, "linea": "16 B", "source_file": "paradas_omnibus" }, "geometry": { "type": "Point", "coordinates": [ -63.2160409, -32.407651, 0.0 ] } },
{ "type": "Feature", "properties": { "id": "paradas_omnibus.42", "paradas": null, "linea": "16 B", "source_file": "paradas_omnibus" }, "geometry": { "type": "Point", "coordinates": [ -63.218537, -32.4084874, 0.0 ] } },
{ "type": "Feature", "properties": { "id": "paradas_omnibus.43", "paradas": null, "linea": "16 B", "source_file": "paradas_omnibus" }, "geometry": { "type": "Point", "coordinates": [ -63.2163979, -32.4114413, 0.0 ] } },
{ "type": "Feature", "properties": { "id": "paradas_omnibus.44", "paradas": null, "linea": "16 B", "source_file": "paradas_omnibus" }, "geometry": { "type": "Point", "coordinates": [ -63.2149912, -32.413066, 0.0 ] } },
{ "type": "Feature", "properties": { "id": "paradas_omnibus.45", "paradas": null, "linea": "16 B", "source_file": "paradas_omnibus" }, "geometry": { "type": "Point", "coordinates": [ -63.2111744, -32.4128826, 0.0 ] } },
{ "type": "Feature", "properties": { "id": "paradas_omnibus.46", "paradas": null, "linea": "16 B", "source_file": "paradas_omnibus" }, "geometry": { "type": "Point", "coordinates": [ -63.2123492, -32.4135212, 0.0 ] } },
{ "type": "Feature", "properties": { "id": "paradas_omnibus.47", "paradas": null, "linea": "16 B", "source_file": "paradas_omnibus" }, "geometry": { "type": "Point", "coordinates": [ -63.2145889, -32.4140238, 0.0 ] } },
{ "type": "Feature", "properties": { "id": "paradas_omnibus.48", "paradas": null, "linea": "16 B", "source_file": "paradas_omnibus" }, "geometry": { "type": "Point", "coordinates": [ -63.2154727, -32.4160616, 0.0 ] } },
{ "type": "Feature", "properties": { "id": "paradas_omnibus.49", "paradas": null, "linea": "16 B", "source_file": "paradas_omnibus" }, "geometry": { "type": "Point", "coordinates": [ -63.2178638, -32.417282, 0.0 ] } },
{ "type": "Feature", "properties": { "id": "paradas_omnibus.50", "paradas": null, "linea": "16 B", "source_file": "paradas_omnibus" }, "geometry": { "type": "Point", "coordinates": [ -63.2216646, -32.4141211, 0.0 ] } },
{ "type": "Feature", "properties": { "id": "paradas_omnibus.51", "paradas": null, "linea": "16 B", "source_file": "paradas_omnibus" }, "geometry": { "type": "Point", "coordinates": [ -63.2260489, -32.410682, 0.0 ] } },
{ "type": "Feature", "properties": { "id": "paradas_omnibus.52", "paradas": null, "linea": "16 B", "source_file": "paradas_omnibus" }, "geometry": { "type": "Point", "coordinates": [ -63.2288572, -32.4124075, 0.0 ] } },
{ "type": "Feature", "properties": { "id": "paradas_omnibus.53", "paradas": null, "linea": "16 B", "source_file": "paradas_omnibus" }, "geometry": { "type": "Point", "coordinates": [ -63.2327512, -32.414477, 0.0 ] } },
{ "type": "Feature", "properties": { "id": "paradas_omnibus.54", "paradas": null, "linea": "16 B", "source_file": "paradas_omnibus" }, "geometry": { "type": "Point", "coordinates": [ -63.2379946, -32.4179323, 0.0 ] } },
{ "type": "Feature", "properties": { "id": "paradas_omnibus.55", "paradas": null, "linea": "16 B", "source_file": "paradas_omnibus" }, "geometry": { "type": "Point", "coordinates": [ -63.2410898, -32.4186794, 0.0 ] } },
{ "type": "Feature", "properties": { "id": "paradas_omnibus.56", "paradas": null, "linea": "16 B", "source_file": "paradas_omnibus" }, "geometry": { "type": "Point", "coordinates": [ -63.2435682, -32.4158537, 0.0 ] } },
{ "type": "Feature", "properties": { "id": "paradas_omnibus.57", "paradas": null, "linea": "16 B", "source_file": "paradas_omnibus" }, "geometry": { "type": "Point", "coordinates": [ -63.2452785, -32.4138011, 0.0 ] } },
{ "type": "Feature", "properties": { "id": "paradas_omnibus.58", "paradas": null, "linea": "16 B", "source_file": "paradas_omnibus" }, "geometry": { "type": "Point", "coordinates": [ -63.2473331, -32.4114383, 0.0 ] } },
{ "type": "Feature", "properties": { "id": "paradas_omnibus.59", "paradas": null, "linea": "16 B", "source_file": "paradas_omnibus" }, "geometry": { "type": "Point", "coordinates": [ -63.2459422, -32.4104997, 0.0 ] } },
{ "type": "Feature", "properties": { "id": "paradas_omnibus.60", "paradas": null, "linea": "16 B", "source_file": "paradas_omnibus" }, "geometry": { "type": "Point", "coordinates": [ -63.2458709, -32.4105232, 0.0 ] } },
{ "type": "Feature", "properties": { "id": "paradas_omnibus.61", "paradas": null, "linea": "17", "source_file": "paradas_omnibus" }, "geometry": { "type": "Point", "coordinates": [ -63.2430462, -32.4136397, 0.0 ] } },
{ "type": "Feature", "properties": { "id": "paradas_omnibus.62", "paradas": null, "linea": "17", "source_file": "paradas_omnibus" }, "geometry": { "type": "Point", "coordinates": [ -63.2407073, -32.4160127, 0.0 ] } },
{ "type": "Feature", "properties": { "id": "paradas_omnibus.63", "paradas": null, "linea": "17", "source_file": "paradas_omnibus" }, "geometry": { "type": "Point", "coordinates": [ -63.2385187, -32.4180505, 0.0 ] } },
{ "type": "Feature", "properties": { "id": "paradas_omnibus.64", "paradas": null, "linea": "17", "source_file": "paradas_omnibus" }, "geometry": { "type": "Point", "coordinates": [ -63.2366089, -32.4169365, 0.0 ] } },
{ "type": "Feature", "properties": { "id": "paradas_omnibus.65", "paradas": null, "linea": "17", "source_file": "paradas_omnibus" }, "geometry": { "type": "Point", "coordinates": [ -63.2330362, -32.4176247, 0.0 ] } },
{ "type": "Feature", "properties": { "id": "paradas_omnibus.66", "paradas": null, "linea": "17", "source_file": "paradas_omnibus" }, "geometry": { "type": "Point", "coordinates": [ -63.2314698, -32.4192278, 0.0 ] } },
{ "type": "Feature", "properties": { "id": "paradas_omnibus.67", "paradas": null, "linea": "17", "source_file": "paradas_omnibus" }, "geometry": { "type": "Point", "coordinates": [ -63.2300536, -32.4209033, 0.0 ] } },
{ "type": "Feature", "properties": { "id": "paradas_omnibus.68", "paradas": null, "linea": "17", "source_file": "paradas_omnibus" }, "geometry": { "type": "Point", "coordinates": [ -63.2268457, -32.4219177, 0.0 ] } },
{ "type": "Feature", "properties": { "id": "paradas_omnibus.69", "paradas": null, "linea": "17", "source_file": "paradas_omnibus" }, "geometry": { "type": "Point", "coordinates": [ -63.2254643, -32.4228572, 0.0 ] } },
{ "type": "Feature", "properties": { "id": "paradas_omnibus.70", "paradas": null, "linea": "17", "source_file": "paradas_omnibus" }, "geometry": { "type": "Point", "coordinates": [ -63.2216663, -32.4262511, 0.0 ] } },
{ "type": "Feature", "properties": { "id": "paradas_omnibus.71", "paradas": null, "linea": "17", "source_file": "paradas_omnibus" }, "geometry": { "type": "Point", "coordinates": [ -63.2174391, -32.4282026, 0.0 ] } },
{ "type": "Feature", "properties": { "id": "paradas_omnibus.72", "paradas": null, "linea": "17", "source_file": "paradas_omnibus" }, "geometry": { "type": "Point", "coordinates": [ -63.2156233, -32.4282479, 0.0 ] } },
{ "type": "Feature", "properties": { "id": "paradas_omnibus.73", "paradas": null, "linea": "17", "source_file": "paradas_omnibus" }, "geometry": { "type": "Point", "coordinates": [ -63.2131342, -32.4282117, 0.0 ] } },
{ "type": "Feature", "properties": { "id": "paradas_omnibus.74", "paradas": null, "linea": "17", "source_file": "paradas_omnibus" }, "geometry": { "type": "Point", "coordinates": [ -63.2122705, -32.4300319, 0.0 ] } },
{ "type": "Feature", "properties": { "id": "paradas_omnibus.75", "paradas": null, "linea": "17", "source_file": "paradas_omnibus" }, "geometry": { "type": "Point", "coordinates": [ -63.2110206, -32.4312181, 0.0 ] } },
{ "type": "Feature", "properties": { "id": "paradas_omnibus.76", "paradas": null, "linea": "17", "source_file": "paradas_omnibus" }, "geometry": { "type": "Point", "coordinates": [ -63.2089124, -32.4312679, 0.0 ] } },
{ "type": "Feature", "properties": { "id": "paradas_omnibus.77", "paradas": null, "linea": "17", "source_file": "paradas_omnibus" }, "geometry": { "type": "Point", "coordinates": [ -63.2085395, -32.4287572, 0.0 ] } },
{ "type": "Feature", "properties": { "id": "paradas_omnibus.78", "paradas": null, "linea": "17", "source_file": "paradas_omnibus" }, "geometry": { "type": "Point", "coordinates": [ -63.2086924, -32.4260088, 0.0 ] } },
{ "type": "Feature", "properties": { "id": "paradas_omnibus.79", "paradas": null, "linea": "17", "source_file": "paradas_omnibus" }, "geometry": { "type": "Point", "coordinates": [ -63.2086951, -32.4238911, 0.0 ] } },
{ "type": "Feature", "properties": { "id": "paradas_omnibus.80", "paradas": null, "linea": "17", "source_file": "paradas_omnibus" }, "geometry": { "type": "Point", "coordinates": [ -63.2121792, -32.422424, 0.0 ] } },
{ "type": "Feature", "properties": { "id": "paradas_omnibus.81", "paradas": null, "linea": "17", "source_file": "paradas_omnibus" }, "geometry": { "type": "Point", "coordinates": [ -63.2173694, -32.4207825, 0.0 ] } },
{ "type": "Feature", "properties": { "id": "paradas_omnibus.82", "paradas": null, "linea": "17", "source_file": "paradas_omnibus" }, "geometry": { "type": "Point", "coordinates": [ -63.2206739, -32.4198134, 0.0 ] } },
{ "type": "Feature", "properties": { "id": "paradas_omnibus.83", "paradas": null, "linea": "17", "source_file": "paradas_omnibus" }, "geometry": { "type": "Point", "coordinates": [ -63.222766, -32.4191976, 0.0 ] } },
{ "type": "Feature", "properties": { "id": "paradas_omnibus.84", "paradas": null, "linea": "17", "source_file": "paradas_omnibus" }, "geometry": { "type": "Point", "coordinates": [ -63.2283879, -32.4197591, 0.0 ] } },
{ "type": "Feature", "properties": { "id": "paradas_omnibus.85", "paradas": null, "linea": "17", "source_file": "paradas_omnibus" }, "geometry": { "type": "Point", "coordinates": [ -63.2264782, -32.4186452, 0.0 ] } },
{ "type": "Feature", "properties": { "id": "paradas_omnibus.86", "paradas": null, "linea": "17", "source_file": "paradas_omnibus" }, "geometry": { "type": "Point", "coordinates": [ -63.2309521, -32.4214618, 0.0 ] } },
{ "type": "Feature", "properties": { "id": "paradas_omnibus.87", "paradas": null, "linea": "17", "source_file": "paradas_omnibus" }, "geometry": { "type": "Point", "coordinates": [ -63.2321216, -32.4200851, 0.0 ] } },
{ "type": "Feature", "properties": { "id": "paradas_omnibus.88", "paradas": null, "linea": "17", "source_file": "paradas_omnibus" }, "geometry": { "type": "Point", "coordinates": [ -63.2351256, -32.4167341, 0.0 ] } },
{ "type": "Feature", "properties": { "id": "paradas_omnibus.89", "paradas": null, "linea": "17", "source_file": "paradas_omnibus" }, "geometry": { "type": "Point", "coordinates": [ -63.2409514, -32.4188806, 0.0 ] } },
{ "type": "Feature", "properties": { "id": "paradas_omnibus.90", "paradas": null, "linea": "17", "source_file": "paradas_omnibus" }, "geometry": { "type": "Point", "coordinates": [ -63.2434297, -32.4160186, 0.0 ] } },
{ "type": "Feature", "properties": { "id": "paradas_omnibus.91", "paradas": null, "linea": "17", "source_file": "paradas_omnibus" }, "geometry": { "type": "Point", "coordinates": [ -63.2454253, -32.4137906, 0.0 ] } },
{ "type": "Feature", "properties": { "id": "paradas_omnibus.92", "paradas": null, "linea": "17", "source_file": "paradas_omnibus" }, "geometry": { "type": "Point", "coordinates": [ -63.2476676, -32.4111639, 0.0 ] } },
{ "type": "Feature", "properties": { "id": "paradas_omnibus.93", "paradas": null, "linea": "17", "source_file": "paradas_omnibus" }, "geometry": { "type": "Point", "coordinates": [ -63.2347959, -32.4170568, 0.0 ] } },
{ "type": "Feature", "properties": { "id": "paradas_omnibus.94", "paradas": null, "linea": "17", "source_file": "paradas_omnibus" }, "geometry": { "type": "Point", "coordinates": [ -63.2379502, -32.417872, 0.0 ] } },
{ "type": "Feature", "properties": { "id": "paradas_omnibus.95", "paradas": null, "linea": "17", "source_file": "paradas_omnibus" }, "geometry": { "type": "Point", "coordinates": [ -63.2457767, -32.4106145, 0.0 ] } },
{ "type": "Feature", "properties": { "id": "paradas_omnibus.96", "paradas": null, "linea": "17 B", "source_file": "paradas_omnibus" }, "geometry": { "type": "Point", "coordinates": [ -63.2468829, -32.4095238, 0.0 ] } },
{ "type": "Feature", "properties": { "id": "paradas_omnibus.97", "paradas": null, "linea": "17 B", "source_file": "paradas_omnibus" }, "geometry": { "type": "Point", "coordinates": [ -63.2432029, -32.4136359, 0.0 ] } },
{ "type": "Feature", "properties": { "id": "paradas_omnibus.98", "paradas": null, "linea": "17 B", "source_file": "paradas_omnibus" }, "geometry": { "type": "Point", "coordinates": [ -63.2405207, -32.4162081, 0.0 ] } },
{ "type": "Feature", "properties": { "id": "paradas_omnibus.99", "paradas": null, "linea": "17 B", "source_file": "paradas_omnibus" }, "geometry": { "type": "Point", "coordinates": [ -63.2382033, -32.4181101, 0.0 ] } },
{ "type": "Feature", "properties": { "id": "paradas_omnibus.100", "paradas": null, "linea": "17 B", "source_file": "paradas_omnibus" }, "geometry": { "type": "Point", "coordinates": [ -63.2363109, -32.4172972, 0.0 ] } },
{ "type": "Feature", "properties": { "id": "paradas_omnibus.101", "paradas": null, "linea": "17 B", "source_file": "paradas_omnibus" }, "geometry": { "type": "Point", "coordinates": [ -63.2330051, -32.4175757, 0.0 ] } },
{ "type": "Feature", "properties": { "id": "paradas_omnibus.102", "paradas": null, "linea": "17 B", "source_file": "paradas_omnibus" }, "geometry": { "type": "Point", "coordinates": [ -63.231487, -32.4192082, 0.0 ] } },
{ "type": "Feature", "properties": { "id": "paradas_omnibus.103", "paradas": null, "linea": "17 B", "source_file": "paradas_omnibus" }, "geometry": { "type": "Point", "coordinates": [ -63.2300467, -32.4208044, 0.0 ] } },
{ "type": "Feature", "properties": { "id": "paradas_omnibus.104", "paradas": null, "linea": "17 B", "source_file": "paradas_omnibus" }, "geometry": { "type": "Point", "coordinates": [ -63.226494, -32.421906, 0.0 ] } },
{ "type": "Feature", "properties": { "id": "paradas_omnibus.105", "paradas": null, "linea": "17 B", "source_file": "paradas_omnibus" }, "geometry": { "type": "Point", "coordinates": [ -63.2250953, -32.4232113, 0.0 ] } },
{ "type": "Feature", "properties": { "id": "paradas_omnibus.106", "paradas": null, "linea": "17 B", "source_file": "paradas_omnibus" }, "geometry": { "type": "Point", "coordinates": [ -63.2208332, -32.4265688, 0.0 ] } },
{ "type": "Feature", "properties": { "id": "paradas_omnibus.107", "paradas": null, "linea": "17 B", "source_file": "paradas_omnibus" }, "geometry": { "type": "Point", "coordinates": [ -63.217392, -32.4281558, 0.0 ] } },
{ "type": "Feature", "properties": { "id": "paradas_omnibus.108", "paradas": null, "linea": "17 B", "source_file": "paradas_omnibus" }, "geometry": { "type": "Point", "coordinates": [ -63.2156352, -32.4281625, 0.0 ] } },
{ "type": "Feature", "properties": { "id": "paradas_omnibus.109", "paradas": null, "linea": "17 B", "source_file": "paradas_omnibus" }, "geometry": { "type": "Point", "coordinates": [ -63.212997, -32.4281173, 0.0 ] } },
{ "type": "Feature", "properties": { "id": "paradas_omnibus.110", "paradas": null, "linea": "17 B", "source_file": "paradas_omnibus" }, "geometry": { "type": "Point", "coordinates": [ -63.2122031, -32.4297247, 0.0 ] } },
{ "type": "Feature", "properties": { "id": "paradas_omnibus.111", "paradas": null, "linea": "17 B", "source_file": "paradas_omnibus" }, "geometry": { "type": "Point", "coordinates": [ -63.2088209, -32.4311419, 0.0 ] } },
{ "type": "Feature", "properties": { "id": "paradas_omnibus.112", "paradas": null, "linea": "17 B", "source_file": "paradas_omnibus" }, "geometry": { "type": "Point", "coordinates": [ -63.2086169, -32.4287692, 0.0 ] } },
{ "type": "Feature", "properties": { "id": "paradas_omnibus.113", "paradas": null, "linea": "17 B", "source_file": "paradas_omnibus" }, "geometry": { "type": "Point", "coordinates": [ -63.2086444, -32.4262799, 0.0 ] } },
{ "type": "Feature", "properties": { "id": "paradas_omnibus.114", "paradas": null, "linea": "17 B", "source_file": "paradas_omnibus" }, "geometry": { "type": "Point", "coordinates": [ -63.2086365, -32.4242625, 0.0 ] } },
{ "type": "Feature", "properties": { "id": "paradas_omnibus.115", "paradas": null, "linea": "17 B", "source_file": "paradas_omnibus" }, "geometry": { "type": "Point", "coordinates": [ -63.2123058, -32.4224693, 0.0 ] } },
{ "type": "Feature", "properties": { "id": "paradas_omnibus.116", "paradas": null, "linea": "17 B", "source_file": "paradas_omnibus" }, "geometry": { "type": "Point", "coordinates": [ -63.2169696, -32.4210307, 0.0 ] } },
{ "type": "Feature", "properties": { "id": "paradas_omnibus.117", "paradas": null, "linea": "17 B", "source_file": "paradas_omnibus" }, "geometry": { "type": "Point", "coordinates": [ -63.2224816, -32.4191763, 0.0 ] } },
{ "type": "Feature", "properties": { "id": "paradas_omnibus.118", "paradas": null, "linea": "17 B", "source_file": "paradas_omnibus" }, "geometry": { "type": "Point", "coordinates": [ -63.227064, -32.4179423, 0.0 ] } },
{ "type": "Feature", "properties": { "id": "paradas_omnibus.119", "paradas": null, "linea": "17 B", "source_file": "paradas_omnibus" }, "geometry": { "type": "Point", "coordinates": [ -63.2294499, -32.4170615, 0.0 ] } },
{ "type": "Feature", "properties": { "id": "paradas_omnibus.120", "paradas": null, "linea": "17 B", "source_file": "paradas_omnibus" }, "geometry": { "type": "Point", "coordinates": [ -63.2332211, -32.4146147, 0.0 ] } },
{ "type": "Feature", "properties": { "id": "paradas_omnibus.121", "paradas": null, "linea": "17 B", "source_file": "paradas_omnibus" }, "geometry": { "type": "Point", "coordinates": [ -63.2361124, -32.4113161, 0.0 ] } },
{ "type": "Feature", "properties": { "id": "paradas_omnibus.122", "paradas": null, "linea": "17 B", "source_file": "paradas_omnibus" }, "geometry": { "type": "Point", "coordinates": [ -63.2373596, -32.4097977, 0.0 ] } },
{ "type": "Feature", "properties": { "id": "paradas_omnibus.123", "paradas": null, "linea": "17 B", "source_file": "paradas_omnibus" }, "geometry": { "type": "Point", "coordinates": [ -63.2396465, -32.4073014, 0.0 ] } },
{ "type": "Feature", "properties": { "id": "paradas_omnibus.124", "paradas": null, "linea": "17 B", "source_file": "paradas_omnibus" }, "geometry": { "type": "Point", "coordinates": [ -63.2427968, -32.4046746, 0.0 ] } },
{ "type": "Feature", "properties": { "id": "paradas_omnibus.125", "paradas": null, "linea": "17 B", "source_file": "paradas_omnibus" }, "geometry": { "type": "Point", "coordinates": [ -63.2447092, -32.4058986, 0.0 ] } },
{ "type": "Feature", "properties": { "id": "paradas_omnibus.126", "paradas": null, "linea": "17 B", "source_file": "paradas_omnibus" }, "geometry": { "type": "Point", "coordinates": [ -63.2468402, -32.407247, 0.0 ] } },
{ "type": "Feature", "properties": { "id": "paradas_omnibus.127", "paradas": null, "linea": "17 B", "source_file": "paradas_omnibus" }, "geometry": { "type": "Point", "coordinates": [ -63.21102, -32.431769, 0.0 ] } },
{ "type": "Feature", "properties": { "id": "paradas_omnibus.128", "paradas": null, "linea": "19", "source_file": "paradas_omnibus" }, "geometry": { "type": "Point", "coordinates": [ -63.2433518, -32.4133279, 0.0 ] } },
{ "type": "Feature", "properties": { "id": "paradas_omnibus.129", "paradas": null, "linea": "19", "source_file": "paradas_omnibus" }, "geometry": { "type": "Point", "coordinates": [ -63.2466348, -32.4162805, 0.0 ] } },
{ "type": "Feature", "properties": { "id": "paradas_omnibus.130", "paradas": null, "linea": "19", "source_file": "paradas_omnibus" }, "geometry": { "type": "Point", "coordinates": [ -63.2487806, -32.4177115, 0.0 ] } },
{ "type": "Feature", "properties": { "id": "paradas_omnibus.131", "paradas": null, "linea": "19", "source_file": "paradas_omnibus" }, "geometry": { "type": "Point", "coordinates": [ -63.2507775, -32.4175225, 0.0 ] } },
{ "type": "Feature", "properties": { "id": "paradas_omnibus.132", "paradas": null, "linea": "19", "source_file": "paradas_omnibus" }, "geometry": { "type": "Point", "coordinates": [ -63.252643, -32.4155197, 0.0 ] } },
{ "type": "Feature", "properties": { "id": "paradas_omnibus.133", "paradas": null, "linea": "19", "source_file": "paradas_omnibus" }, "geometry": { "type": "Point", "coordinates": [ -63.2542523, -32.4137445, 0.0 ] } },
{ "type": "Feature", "properties": { "id": "paradas_omnibus.134", "paradas": null, "linea": "19", "source_file": "paradas_omnibus" }, "geometry": { "type": "Point", "coordinates": [ -63.2590373, -32.4125671, 0.0 ] } },
{ "type": "Feature", "properties": { "id": "paradas_omnibus.135", "paradas": null, "linea": "19", "source_file": "paradas_omnibus" }, "geometry": { "type": "Point", "coordinates": [ -63.2613991, -32.4137397, 0.0 ] } },
{ "type": "Feature", "properties": { "id": "paradas_omnibus.136", "paradas": null, "linea": "19", "source_file": "paradas_omnibus" }, "geometry": { "type": "Point", "coordinates": [ -63.2635824, -32.4148787, 0.0 ] } },
{ "type": "Feature", "properties": { "id": "paradas_omnibus.137", "paradas": null, "linea": "19", "source_file": "paradas_omnibus" }, "geometry": { "type": "Point", "coordinates": [ -63.2649396, -32.4134612, 0.0 ] } },
{ "type": "Feature", "properties": { "id": "paradas_omnibus.138", "paradas": null, "linea": "19", "source_file": "paradas_omnibus" }, "geometry": { "type": "Point", "coordinates": [ -63.2687672, -32.4135314, 0.0 ] } },
{ "type": "Feature", "properties": { "id": "paradas_omnibus.139", "paradas": null, "linea": "19", "source_file": "paradas_omnibus" }, "geometry": { "type": "Point", "coordinates": [ -63.2712347, -32.4128385, 0.0 ] } },
{ "type": "Feature", "properties": { "id": "paradas_omnibus.140", "paradas": null, "linea": "19", "source_file": "paradas_omnibus" }, "geometry": { "type": "Point", "coordinates": [ -63.2717229, -32.4103477, 0.0 ] } },
{ "type": "Feature", "properties": { "id": "paradas_omnibus.141", "paradas": null, "linea": "19", "source_file": "paradas_omnibus" }, "geometry": { "type": "Point", "coordinates": [ -63.2722438, -32.4073699, 0.0 ] } },
{ "type": "Feature", "properties": { "id": "paradas_omnibus.142", "paradas": null, "linea": "19", "source_file": "paradas_omnibus" }, "geometry": { "type": "Point", "coordinates": [ -63.2730887, -32.4102367, 0.0 ] } },
{ "type": "Feature", "properties": { "id": "paradas_omnibus.143", "paradas": null, "linea": "19", "source_file": "paradas_omnibus" }, "geometry": { "type": "Point", "coordinates": [ -63.2736681, -32.4108119, 0.0 ] } },
{ "type": "Feature", "properties": { "id": "paradas_omnibus.144", "paradas": null, "linea": "19", "source_file": "paradas_omnibus" }, "geometry": { "type": "Point", "coordinates": [ -63.2735224, -32.4127748, 0.0 ] } },
{ "type": "Feature", "properties": { "id": "paradas_omnibus.145", "paradas": null, "linea": "19", "source_file": "paradas_omnibus" }, "geometry": { "type": "Point", "coordinates": [ -63.2734259, -32.4148104, 0.0 ] } },
{ "type": "Feature", "properties": { "id": "paradas_omnibus.146", "paradas": null, "linea": "19", "source_file": "paradas_omnibus" }, "geometry": { "type": "Point", "coordinates": [ -63.2709796, -32.4155713, 0.0 ] } },
{ "type": "Feature", "properties": { "id": "paradas_omnibus.147", "paradas": null, "linea": "19", "source_file": "paradas_omnibus" }, "geometry": { "type": "Point", "coordinates": [ -63.2673003, -32.4160671, 0.0 ] } },
{ "type": "Feature", "properties": { "id": "paradas_omnibus.148", "paradas": null, "linea": "19", "source_file": "paradas_omnibus" }, "geometry": { "type": "Point", "coordinates": [ -63.2659336, -32.4175853, 0.0 ] } },
{ "type": "Feature", "properties": { "id": "paradas_omnibus.149", "paradas": null, "linea": "19", "source_file": "paradas_omnibus" }, "geometry": { "type": "Point", "coordinates": [ -63.2641661, -32.41808, 0.0 ] } },
{ "type": "Feature", "properties": { "id": "paradas_omnibus.150", "paradas": null, "linea": "19", "source_file": "paradas_omnibus" }, "geometry": { "type": "Point", "coordinates": [ -63.2622671, -32.416966, 0.0 ] } },
{ "type": "Feature", "properties": { "id": "paradas_omnibus.151", "paradas": null, "linea": "19", "source_file": "paradas_omnibus" }, "geometry": { "type": "Point", "coordinates": [ -63.2604861, -32.4159245, 0.0 ] } },
{ "type": "Feature", "properties": { "id": "paradas_omnibus.152", "paradas": null, "linea": "19", "source_file": "paradas_omnibus" }, "geometry": { "type": "Point", "coordinates": [ -63.25804, -32.4145659, 0.0 ] } },
{ "type": "Feature", "properties": { "id": "paradas_omnibus.153", "paradas": null, "linea": "19", "source_file": "paradas_omnibus" }, "geometry": { "type": "Point", "coordinates": [ -63.2564736, -32.4146745, 0.0 ] } },
{ "type": "Feature", "properties": { "id": "paradas_omnibus.154", "paradas": null, "linea": "19", "source_file": "paradas_omnibus" }, "geometry": { "type": "Point", "coordinates": [ -63.2535312, -32.4162574, 0.0 ] } },
{ "type": "Feature", "properties": { "id": "paradas_omnibus.155", "paradas": null, "linea": "19", "source_file": "paradas_omnibus" }, "geometry": { "type": "Point", "coordinates": [ -63.2504117, -32.4198823, 0.0 ] } },
{ "type": "Feature", "properties": { "id": "paradas_omnibus.156", "paradas": null, "linea": "19", "source_file": "paradas_omnibus" }, "geometry": { "type": "Point", "coordinates": [ -63.2484054, -32.4188408, 0.0 ] } },
{ "type": "Feature", "properties": { "id": "paradas_omnibus.157", "paradas": null, "linea": "19", "source_file": "paradas_omnibus" }, "geometry": { "type": "Point", "coordinates": [ -63.2460987, -32.417437, 0.0 ] } },
{ "type": "Feature", "properties": { "id": "paradas_omnibus.158", "paradas": null, "linea": "19", "source_file": "paradas_omnibus" }, "geometry": { "type": "Point", "coordinates": [ -63.2442458, -32.4162262, 0.0 ] } },
{ "type": "Feature", "properties": { "id": "paradas_omnibus.159", "paradas": null, "linea": "19", "source_file": "paradas_omnibus" }, "geometry": { "type": "Point", "coordinates": [ -63.2456083, -32.413817, 0.0 ] } },
{ "type": "Feature", "properties": { "id": "paradas_omnibus.160", "paradas": null, "linea": "19", "source_file": "paradas_omnibus" }, "geometry": { "type": "Point", "coordinates": [ -63.2473357, -32.4114892, 0.0 ] } },
{ "type": "Feature", "properties": { "id": "paradas_omnibus.161", "paradas": null, "linea": "19", "source_file": "paradas_omnibus" }, "geometry": { "type": "Point", "coordinates": [ -63.2462539, -32.4100763, 0.0 ] } },
{ "type": "Feature", "properties": { "id": "paradas_omnibus.162", "paradas": null, "linea": "19", "source_file": "paradas_omnibus" }, "geometry": { "type": "Point", "coordinates": [ -63.2689396, -32.4156709, 0.0 ] } },
{ "type": "Feature", "properties": { "id": "paradas_omnibus.163", "paradas": null, "linea": "19", "source_file": "paradas_omnibus" }, "geometry": { "type": "Point", "coordinates": [ -63.255419, -32.4142942, 0.0 ] } },
{ "type": "Feature", "properties": { "id": "paradas_omnibus.164", "paradas": null, "linea": "19", "source_file": "paradas_omnibus" }, "geometry": { "type": "Point", "coordinates": [ -63.2522035, -32.4177902, 0.0 ] } },
{ "type": "Feature", "properties": { "id": "paradas_omnibus.165", "paradas": null, "linea": "20", "source_file": "paradas_omnibus" }, "geometry": { "type": "Point", "coordinates": [ -63.2461827, -32.410251, 0.0 ] } },
{ "type": "Feature", "properties": { "id": "paradas_omnibus.166", "paradas": null, "linea": "20", "source_file": "paradas_omnibus" }, "geometry": { "type": "Point", "coordinates": [ -63.2488926, -32.4114404, 0.0 ] } },
{ "type": "Feature", "properties": { "id": "paradas_omnibus.167", "paradas": null, "linea": "20", "source_file": "paradas_omnibus" }, "geometry": { "type": "Point", "coordinates": [ -63.2525614, -32.4096782, 0.0 ] } },
{ "type": "Feature", "properties": { "id": "paradas_omnibus.168", "paradas": null, "linea": "20", "source_file": "paradas_omnibus" }, "geometry": { "type": "Point", "coordinates": [ -63.2552028, -32.406706, 0.0 ] } },
{ "type": "Feature", "properties": { "id": "paradas_omnibus.169", "paradas": null, "linea": "20", "source_file": "paradas_omnibus" }, "geometry": { "type": "Point", "coordinates": [ -63.2578072, -32.4038169, 0.0 ] } },
{ "type": "Feature", "properties": { "id": "paradas_omnibus.170", "paradas": null, "linea": "20", "source_file": "paradas_omnibus" }, "geometry": { "type": "Point", "coordinates": [ -63.2610476, -32.4057847, 0.0 ] } },
{ "type": "Feature", "properties": { "id": "paradas_omnibus.171", "paradas": null, "linea": "20", "source_file": "paradas_omnibus" }, "geometry": { "type": "Point", "coordinates": [ -63.2595604, -32.4077696, 0.0 ] } },
{ "type": "Feature", "properties": { "id": "paradas_omnibus.172", "paradas": null, "linea": "20", "source_file": "paradas_omnibus" }, "geometry": { "type": "Point", "coordinates": [ -63.2605217, -32.4104494, 0.0 ] } },
{ "type": "Feature", "properties": { "id": "paradas_omnibus.173", "paradas": null, "linea": "20", "source_file": "paradas_omnibus" }, "geometry": { "type": "Point", "coordinates": [ -63.2649338, -32.4132386, 0.0 ] } },
{ "type": "Feature", "properties": { "id": "paradas_omnibus.174", "paradas": null, "linea": "20", "source_file": "paradas_omnibus" }, "geometry": { "type": "Point", "coordinates": [ -63.2687098, -32.4135264, 0.0 ] } },
{ "type": "Feature", "properties": { "id": "paradas_omnibus.175", "paradas": null, "linea": "20", "source_file": "paradas_omnibus" }, "geometry": { "type": "Point", "coordinates": [ -63.2712105, -32.4128348, 0.0 ] } },
{ "type": "Feature", "properties": { "id": "paradas_omnibus.176", "paradas": null, "linea": "20", "source_file": "paradas_omnibus" }, "geometry": { "type": "Point", "coordinates": [ -63.2716826, -32.4102933, 0.0 ] } },
{ "type": "Feature", "properties": { "id": "paradas_omnibus.177", "paradas": null, "linea": "20", "source_file": "paradas_omnibus" }, "geometry": { "type": "Point", "coordinates": [ -63.2722377, -32.4072741, 0.0 ] } },
{ "type": "Feature", "properties": { "id": "paradas_omnibus.178", "paradas": null, "linea": "20", "source_file": "paradas_omnibus" }, "geometry": { "type": "Point", "coordinates": [ -63.2730643, -32.4103144, 0.0 ] } },
{ "type": "Feature", "properties": { "id": "paradas_omnibus.179", "paradas": null, "linea": "20", "source_file": "paradas_omnibus" }, "geometry": { "type": "Point", "coordinates": [ -63.273522, -32.4127243, 0.0 ] } },
{ "type": "Feature", "properties": { "id": "paradas_omnibus.180", "paradas": null, "linea": "20", "source_file": "paradas_omnibus" }, "geometry": { "type": "Point", "coordinates": [ -63.2710074, -32.4127585, 0.0 ] } },
{ "type": "Feature", "properties": { "id": "paradas_omnibus.181", "paradas": null, "linea": "20", "source_file": "paradas_omnibus" }, "geometry": { "type": "Point", "coordinates": [ -63.2666712, -32.412485, 0.0 ] } },
{ "type": "Feature", "properties": { "id": "paradas_omnibus.182", "paradas": null, "linea": "20", "source_file": "paradas_omnibus" }, "geometry": { "type": "Point", "coordinates": [ -63.2635226, -32.4134413, 0.0 ] } },
{ "type": "Feature", "properties": { "id": "paradas_omnibus.183", "paradas": null, "linea": "20", "source_file": "paradas_omnibus" }, "geometry": { "type": "Point", "coordinates": [ -63.2590137, -32.4108567, 0.0 ] } },
{ "type": "Feature", "properties": { "id": "paradas_omnibus.184", "paradas": null, "linea": "20", "source_file": "paradas_omnibus" }, "geometry": { "type": "Point", "coordinates": [ -63.2555587, -32.4085274, 0.0 ] } },
{ "type": "Feature", "properties": { "id": "paradas_omnibus.185", "paradas": null, "linea": "20", "source_file": "paradas_omnibus" }, "geometry": { "type": "Point", "coordinates": [ -63.2534089, -32.407139, 0.0 ] } },
{ "type": "Feature", "properties": { "id": "paradas_omnibus.186", "paradas": null, "linea": "20", "source_file": "paradas_omnibus" }, "geometry": { "type": "Point", "coordinates": [ -63.2502875, -32.4104427, 0.0 ] } },
{ "type": "Feature", "properties": { "id": "paradas_omnibus.187", "paradas": null, "linea": "20", "source_file": "paradas_omnibus" }, "geometry": { "type": "Point", "coordinates": [ -63.2736913, -32.4108129, 0.0 ] } },
{ "type": "Feature", "properties": { "id": "paradas_omnibus.188", "paradas": null, "linea": "20", "source_file": "paradas_omnibus" }, "geometry": { "type": "Point", "coordinates": [ -63.2435243, -32.4134468, 0.0 ] } },
{ "type": "Feature", "properties": { "id": "paradas_omnibus.189", "paradas": null, "linea": "20", "source_file": "paradas_omnibus" }, "geometry": { "type": "Point", "coordinates": [ -63.2461724, -32.4129938, 0.0 ] } },
{ "type": "Feature", "properties": { "id": "paradas_omnibus.190", "paradas": null, "linea": "102", "source_file": "paradas_omnibus" }, "geometry": { "type": "Point", "coordinates": [ -63.2467983, -32.4095011, 0.0 ] } },
{ "type": "Feature", "properties": { "id": "paradas_omnibus.191", "paradas": null, "linea": "102", "source_file": "paradas_omnibus" }, "geometry": { "type": "Point", "coordinates": [ -63.2432873, -32.413749, 0.0 ] } },
{ "type": "Feature", "properties": { "id": "paradas_omnibus.192", "paradas": null, "linea": "102", "source_file": "paradas_omnibus" }, "geometry": { "type": "Point", "coordinates": [ -63.2410326, -32.4160351, 0.0 ] } },
{ "type": "Feature", "properties": { "id": "paradas_omnibus.193", "paradas": null, "linea": "102", "source_file": "paradas_omnibus" }, "geometry": { "type": "Point", "coordinates": [ -63.2383933, -32.4181047, 0.0 ] } },
{ "type": "Feature", "properties": { "id": "paradas_omnibus.194", "paradas": null, "linea": "102", "source_file": "paradas_omnibus" }, "geometry": { "type": "Point", "coordinates": [ -63.2350888, -32.4166375, 0.0 ] } },
{ "type": "Feature", "properties": { "id": "paradas_omnibus.195", "paradas": null, "linea": "102", "source_file": "paradas_omnibus" }, "geometry": { "type": "Point", "coordinates": [ -63.2327606, -32.4145769, 0.0 ] } },
{ "type": "Feature", "properties": { "id": "paradas_omnibus.196", "paradas": null, "linea": "102", "source_file": "paradas_omnibus" }, "geometry": { "type": "Point", "coordinates": [ -63.2360034, -32.4113865, 0.0 ] } },
{ "type": "Feature", "properties": { "id": "paradas_omnibus.197", "paradas": null, "linea": "102", "source_file": "paradas_omnibus" }, "geometry": { "type": "Point", "coordinates": [ -63.2378098, -32.4093622, 0.0 ] } },
{ "type": "Feature", "properties": { "id": "paradas_omnibus.198", "paradas": null, "linea": "102", "source_file": "paradas_omnibus" }, "geometry": { "type": "Point", "coordinates": [ -63.2395144, -32.4073807, 0.0 ] } },
{ "type": "Feature", "properties": { "id": "paradas_omnibus.199", "paradas": null, "linea": "102", "source_file": "paradas_omnibus" }, "geometry": { "type": "Point", "coordinates": [ -63.241231, -32.4055963, 0.0 ] } },
{ "type": "Feature", "properties": { "id": "paradas_omnibus.200", "paradas": null, "linea": "102", "source_file": "paradas_omnibus" }, "geometry": { "type": "Point", "coordinates": [ -63.2442847, -32.4020896, 0.0 ] } },
{ "type": "Feature", "properties": { "id": "paradas_omnibus.201", "paradas": null, "linea": "102", "source_file": "paradas_omnibus" }, "geometry": { "type": "Point", "coordinates": [ -63.2479254, -32.3989963, 0.0 ] } },
{ "type": "Feature", "properties": { "id": "paradas_omnibus.202", "paradas": null, "linea": "102", "source_file": "paradas_omnibus" }, "geometry": { "type": "Point", "coordinates": [ -63.2523734, -32.4019698, 0.0 ] } },
{ "type": "Feature", "properties": { "id": "paradas_omnibus.203", "paradas": null, "linea": "102", "source_file": "paradas_omnibus" }, "geometry": { "type": "Point", "coordinates": [ -63.2569224, -32.3991477, 0.0 ] } },
{ "type": "Feature", "properties": { "id": "paradas_omnibus.204", "paradas": null, "linea": "102", "source_file": "paradas_omnibus" }, "geometry": { "type": "Point", "coordinates": [ -63.2598353, -32.394614, 0.0 ] } },
{ "type": "Feature", "properties": { "id": "paradas_omnibus.205", "paradas": null, "linea": "102", "source_file": "paradas_omnibus" }, "geometry": { "type": "Point", "coordinates": [ -63.2605491, -32.3825861, 0.0 ] } },
{ "type": "Feature", "properties": { "id": "paradas_omnibus.206", "paradas": null, "linea": "102", "source_file": "paradas_omnibus" }, "geometry": { "type": "Point", "coordinates": [ -63.2459365, -32.3928509, 0.0 ] } },
{ "type": "Feature", "properties": { "id": "paradas_omnibus.207", "paradas": null, "linea": "102", "source_file": "paradas_omnibus" }, "geometry": { "type": "Point", "coordinates": [ -63.2455127, -32.3942415, 0.0 ] } },
{ "type": "Feature", "properties": { "id": "paradas_omnibus.208", "paradas": null, "linea": "102", "source_file": "paradas_omnibus" }, "geometry": { "type": "Point", "coordinates": [ -63.2437693, -32.3952607, 0.0 ] } },
{ "type": "Feature", "properties": { "id": "paradas_omnibus.209", "paradas": null, "linea": "102", "source_file": "paradas_omnibus" }, "geometry": { "type": "Point", "coordinates": [ -63.2445181, -32.3966492, 0.0 ] } },
{ "type": "Feature", "properties": { "id": "paradas_omnibus.210", "paradas": null, "linea": "102", "source_file": "paradas_omnibus" }, "geometry": { "type": "Point", "coordinates": [ -63.2473694, -32.3984349, 0.0 ] } },
{ "type": "Feature", "properties": { "id": "paradas_omnibus.211", "paradas": null, "linea": "102", "source_file": "paradas_omnibus" }, "geometry": { "type": "Point", "coordinates": [ -63.2428166, -32.4046191, 0.0 ] } },
{ "type": "Feature", "properties": { "id": "paradas_omnibus.212", "paradas": null, "linea": "102", "source_file": "paradas_omnibus" }, "geometry": { "type": "Point", "coordinates": [ -63.2446657, -32.4058447, 0.0 ] } },
{ "type": "Feature", "properties": { "id": "paradas_omnibus.213", "paradas": null, "linea": "102", "source_file": "paradas_omnibus" }, "geometry": { "type": "Point", "coordinates": [ -63.2468919, -32.4072623, 0.0 ] } },
{ "type": "Feature", "properties": { "id": "paradas_omnibus.214", "paradas": null, "linea": "102", "source_file": "paradas_omnibus" }, "geometry": { "type": "Point", "coordinates": [ -63.2472792, -32.3987411, 0.0 ] } },
{ "type": "Feature", "properties": { "id": "paradas_omnibus.215", "paradas": null, "linea": "102", "source_file": "paradas_omnibus" }, "geometry": { "type": "Point", "coordinates": [ -63.2581981, -32.3837867, 0.0 ] } },
{ "type": "Feature", "properties": { "id": "paradas_omnibus.216", "paradas": null, "linea": "102", "source_file": "paradas_omnibus" }, "geometry": { "type": "Point", "coordinates": [ -63.2508728, -32.3884527, 0.0 ] } },
{ "type": "Feature", "properties": { "id": "paradas_omnibus.217", "paradas": null, "linea": "102", "source_file": "paradas_omnibus" }, "geometry": { "type": "Point", "coordinates": [ -63.2482818, -32.3913224, 0.0 ] } },
{ "type": "Feature", "properties": { "id": "paradas_omnibus.218", "paradas": null, "linea": "102", "source_file": "paradas_omnibus" }, "geometry": { "type": "Point", "coordinates": [ -63.2443499, -32.4026483, 0.0 ] } },
{ "type": "Feature", "properties": { "id": "paradas_omnibus.219", "paradas": null, "linea": "102", "source_file": "paradas_omnibus" }, "geometry": { "type": "Point", "coordinates": [ -63.2467273, -32.4096915, 0.0 ] } },
{ "type": "Feature", "properties": { "id": "paradas_omnibus.220", "paradas": null, "linea": "103", "source_file": "paradas_omnibus" }, "geometry": { "type": "Point", "coordinates": [ -63.2467983, -32.4095011, 0.0 ] } },
{ "type": "Feature", "properties": { "id": "paradas_omnibus.221", "paradas": null, "linea": "103", "source_file": "paradas_omnibus" }, "geometry": { "type": "Point", "coordinates": [ -63.2432873, -32.413749, 0.0 ] } },
{ "type": "Feature", "properties": { "id": "paradas_omnibus.222", "paradas": null, "linea": "103", "source_file": "paradas_omnibus" }, "geometry": { "type": "Point", "coordinates": [ -63.2410326, -32.4160351, 0.0 ] } },
{ "type": "Feature", "properties": { "id": "paradas_omnibus.223", "paradas": null, "linea": "103", "source_file": "paradas_omnibus" }, "geometry": { "type": "Point", "coordinates": [ -63.2383933, -32.4181047, 0.0 ] } },
{ "type": "Feature", "properties": { "id": "paradas_omnibus.224", "paradas": null, "linea": "103", "source_file": "paradas_omnibus" }, "geometry": { "type": "Point", "coordinates": [ -63.2350888, -32.4166375, 0.0 ] } },
{ "type": "Feature", "properties": { "id": "paradas_omnibus.225", "paradas": null, "linea": "103", "source_file": "paradas_omnibus" }, "geometry": { "type": "Point", "coordinates": [ -63.2327606, -32.4145769, 0.0 ] } },
{ "type": "Feature", "properties": { "id": "paradas_omnibus.226", "paradas": null, "linea": "103", "source_file": "paradas_omnibus" }, "geometry": { "type": "Point", "coordinates": [ -63.2360034, -32.4113865, 0.0 ] } },
{ "type": "Feature", "properties": { "id": "paradas_omnibus.227", "paradas": null, "linea": "103", "source_file": "paradas_omnibus" }, "geometry": { "type": "Point", "coordinates": [ -63.2378098, -32.4093622, 0.0 ] } },
{ "type": "Feature", "properties": { "id": "paradas_omnibus.228", "paradas": null, "linea": "103", "source_file": "paradas_omnibus" }, "geometry": { "type": "Point", "coordinates": [ -63.2395144, -32.4073807, 0.0 ] } },
{ "type": "Feature", "properties": { "id": "paradas_omnibus.229", "paradas": null, "linea": "103", "source_file": "paradas_omnibus" }, "geometry": { "type": "Point", "coordinates": [ -63.241231, -32.4055963, 0.0 ] } },
{ "type": "Feature", "properties": { "id": "paradas_omnibus.230", "paradas": null, "linea": "103", "source_file": "paradas_omnibus" }, "geometry": { "type": "Point", "coordinates": [ -63.2442847, -32.4020896, 0.0 ] } },
{ "type": "Feature", "properties": { "id": "paradas_omnibus.231", "paradas": null, "linea": "103", "source_file": "paradas_omnibus" }, "geometry": { "type": "Point", "coordinates": [ -63.2506291, -32.3952232, 0.0 ] } },
{ "type": "Feature", "properties": { "id": "paradas_omnibus.232", "paradas": null, "linea": "103", "source_file": "paradas_omnibus" }, "geometry": { "type": "Point", "coordinates": [ -63.2527811, -32.3964983, 0.0 ] } },
{ "type": "Feature", "properties": { "id": "paradas_omnibus.233", "paradas": null, "linea": "103", "source_file": "paradas_omnibus" }, "geometry": { "type": "Point", "coordinates": [ -63.2544656, -32.3975084, 0.0 ] } },
{ "type": "Feature", "properties": { "id": "paradas_omnibus.234", "paradas": null, "linea": "103", "source_file": "paradas_omnibus" }, "geometry": { "type": "Point", "coordinates": [ -63.256386, -32.3986948, 0.0 ] } },
{ "type": "Feature", "properties": { "id": "paradas_omnibus.235", "paradas": null, "linea": "103", "source_file": "paradas_omnibus" }, "geometry": { "type": "Point", "coordinates": [ -63.2598353, -32.394614, 0.0 ] } },
{ "type": "Feature", "properties": { "id": "paradas_omnibus.236", "paradas": null, "linea": "103", "source_file": "paradas_omnibus" }, "geometry": { "type": "Point", "coordinates": [ -63.2605491, -32.3825861, 0.0 ] } },
{ "type": "Feature", "properties": { "id": "paradas_omnibus.237", "paradas": null, "linea": "103", "source_file": "paradas_omnibus" }, "geometry": { "type": "Point", "coordinates": [ -63.2467519, -32.3928328, 0.0 ] } },
{ "type": "Feature", "properties": { "id": "paradas_omnibus.238", "paradas": null, "linea": "103", "source_file": "paradas_omnibus" }, "geometry": { "type": "Point", "coordinates": [ -63.2455127, -32.3942415, 0.0 ] } },
{ "type": "Feature", "properties": { "id": "paradas_omnibus.239", "paradas": null, "linea": "103", "source_file": "paradas_omnibus" }, "geometry": { "type": "Point", "coordinates": [ -63.2437693, -32.3952607, 0.0 ] } },
{ "type": "Feature", "properties": { "id": "paradas_omnibus.240", "paradas": null, "linea": "103", "source_file": "paradas_omnibus" }, "geometry": { "type": "Point", "coordinates": [ -63.2445181, -32.3966492, 0.0 ] } },
{ "type": "Feature", "properties": { "id": "paradas_omnibus.241", "paradas": null, "linea": "103", "source_file": "paradas_omnibus" }, "geometry": { "type": "Point", "coordinates": [ -63.2473694, -32.3984349, 0.0 ] } },
{ "type": "Feature", "properties": { "id": "paradas_omnibus.242", "paradas": null, "linea": "103", "source_file": "paradas_omnibus" }, "geometry": { "type": "Point", "coordinates": [ -63.2428166, -32.4046191, 0.0 ] } },
{ "type": "Feature", "properties": { "id": "paradas_omnibus.243", "paradas": null, "linea": "103", "source_file": "paradas_omnibus" }, "geometry": { "type": "Point", "coordinates": [ -63.2446657, -32.4058447, 0.0 ] } },
{ "type": "Feature", "properties": { "id": "paradas_omnibus.244", "paradas": null, "linea": "103", "source_file": "paradas_omnibus" }, "geometry": { "type": "Point", "coordinates": [ -63.2468919, -32.4072623, 0.0 ] } },
{ "type": "Feature", "properties": { "id": "paradas_omnibus.245", "paradas": null, "linea": "103", "source_file": "paradas_omnibus" }, "geometry": { "type": "Point", "coordinates": [ -63.2472792, -32.3987411, 0.0 ] } },
{ "type": "Feature", "properties": { "id": "paradas_omnibus.246", "paradas": null, "linea": "103", "source_file": "paradas_omnibus" }, "geometry": { "type": "Point", "coordinates": [ -63.2581981, -32.3837867, 0.0 ] } },
{ "type": "Feature", "properties": { "id": "paradas_omnibus.247", "paradas": null, "linea": "103", "source_file": "paradas_omnibus" }, "geometry": { "type": "Point", "coordinates": [ -63.2508728, -32.3884527, 0.0 ] } },
{ "type": "Feature", "properties": { "id": "paradas_omnibus.248", "paradas": null, "linea": "103", "source_file": "paradas_omnibus" }, "geometry": { "type": "Point", "coordinates": [ -63.2482818, -32.3913224, 0.0 ] } },
{ "type": "Feature", "properties": { "id": "paradas_omnibus.249", "paradas": null, "linea": "103", "source_file": "paradas_omnibus" }, "geometry": { "type": "Point", "coordinates": [ -63.2443499, -32.4026483, 0.0 ] } },
{ "type": "Feature", "properties": { "id": "paradas_omnibus.250", "paradas": null, "linea": "104", "source_file": "paradas_omnibus" }, "geometry": { "type": "Point", "coordinates": [ -63.233112, -32.4145103, 0.0 ] } },
{ "type": "Feature", "properties": { "id": "paradas_omnibus.251", "paradas": null, "linea": "104", "source_file": "paradas_omnibus" }, "geometry": { "type": "Point", "coordinates": [ -63.23588, -32.411304, 0.0 ] } },
{ "type": "Feature", "properties": { "id": "paradas_omnibus.252", "paradas": null, "linea": "104", "source_file": "paradas_omnibus" }, "geometry": { "type": "Point", "coordinates": [ -63.2374384, -32.4095717, 0.0 ] } },
{ "type": "Feature", "properties": { "id": "paradas_omnibus.253", "paradas": null, "linea": "104", "source_file": "paradas_omnibus" }, "geometry": { "type": "Point", "coordinates": [ -63.2395628, -32.4073593, 0.0 ] } },
{ "type": "Feature", "properties": { "id": "paradas_omnibus.254", "paradas": null, "linea": "104", "source_file": "paradas_omnibus" }, "geometry": { "type": "Point", "coordinates": [ -63.2412472, -32.4054889, 0.0 ] } },
{ "type": "Feature", "properties": { "id": "paradas_omnibus.255", "paradas": null, "linea": "104", "source_file": "paradas_omnibus" }, "geometry": { "type": "Point", "coordinates": [ -63.2444068, -32.4019448, 0.0 ] } },
{ "type": "Feature", "properties": { "id": "paradas_omnibus.256", "paradas": null, "linea": "104", "source_file": "paradas_omnibus" }, "geometry": { "type": "Point", "coordinates": [ -63.247308, -32.3987081, 0.0 ] } },
{ "type": "Feature", "properties": { "id": "paradas_omnibus.257", "paradas": null, "linea": "104", "source_file": "paradas_omnibus" }, "geometry": { "type": "Point", "coordinates": [ -63.2444924, -32.4025473, 0.0 ] } },
{ "type": "Feature", "properties": { "id": "paradas_omnibus.258", "paradas": null, "linea": "104", "source_file": "paradas_omnibus" }, "geometry": { "type": "Point", "coordinates": [ -63.2418987, -32.4054368, 0.0 ] } },
{ "type": "Feature", "properties": { "id": "paradas_omnibus.259", "paradas": null, "linea": "104", "source_file": "paradas_omnibus" }, "geometry": { "type": "Point", "coordinates": [ -63.2404799, -32.407022, 0.0 ] } },
{ "type": "Feature", "properties": { "id": "paradas_omnibus.260", "paradas": null, "linea": "104", "source_file": "paradas_omnibus" }, "geometry": { "type": "Point", "coordinates": [ -63.2372612, -32.4107719, 0.0 ] } },
{ "type": "Feature", "properties": { "id": "paradas_omnibus.261", "paradas": null, "linea": "104", "source_file": "paradas_omnibus" }, "geometry": { "type": "Point", "coordinates": [ -63.2354588, -32.412837, 0.0 ] } },
{ "type": "Feature", "properties": { "id": "paradas_omnibus.262", "paradas": null, "linea": "104", "source_file": "paradas_omnibus" }, "geometry": { "type": "Point", "coordinates": [ -63.2336214, -32.41483, 0.0 ] } },
{ "type": "Feature", "properties": { "id": "paradas_omnibus.263", "paradas": null, "linea": "104", "source_file": "paradas_omnibus" }, "geometry": { "type": "Point", "coordinates": [ -63.260625, -32.3826646, 0.0 ] } },
{ "type": "Feature", "properties": { "id": "paradas_omnibus.264", "paradas": null, "linea": "104", "source_file": "paradas_omnibus" }, "geometry": { "type": "Point", "coordinates": [ -63.2476148, -32.3988983, 0.0 ] } },
{ "type": "Feature", "properties": { "id": "paradas_omnibus.265", "paradas": "Centro de  Transferencia", "linea": "12", "source_file": "paradas_omnibus" }, "geometry": { "type": "Point", "coordinates": [ -63.2461354, -32.4103727, 0.0 ] } },
{ "type": "Feature", "properties": { "id": "paradas_omnibus.266", "paradas": "jose ingnieros", "linea": "12", "source_file": "paradas_omnibus" }, "geometry": { "type": "Point", "coordinates": [ -63.2428492, -32.4093765, 0.0 ] } },
{ "type": "Feature", "properties": { "id": "paradas_omnibus.267", "paradas": "Lisandro catamarca", "linea": "12", "source_file": "paradas_omnibus" }, "geometry": { "type": "Point", "coordinates": [ -63.2431897, -32.4075495, 0.0 ] } },
{ "type": "Feature", "properties": { "id": "paradas_omnibus.268", "paradas": "san juan españa", "linea": "12", "source_file": "paradas_omnibus" }, "geometry": { "type": "Point", "coordinates": [ -63.2417655, -32.4056716, 0.0 ] } },
{ "type": "Feature", "properties": { "id": "paradas_omnibus.269", "paradas": "san juan planes", "linea": "12", "source_file": "paradas_omnibus" }, "geometry": { "type": "Point", "coordinates": [ -63.2382291, -32.4034395, 0.0 ] } },
{ "type": "Feature", "properties": { "id": "paradas_omnibus.270", "paradas": "salta y planes", "linea": "12", "source_file": "paradas_omnibus" }, "geometry": { "type": "Point", "coordinates": [ -63.239609, -32.4013848, 0.0 ] } },
{ "type": "Feature", "properties": { "id": "paradas_omnibus.271", "paradas": "planes y velez", "linea": "12", "source_file": "paradas_omnibus" }, "geometry": { "type": "Point", "coordinates": [ -63.2414605, -32.3993718, 0.0 ] } },
{ "type": "Feature", "properties": { "id": "paradas_omnibus.272", "paradas": "L y Planes-Tte. Ibañez", "linea": "12", "source_file": "paradas_omnibus" }, "geometry": { "type": "Point", "coordinates": [ -63.243127, -32.3977451, 0.0 ] } },
{ "type": "Feature", "properties": { "id": "paradas_omnibus.273", "paradas": "independencia ibanez", "linea": "12", "source_file": "paradas_omnibus" }, "geometry": { "type": "Point", "coordinates": [ -63.2413613, -32.3965399, 0.0 ] } },
{ "type": "Feature", "properties": { "id": "paradas_omnibus.274", "paradas": "ibanes y arines", "linea": "12", "source_file": "paradas_omnibus" }, "geometry": { "type": "Point", "coordinates": [ -63.2392938, -32.3952297, 0.0 ] } },
{ "type": "Feature", "properties": { "id": "paradas_omnibus.275", "paradas": "ibanez y poretti", "linea": "12", "source_file": "paradas_omnibus" }, "geometry": { "type": "Point", "coordinates": [ -63.2361979, -32.3932048, 0.0 ] } },
{ "type": "Feature", "properties": { "id": "paradas_omnibus.276", "paradas": "Tte. Ibañez-Int. Reyno", "linea": "12", "source_file": "paradas_omnibus" }, "geometry": { "type": "Point", "coordinates": [ -63.2341575, -32.3918847, 0.0 ] } },
{ "type": "Feature", "properties": { "id": "paradas_omnibus.277", "paradas": "reyno y velez", "linea": "12", "source_file": "paradas_omnibus" }, "geometry": { "type": "Point", "coordinates": [ -63.2317685, -32.394595, 0.0 ] } },
{ "type": "Feature", "properties": { "id": "paradas_omnibus.278", "paradas": "reyno y rioja", "linea": "12", "source_file": "paradas_omnibus" }, "geometry": { "type": "Point", "coordinates": [ -63.230136, -32.3964646, 0.0 ] } },
{ "type": "Feature", "properties": { "id": "paradas_omnibus.279", "paradas": "reyno y catamarca", "linea": "12", "source_file": "paradas_omnibus" }, "geometry": { "type": "Point", "coordinates": [ -63.2284648, -32.3983443, 0.0 ] } },
{ "type": "Feature", "properties": { "id": "paradas_omnibus.280", "paradas": "Int. Reyno-Bs. As.", "linea": "12", "source_file": "paradas_omnibus" }, "geometry": { "type": "Point", "coordinates": [ -63.2267726, -32.4001996, 0.0 ] } },
{ "type": "Feature", "properties": { "id": "paradas_omnibus.281", "paradas": "bsas y monteagudo", "linea": "12", "source_file": "paradas_omnibus" }, "geometry": { "type": "Point", "coordinates": [ -63.2245782, -32.3991876, 0.0 ] } },
{ "type": "Feature", "properties": { "id": "paradas_omnibus.282", "paradas": "Bs. As. - M. Gilli", "linea": "12", "source_file": "paradas_omnibus" }, "geometry": { "type": "Point", "coordinates": [ -63.2214162, -32.3971192, 0.0 ] } },
{ "type": "Feature", "properties": { "id": "paradas_omnibus.283", "paradas": "ferrary y catamarca", "linea": "12", "source_file": "paradas_omnibus" }, "geometry": { "type": "Point", "coordinates": [ -63.2224614, -32.3949873, 0.0 ] } },
{ "type": "Feature", "properties": { "id": "paradas_omnibus.284", "paradas": "catamarca y sarno", "linea": "12", "source_file": "paradas_omnibus" }, "geometry": { "type": "Point", "coordinates": [ -63.2235594, -32.3953502, 0.0 ] } },
{ "type": "Feature", "properties": { "id": "paradas_omnibus.285", "paradas": "sarno y bsas", "linea": "12", "source_file": "paradas_omnibus" }, "geometry": { "type": "Point", "coordinates": [ -63.2221281, -32.3972719, 0.0 ] } },
{ "type": "Feature", "properties": { "id": "paradas_omnibus.286", "paradas": "Brandsen-Entre Rios", "linea": "12", "source_file": "paradas_omnibus" }, "geometry": { "type": "Point", "coordinates": [ -63.225898, -32.4019638, 0.0 ] } },
{ "type": "Feature", "properties": { "id": "paradas_omnibus.287", "paradas": "mendoza y gorriti", "linea": "12", "source_file": "paradas_omnibus" }, "geometry": { "type": "Point", "coordinates": [ -63.22266, -32.4026749, 0.0 ] } },
{ "type": "Feature", "properties": { "id": "paradas_omnibus.288", "paradas": "perazzolo y tucuman", "linea": "12", "source_file": "paradas_omnibus" }, "geometry": { "type": "Point", "coordinates": [ -63.2199027, -32.4018959, 0.0 ] } },
{ "type": "Feature", "properties": { "id": "paradas_omnibus.289", "paradas": "Perazzolo y santiago", "linea": "12", "source_file": "paradas_omnibus" }, "geometry": { "type": "Point", "coordinates": [ -63.2181565, -32.4038004, 0.0 ] } },
{ "type": "Feature", "properties": { "id": "paradas_omnibus.290", "paradas": "sarmiento y perazzolo", "linea": "12", "source_file": "paradas_omnibus" }, "geometry": { "type": "Point", "coordinates": [ -63.2173099, -32.4051836, 0.0 ] } },
{ "type": "Feature", "properties": { "id": "paradas_omnibus.291", "paradas": "sarmiento y gorriti", "linea": "12", "source_file": "paradas_omnibus" }, "geometry": { "type": "Point", "coordinates": [ -63.2191984, -32.4063874, 0.0 ] } },
{ "type": "Feature", "properties": { "id": "paradas_omnibus.292", "paradas": "brandsen y santiago", "linea": "12", "source_file": "paradas_omnibus" }, "geometry": { "type": "Point", "coordinates": [ -63.2216177, -32.4063392, 0.0 ] } },
{ "type": "Feature", "properties": { "id": "paradas_omnibus.293", "paradas": "brandsen y mendoza", "linea": "12", "source_file": "paradas_omnibus" }, "geometry": { "type": "Point", "coordinates": [ -63.2240166, -32.4036843, 0.0 ] } },
{ "type": "Feature", "properties": { "id": "paradas_omnibus.294", "paradas": "mendoza y 17 de agosto", "linea": "12", "source_file": "paradas_omnibus" }, "geometry": { "type": "Point", "coordinates": [ -63.2266765, -32.4050357, 0.0 ] } },
{ "type": "Feature", "properties": { "id": "paradas_omnibus.295", "paradas": "mendoza y ruta pesada", "linea": "12", "source_file": "paradas_omnibus" }, "geometry": { "type": "Point", "coordinates": [ -63.2287186, -32.4063701, 0.0 ] } },
{ "type": "Feature", "properties": { "id": "paradas_omnibus.296", "paradas": "Bs. As.-Int. Peña", "linea": "12", "source_file": "paradas_omnibus" }, "geometry": { "type": "Point", "coordinates": [ -63.2320745, -32.4038568, 0.0 ] } },
{ "type": "Feature", "properties": { "id": "paradas_omnibus.297", "paradas": "bsas y planes", "linea": "12", "source_file": "paradas_omnibus" }, "geometry": { "type": "Point", "coordinates": [ -63.2354701, -32.4060276, 0.0 ] } },
{ "type": "Feature", "properties": { "id": "paradas_omnibus.298", "paradas": "Bs. As-España", "linea": "12", "source_file": "paradas_omnibus" }, "geometry": { "type": "Point", "coordinates": [ -63.2387726, -32.408118, 0.0 ] } },
{ "type": "Feature", "properties": { "id": "paradas_omnibus.299", "paradas": "Bv. España-Catamarca", "linea": "12", "source_file": "paradas_omnibus" }, "geometry": { "type": "Point", "coordinates": [ -63.2410489, -32.406495, 0.0 ] } },
{ "type": "Feature", "properties": { "id": "paradas_omnibus.300", "paradas": "catamarca y lisandro", "linea": "12", "source_file": "paradas_omnibus" }, "geometry": { "type": "Point", "coordinates": [ -63.2433461, -32.4079274, 0.0 ] } },
{ "type": "Feature", "properties": { "id": "paradas_omnibus.301", "paradas": null, "linea": "13", "source_file": "paradas_omnibus" }, "geometry": { "type": "Point", "coordinates": [ -63.2462176, -32.4100772, 0.0 ] } },
{ "type": "Feature", "properties": { "id": "paradas_omnibus.302", "paradas": null, "linea": "13", "source_file": "paradas_omnibus" }, "geometry": { "type": "Point", "coordinates": [ -63.2430406, -32.409523, 0.0 ] } },
{ "type": "Feature", "properties": { "id": "paradas_omnibus.303", "paradas": null, "linea": "13", "source_file": "paradas_omnibus" }, "geometry": { "type": "Point", "coordinates": [ -63.2430715, -32.4077386, 0.0 ] } },
{ "type": "Feature", "properties": { "id": "paradas_omnibus.304", "paradas": null, "linea": "13", "source_file": "paradas_omnibus" }, "geometry": { "type": "Point", "coordinates": [ -63.2418846, -32.4057345, 0.0 ] } },
{ "type": "Feature", "properties": { "id": "paradas_omnibus.305", "paradas": null, "linea": "13", "source_file": "paradas_omnibus" }, "geometry": { "type": "Point", "coordinates": [ -63.2382181, -32.403436, 0.0 ] } },
{ "type": "Feature", "properties": { "id": "paradas_omnibus.306", "paradas": null, "linea": "13", "source_file": "paradas_omnibus" }, "geometry": { "type": "Point", "coordinates": [ -63.235949, -32.401973, 0.0 ] } },
{ "type": "Feature", "properties": { "id": "paradas_omnibus.307", "paradas": null, "linea": "13", "source_file": "paradas_omnibus" }, "geometry": { "type": "Point", "coordinates": [ -63.2330361, -32.400116, 0.0 ] } },
{ "type": "Feature", "properties": { "id": "paradas_omnibus.308", "paradas": null, "linea": "13", "source_file": "paradas_omnibus" }, "geometry": { "type": "Point", "coordinates": [ -63.228082, -32.3982468, 0.0 ] } },
{ "type": "Feature", "properties": { "id": "paradas_omnibus.309", "paradas": null, "linea": "13", "source_file": "paradas_omnibus" }, "geometry": { "type": "Point", "coordinates": [ -63.2245361, -32.3991527, 0.0 ] } },
{ "type": "Feature", "properties": { "id": "paradas_omnibus.310", "paradas": null, "linea": "13", "source_file": "paradas_omnibus" }, "geometry": { "type": "Point", "coordinates": [ -63.2214569, -32.3971303, 0.0 ] } },
{ "type": "Feature", "properties": { "id": "paradas_omnibus.311", "paradas": null, "linea": "13", "source_file": "paradas_omnibus" }, "geometry": { "type": "Point", "coordinates": [ -63.2224933, -32.3949648, 0.0 ] } },
{ "type": "Feature", "properties": { "id": "paradas_omnibus.312", "paradas": null, "linea": "13", "source_file": "paradas_omnibus" }, "geometry": { "type": "Point", "coordinates": [ -63.2235273, -32.3953486, 0.0 ] } },
{ "type": "Feature", "properties": { "id": "paradas_omnibus.313", "paradas": null, "linea": "13", "source_file": "paradas_omnibus" }, "geometry": { "type": "Point", "coordinates": [ -63.226065, -32.3968547, 0.0 ] } },
{ "type": "Feature", "properties": { "id": "paradas_omnibus.314", "paradas": null, "linea": "13", "source_file": "paradas_omnibus" }, "geometry": { "type": "Point", "coordinates": [ -63.2296252, -32.3966569, 0.0 ] } },
{ "type": "Feature", "properties": { "id": "paradas_omnibus.315", "paradas": null, "linea": "13", "source_file": "paradas_omnibus" }, "geometry": { "type": "Point", "coordinates": [ -63.2323369, -32.3935926, 0.0 ] } },
{ "type": "Feature", "properties": { "id": "paradas_omnibus.316", "paradas": null, "linea": "13", "source_file": "paradas_omnibus" }, "geometry": { "type": "Point", "coordinates": [ -63.2335534, -32.3922458, 0.0 ] } },
{ "type": "Feature", "properties": { "id": "paradas_omnibus.317", "paradas": null, "linea": "13", "source_file": "paradas_omnibus" }, "geometry": { "type": "Point", "coordinates": [ -63.2361282, -32.3929841, 0.0 ] } },
{ "type": "Feature", "properties": { "id": "paradas_omnibus.318", "paradas": null, "linea": "13", "source_file": "paradas_omnibus" }, "geometry": { "type": "Point", "coordinates": [ -63.2409656, -32.3947167, 0.0 ] } },
{ "type": "Feature", "properties": { "id": "paradas_omnibus.319", "paradas": null, "linea": "13", "source_file": "paradas_omnibus" }, "geometry": { "type": "Point", "coordinates": [ -63.2379588, -32.4016377, 0.0 ] } },
{ "type": "Feature", "properties": { "id": "paradas_omnibus.320", "paradas": null, "linea": "13", "source_file": "paradas_omnibus" }, "geometry": { "type": "Point", "coordinates": [ -63.2428351, -32.4046621, 0.0 ] } },
{ "type": "Feature", "properties": { "id": "paradas_omnibus.321", "paradas": null, "linea": "13", "source_file": "paradas_omnibus" }, "geometry": { "type": "Point", "coordinates": [ -63.2447207, -32.4059042, 0.0 ] } },
{ "type": "Feature", "properties": { "id": "paradas_omnibus.322", "paradas": null, "linea": "13", "source_file": "paradas_omnibus" }, "geometry": { "type": "Point", "coordinates": [ -63.2468396, -32.4072584, 0.0 ] } },
{ "type": "Feature", "properties": { "id": "paradas_omnibus.323", "paradas": null, "linea": "13", "source_file": "paradas_omnibus" }, "geometry": { "type": "Point", "coordinates": [ -63.2300304, -32.40264, 0.0 ] } },
{ "type": "Feature", "properties": { "id": "paradas_omnibus.324", "paradas": null, "linea": "13", "source_file": "paradas_omnibus" }, "geometry": { "type": "Point", "coordinates": [ -63.2270838, -32.4007535, 0.0 ] } },
{ "type": "Feature", "properties": { "id": "paradas_omnibus.325", "paradas": null, "linea": "13", "source_file": "paradas_omnibus" }, "geometry": { "type": "Point", "coordinates": [ -63.2397044, -32.3964816, 0.0 ] } },
{ "type": "Feature", "properties": { "id": "paradas_omnibus.326", "paradas": null, "linea": "13", "source_file": "paradas_omnibus" }, "geometry": { "type": "Point", "coordinates": [ -63.2415323, -32.3978158, 0.0 ] } },
{ "type": "Feature", "properties": { "id": "paradas_omnibus.327", "paradas": null, "linea": "13", "source_file": "paradas_omnibus" }, "geometry": { "type": "Point", "coordinates": [ -63.2394552, -32.4000334, 0.0 ] } },
{ "type": "Feature", "properties": { "id": "paradas_omnibus.328", "paradas": null, "linea": "13", "source_file": "paradas_omnibus" }, "geometry": { "type": "Point", "coordinates": [ -63.2421597, -32.3873098, 0.0 ] } },
{ "type": "Feature", "properties": { "id": "paradas_omnibus.329", "paradas": null, "linea": "13", "source_file": "paradas_omnibus" }, "geometry": { "type": "Point", "coordinates": [ -63.2412972, -32.3912204, 0.0 ] } },
{ "type": "Feature", "properties": { "id": "paradas_omnibus.330", "paradas": null, "linea": "13", "source_file": "paradas_omnibus" }, "geometry": { "type": "Point", "coordinates": [ -63.2461318, -32.410512, 0.0 ] } },
{ "type": "Feature", "properties": { "id": "paradas_omnibus.331", "paradas": null, "linea": "14", "source_file": "paradas_omnibus" }, "geometry": { "type": "Point", "coordinates": [ -63.2435043, -32.4135934, 0.0 ] } },
{ "type": "Feature", "properties": { "id": "paradas_omnibus.332", "paradas": null, "linea": "14", "source_file": "paradas_omnibus" }, "geometry": { "type": "Point", "coordinates": [ -63.2358493, -32.4110645, 0.0 ] } },
{ "type": "Feature", "properties": { "id": "paradas_omnibus.333", "paradas": null, "linea": "14", "source_file": "paradas_omnibus" }, "geometry": { "type": "Point", "coordinates": [ -63.2399153, -32.4135125, 0.0 ] } },
{ "type": "Feature", "properties": { "id": "paradas_omnibus.334", "paradas": null, "linea": "14", "source_file": "paradas_omnibus" }, "geometry": { "type": "Point", "coordinates": [ -63.2467766, -32.4096172, 0.0 ] } },
{ "type": "Feature", "properties": { "id": "paradas_omnibus.335", "paradas": null, "linea": "14", "source_file": "paradas_omnibus" }, "geometry": { "type": "Point", "coordinates": [ -63.2286319, -32.4065162, 0.0 ] } },
{ "type": "Feature", "properties": { "id": "paradas_omnibus.336", "paradas": null, "linea": "14", "source_file": "paradas_omnibus" }, "geometry": { "type": "Point", "coordinates": [ -63.2304987, -32.4076847, 0.0 ] } },
{ "type": "Feature", "properties": { "id": "paradas_omnibus.337", "paradas": null, "linea": "14", "source_file": "paradas_omnibus" }, "geometry": { "type": "Point", "coordinates": [ -63.2267974, -32.4053363, 0.0 ] } },
{ "type": "Feature", "properties": { "id": "paradas_omnibus.338", "paradas": null, "linea": "14", "source_file": "paradas_omnibus" }, "geometry": { "type": "Point", "coordinates": [ -63.224319, -32.4037874, 0.0 ] } },
{ "type": "Feature", "properties": { "id": "paradas_omnibus.339", "paradas": null, "linea": "14", "source_file": "paradas_omnibus" }, "geometry": { "type": "Point", "coordinates": [ -63.2220659, -32.4034431, 0.0 ] } },
{ "type": "Feature", "properties": { "id": "paradas_omnibus.340", "paradas": null, "linea": "14", "source_file": "paradas_omnibus" }, "geometry": { "type": "Point", "coordinates": [ -63.2190297, -32.4022928, 0.0 ] } },
{ "type": "Feature", "properties": { "id": "paradas_omnibus.341", "paradas": null, "linea": "14", "source_file": "paradas_omnibus" }, "geometry": { "type": "Point", "coordinates": [ -63.2210681, -32.4074787, 0.0 ] } },
{ "type": "Feature", "properties": { "id": "paradas_omnibus.342", "paradas": null, "linea": "14", "source_file": "paradas_omnibus" }, "geometry": { "type": "Point", "coordinates": [ -63.2216904, -32.4086291, 0.0 ] } },
{ "type": "Feature", "properties": { "id": "paradas_omnibus.343", "paradas": null, "linea": "14", "source_file": "paradas_omnibus" }, "geometry": { "type": "Point", "coordinates": [ -63.2183967, -32.4086381, 0.0 ] } },
{ "type": "Feature", "properties": { "id": "paradas_omnibus.344", "paradas": null, "linea": "14", "source_file": "paradas_omnibus" }, "geometry": { "type": "Point", "coordinates": [ -63.2154033, -32.4073247, 0.0 ] } },
{ "type": "Feature", "properties": { "id": "paradas_omnibus.345", "paradas": null, "linea": "14", "source_file": "paradas_omnibus" }, "geometry": { "type": "Point", "coordinates": [ -63.2139335, -32.4068447, 0.0 ] } },
{ "type": "Feature", "properties": { "id": "paradas_omnibus.346", "paradas": null, "linea": "14", "source_file": "paradas_omnibus" }, "geometry": { "type": "Point", "coordinates": [ -63.2120452, -32.4068628, 0.0 ] } },
{ "type": "Feature", "properties": { "id": "paradas_omnibus.347", "paradas": null, "linea": "14", "source_file": "paradas_omnibus" }, "geometry": { "type": "Point", "coordinates": [ -63.2118414, -32.4056852, 0.0 ] } },
{ "type": "Feature", "properties": { "id": "paradas_omnibus.348", "paradas": null, "linea": "14", "source_file": "paradas_omnibus" }, "geometry": { "type": "Point", "coordinates": [ -63.214663, -32.4043628, 0.0 ] } },
{ "type": "Feature", "properties": { "id": "paradas_omnibus.349", "paradas": null, "linea": "14", "source_file": "paradas_omnibus" }, "geometry": { "type": "Point", "coordinates": [ -63.2220612, -32.4065233, 0.0 ] } },
{ "type": "Feature", "properties": { "id": "paradas_omnibus.350", "paradas": null, "linea": "14", "source_file": "paradas_omnibus" }, "geometry": { "type": "Point", "coordinates": [ -63.2239172, -32.4039689, 0.0 ] } },
{ "type": "Feature", "properties": { "id": "paradas_omnibus.351", "paradas": null, "linea": "14", "source_file": "paradas_omnibus" }, "geometry": { "type": "Point", "coordinates": [ -63.2266746, -32.4050197, 0.0 ] } },
{ "type": "Feature", "properties": { "id": "paradas_omnibus.352", "paradas": null, "linea": "14", "source_file": "paradas_omnibus" }, "geometry": { "type": "Point", "coordinates": [ -63.2287989, -32.4062697, 0.0 ] } },
{ "type": "Feature", "properties": { "id": "paradas_omnibus.353", "paradas": null, "linea": "14", "source_file": "paradas_omnibus" }, "geometry": { "type": "Point", "coordinates": [ -63.2309983, -32.4077008, 0.0 ] } },
{ "type": "Feature", "properties": { "id": "paradas_omnibus.354", "paradas": null, "linea": "14", "source_file": "paradas_omnibus" }, "geometry": { "type": "Point", "coordinates": [ -63.2327578, -32.4088421, 0.0 ] } },
{ "type": "Feature", "properties": { "id": "paradas_omnibus.355", "paradas": null, "linea": "14", "source_file": "paradas_omnibus" }, "geometry": { "type": "Point", "coordinates": [ -63.2353113, -32.4104997, 0.0 ] } },
{ "type": "Feature", "properties": { "id": "paradas_omnibus.356", "paradas": null, "linea": "14", "source_file": "paradas_omnibus" }, "geometry": { "type": "Point", "coordinates": [ -63.2375214, -32.4096483, 0.0 ] } },
{ "type": "Feature", "properties": { "id": "paradas_omnibus.357", "paradas": null, "linea": "14", "source_file": "paradas_omnibus" }, "geometry": { "type": "Point", "coordinates": [ -63.2395711, -32.40732, 0.0 ] } },
{ "type": "Feature", "properties": { "id": "paradas_omnibus.358", "paradas": null, "linea": "14", "source_file": "paradas_omnibus" }, "geometry": { "type": "Point", "coordinates": [ -63.2426611, -32.4045572, 0.0 ] } },
{ "type": "Feature", "properties": { "id": "paradas_omnibus.359", "paradas": null, "linea": "14", "source_file": "paradas_omnibus" }, "geometry": { "type": "Point", "coordinates": [ -63.2447136, -32.4058456, 0.0 ] } },
{ "type": "Feature", "properties": { "id": "paradas_omnibus.360", "paradas": null, "linea": "14", "source_file": "paradas_omnibus" }, "geometry": { "type": "Point", "coordinates": [ -63.2468486, -32.4072315, 0.0 ] } },
{ "type": "Feature", "properties": { "id": "paradas_omnibus.361", "paradas": null, "linea": "14", "source_file": "paradas_omnibus" }, "geometry": { "type": "Point", "coordinates": [ -63.2329204, -32.4092439, 0.0 ] } },
{ "type": "Feature", "properties": { "id": "paradas_omnibus.362", "paradas": null, "linea": "14", "source_file": "paradas_omnibus" }, "geometry": { "type": "Point", "coordinates": [ -63.2377323, -32.4120925, 0.0 ] } },
{ "type": "Feature", "properties": { "id": "paradas_omnibus.363", "paradas": null, "linea": "14", "source_file": "paradas_omnibus" }, "geometry": { "type": "Point", "coordinates": [ -63.2175277, -32.4039189, 0.0 ] } },
{ "type": "Feature", "properties": { "id": "paradas_omnibus.364", "paradas": null, "linea": "15", "source_file": "paradas_omnibus" }, "geometry": { "type": "Point", "coordinates": [ -63.2430442, -32.4094543, 0.0 ] } },
{ "type": "Feature", "properties": { "id": "paradas_omnibus.365", "paradas": null, "linea": "15", "source_file": "paradas_omnibus" }, "geometry": { "type": "Point", "coordinates": [ -63.241219, -32.4082451, 0.0 ] } },
{ "type": "Feature", "properties": { "id": "paradas_omnibus.366", "paradas": null, "linea": "15", "source_file": "paradas_omnibus" }, "geometry": { "type": "Point", "coordinates": [ -63.237873, -32.411927, 0.0 ] } },
{ "type": "Feature", "properties": { "id": "paradas_omnibus.367", "paradas": null, "linea": "15", "source_file": "paradas_omnibus" }, "geometry": { "type": "Point", "coordinates": [ -63.2350097, -32.4133229, 0.0 ] } },
{ "type": "Feature", "properties": { "id": "paradas_omnibus.368", "paradas": null, "linea": "15", "source_file": "paradas_omnibus" }, "geometry": { "type": "Point", "coordinates": [ -63.2331361, -32.4121308, 0.0 ] } },
{ "type": "Feature", "properties": { "id": "paradas_omnibus.369", "paradas": null, "linea": "15", "source_file": "paradas_omnibus" }, "geometry": { "type": "Point", "coordinates": [ -63.2308562, -32.4113745, 0.0 ] } },
{ "type": "Feature", "properties": { "id": "paradas_omnibus.370", "paradas": null, "linea": "15", "source_file": "paradas_omnibus" }, "geometry": { "type": "Point", "coordinates": [ -63.2288151, -32.4136751, 0.0 ] } },
{ "type": "Feature", "properties": { "id": "paradas_omnibus.371", "paradas": null, "linea": "15", "source_file": "paradas_omnibus" }, "geometry": { "type": "Point", "coordinates": [ -63.2256528, -32.4172662, 0.0 ] } },
{ "type": "Feature", "properties": { "id": "paradas_omnibus.372", "paradas": null, "linea": "15", "source_file": "paradas_omnibus" }, "geometry": { "type": "Point", "coordinates": [ -63.2229653, -32.4166549, 0.0 ] } },
{ "type": "Feature", "properties": { "id": "paradas_omnibus.373", "paradas": null, "linea": "15", "source_file": "paradas_omnibus" }, "geometry": { "type": "Point", "coordinates": [ -63.2209429, -32.4154367, 0.0 ] } },
{ "type": "Feature", "properties": { "id": "paradas_omnibus.374", "paradas": null, "linea": "15", "source_file": "paradas_omnibus" }, "geometry": { "type": "Point", "coordinates": [ -63.2196071, -32.416784, 0.0 ] } },
{ "type": "Feature", "properties": { "id": "paradas_omnibus.375", "paradas": null, "linea": "15", "source_file": "paradas_omnibus" }, "geometry": { "type": "Point", "coordinates": [ -63.2162865, -32.4179523, 0.0 ] } },
{ "type": "Feature", "properties": { "id": "paradas_omnibus.376", "paradas": null, "linea": "15", "source_file": "paradas_omnibus" }, "geometry": { "type": "Point", "coordinates": [ -63.2133106, -32.4185081, 0.0 ] } },
{ "type": "Feature", "properties": { "id": "paradas_omnibus.377", "paradas": null, "linea": "15", "source_file": "paradas_omnibus" }, "geometry": { "type": "Point", "coordinates": [ -63.2100249, -32.4218762, 0.0 ] } },
{ "type": "Feature", "properties": { "id": "paradas_omnibus.378", "paradas": null, "linea": "15", "source_file": "paradas_omnibus" }, "geometry": { "type": "Point", "coordinates": [ -63.2077317, -32.421934, 0.0 ] } },
{ "type": "Feature", "properties": { "id": "paradas_omnibus.379", "paradas": null, "linea": "15", "source_file": "paradas_omnibus" }, "geometry": { "type": "Point", "coordinates": [ -63.2053069, -32.4227015, 0.0 ] } },
{ "type": "Feature", "properties": { "id": "paradas_omnibus.380", "paradas": null, "linea": "15", "source_file": "paradas_omnibus" }, "geometry": { "type": "Point", "coordinates": [ -63.2085564, -32.4227785, 0.0 ] } },
{ "type": "Feature", "properties": { "id": "paradas_omnibus.381", "paradas": null, "linea": "15", "source_file": "paradas_omnibus" }, "geometry": { "type": "Point", "coordinates": [ -63.2097513, -32.4220201, 0.0 ] } },
{ "type": "Feature", "properties": { "id": "paradas_omnibus.382", "paradas": null, "linea": "15", "source_file": "paradas_omnibus" }, "geometry": { "type": "Point", "coordinates": [ -63.2108832, -32.4186102, 0.0 ] } },
{ "type": "Feature", "properties": { "id": "paradas_omnibus.383", "paradas": null, "linea": "15", "source_file": "paradas_omnibus" }, "geometry": { "type": "Point", "coordinates": [ -63.2108805, -32.416261, 0.0 ] } },
{ "type": "Feature", "properties": { "id": "paradas_omnibus.384", "paradas": null, "linea": "15", "source_file": "paradas_omnibus" }, "geometry": { "type": "Point", "coordinates": [ -63.2109073, -32.4139888, 0.0 ] } },
{ "type": "Feature", "properties": { "id": "paradas_omnibus.385", "paradas": null, "linea": "15", "source_file": "paradas_omnibus" }, "geometry": { "type": "Point", "coordinates": [ -63.2120338, -32.413502, 0.0 ] } },
{ "type": "Feature", "properties": { "id": "paradas_omnibus.386", "paradas": null, "linea": "15", "source_file": "paradas_omnibus" }, "geometry": { "type": "Point", "coordinates": [ -63.2133159, -32.4155353, 0.0 ] } },
{ "type": "Feature", "properties": { "id": "paradas_omnibus.387", "paradas": null, "linea": "15", "source_file": "paradas_omnibus" }, "geometry": { "type": "Point", "coordinates": [ -63.2177885, -32.4172924, 0.0 ] } },
{ "type": "Feature", "properties": { "id": "paradas_omnibus.388", "paradas": null, "linea": "15", "source_file": "paradas_omnibus" }, "geometry": { "type": "Point", "coordinates": [ -63.220802, -32.4176626, 0.0 ] } },
{ "type": "Feature", "properties": { "id": "paradas_omnibus.389", "paradas": null, "linea": "15", "source_file": "paradas_omnibus" }, "geometry": { "type": "Point", "coordinates": [ -63.2223416, -32.4184313, 0.0 ] } },
{ "type": "Feature", "properties": { "id": "paradas_omnibus.390", "paradas": null, "linea": "15", "source_file": "paradas_omnibus" }, "geometry": { "type": "Point", "coordinates": [ -63.2239161, -32.416577, 0.0 ] } },
{ "type": "Feature", "properties": { "id": "paradas_omnibus.391", "paradas": null, "linea": "15", "source_file": "paradas_omnibus" }, "geometry": { "type": "Point", "coordinates": [ -63.2256863, -32.4146025, 0.0 ] } },
{ "type": "Feature", "properties": { "id": "paradas_omnibus.392", "paradas": null, "linea": "15", "source_file": "paradas_omnibus" }, "geometry": { "type": "Point", "coordinates": [ -63.2280789, -32.4118718, 0.0 ] } },
{ "type": "Feature", "properties": { "id": "paradas_omnibus.393", "paradas": null, "linea": "15", "source_file": "paradas_omnibus" }, "geometry": { "type": "Point", "coordinates": [ -63.2298839, -32.4098496, 0.0 ] } },
{ "type": "Feature", "properties": { "id": "paradas_omnibus.394", "paradas": null, "linea": "15", "source_file": "paradas_omnibus" }, "geometry": { "type": "Point", "coordinates": [ -63.2312988, -32.4082362, 0.0 ] } },
{ "type": "Feature", "properties": { "id": "paradas_omnibus.395", "paradas": null, "linea": "15", "source_file": "paradas_omnibus" }, "geometry": { "type": "Point", "coordinates": [ -63.2326869, -32.408919, 0.0 ] } },
{ "type": "Feature", "properties": { "id": "paradas_omnibus.396", "paradas": null, "linea": "15", "source_file": "paradas_omnibus" }, "geometry": { "type": "Point", "coordinates": [ -63.2360021, -32.4110294, 0.0 ] } },
{ "type": "Feature", "properties": { "id": "paradas_omnibus.397", "paradas": null, "linea": "15", "source_file": "paradas_omnibus" }, "geometry": { "type": "Point", "coordinates": [ -63.2374558, -32.4097069, 0.0 ] } },
{ "type": "Feature", "properties": { "id": "paradas_omnibus.398", "paradas": null, "linea": "15", "source_file": "paradas_omnibus" }, "geometry": { "type": "Point", "coordinates": [ -63.2394997, -32.4074425, 0.0 ] } },
{ "type": "Feature", "properties": { "id": "paradas_omnibus.399", "paradas": null, "linea": "15", "source_file": "paradas_omnibus" }, "geometry": { "type": "Point", "coordinates": [ -63.2432655, -32.4078727, 0.0 ] } },
{ "type": "Feature", "properties": { "id": "paradas_omnibus.400", "paradas": null, "linea": "15", "source_file": "paradas_omnibus" }, "geometry": { "type": "Point", "coordinates": [ -63.2462297, -32.4102521, 0.0 ] } },
{ "type": "Feature", "properties": { "id": "paradas_omnibus.401", "paradas": null, "linea": "15", "source_file": "paradas_omnibus" }, "geometry": { "type": "Point", "coordinates": [ -63.2395932, -32.4100233, 0.0 ] } },
{ "type": "Feature", "properties": { "id": "paradas_omnibus.402", "paradas": null, "linea": "15", "source_file": "paradas_omnibus" }, "geometry": { "type": "Point", "coordinates": [ -63.2273965, -32.4152647, 0.0 ] } }
]
}
