municerca,fecha_agg,sexo,edad_diagnostico,lon,lat,distancia_rio,distancia_verde_m,distancia_grande_m,tp,t2m,d2m,t2m_min,t2m_max,tp_anom,t2m_anom,d2m_anom,t2m_min_anom,t2m_max_anom,casos,Estimación poblacional,Superficie (Km cuadrados),Proximidad al río (m) (distancia mínima),Proximidad al río (m) (distancia al centroide),Proximidad al río (m) (distancia máxima),Densidad poblacional,CALMAT I,CALMAT II,CALMAT III,CALMAT IV,CALMAT V,Hogares Pobres,Hogares Pobres No Indigentes,Hogares Indigentes,Personas Pobres,Personas Pobres No Indigentes,Personas Indigentes,UNEA: Sin Instrucción,UNEA: Primario Incompleto,UNEA: Primario Completo,UNEA: Secundario Incompleto,UNEA: Secundario Completo,UNEA: Superior y/o Universitario Incompleto,UNEA: Superior y/o Universitario Completo,Acceso a Cloacas,Acceso a Gas de Red,Acceso a Agua de Red,Acceso a Electricidad,Mujeres (%),Varones (%),Mujeres de 0 a 6 años,Varones de 0 a 6 años,Personas de 0 a 6 años,Mujeres de 7 a 14 años,Varones de 7 a 14 años,Personas de 7 a 14 años,Mujeres de 15 a 24 años,Varones de 15 a 24 años,Personas de 15 a 24 años,Mujeres de 25 a 59 años,Varones de 25 a 59 años,Personas de 25 a 59 años,Mujeres de 60 años o más,Varones de 60 años o más,Personas de 60 años o más,casos_sum_2w,casos_sum_3w,casos_sum_4w,casos_lag_1,casos_lag_2,casos_lag_3,casos_lag_4,casos_ma_4,tp_mean_1w,tp_sum_1w,tp_mean_2w,tp_sum_2w,t2m_mean_1w,t2m_mean_2w,d2m_mean_1w,d2m_mean_2w,t2m_min_mean_1w,t2m_min_mean_2w,t2m_max_mean_1w,t2m_max_mean_2w,tp_anom_mean_1w,tp_anom_sum_1w,tp_anom_mean_2w,tp_anom_sum_2w,t2m_anom_mean_1w,t2m_anom_mean_2w,d2m_anom_mean_1w,d2m_anom_mean_2w,t2m_min_anom_mean_1w,t2m_min_anom_mean_2w,t2m_max_anom_mean_1w,t2m_max_anom_mean_2w,vec_lag1,vec_lag2,vec_lag3,vec_sum_2w,vec_sum_3w,Vecinos_total
CGC 1,2024-01-17,1.0,41.5,-63.2303152,-32.3960078,3059.782386196736,473.7358933927719,2347.6404694736234,0.013978593513271756,24.158699590713532,15.55841542860898,18.441833503021392,29.686771508492885,-7.3057156141076245,-2.934995550306743,-2.818390830546292,-3.2624958514010425,-2.760868683448147,2,4340,120.237673,2357.74,3151.33,3942.54,36.095176259773424,81.82,15.15,3.03,0,0,30.3,27.27,3.03,32.93,29.27,3.66,4.62,20.0,20.0,20.0,26.15,3.08,6.15,93.94,78.79,100.0,100.0,43.21,56.79,1.23,2.47,3.7,1.23,4.94,6.17,6.17,12.35,18.52,18.52,22.23,40.75,16.05,14.81,30.86,,,,,,,,,0.013978593513271756,0.013978593513271756,13.046751660815806,26.093503321631612,24.158699590713532,26.308917597577384,15.55841542860898,18.244385100085857,18.441833503021392,21.516082563039433,29.686771508492885,32.06856093126835,-7.3057156141076245,-7.3057156141076245,3.084140540887149,6.168281081774298,-2.934995550306743,-0.08840666703981204,-2.818390830546292,0.28046157692471185,-3.2624958514010425,0.19233195510989876,-2.760868683448147,0.14267852518498514,11.0,2.0,3.0,13.0,16.0,16.0
CGC 1,2024-01-31,0.75,25.25,-63.23170455,-32.396247625,2996.8307610608967,467.5636169084037,2338.787349394053,26.07952472811834,28.459135604441233,20.930354771562737,24.59033162305747,34.45035035404381,13.473996695881922,2.758182216227119,3.379313984395716,3.64715976162084,3.046225733818117,4,4340,120.237673,2357.74,3151.33,3942.54,36.095176259773424,81.82,15.15,3.03,0,0,30.3,27.27,3.03,32.93,29.27,3.66,4.62,20.0,20.0,20.0,26.15,3.08,6.15,93.94,78.79,100.0,100.0,43.21,56.79,1.23,2.47,3.7,1.23,4.94,6.17,6.17,12.35,18.52,18.52,22.23,40.75,16.05,14.81,30.86,,,,2.0,,,,,0.013978593513271756,0.013978593513271756,13.046751660815806,26.093503321631612,24.158699590713532,26.308917597577384,15.55841542860898,18.244385100085857,18.441833503021392,21.516082563039433,29.686771508492885,32.06856093126835,-7.3057156141076245,-7.3057156141076245,3.084140540887149,6.168281081774298,-2.934995550306743,-0.08840666703981204,-2.818390830546292,0.28046157692471185,-3.2624958514010425,0.19233195510989876,-2.760868683448147,0.14267852518498514,13.0,11.0,2.0,24.0,26.0,26.0
CGC 1,2024-02-14,0.2857142857142857,28.857142857142858,-63.2299019,-32.395930928571424,3087.198987848254,403.16761903119,2372.070928032903,81.23398691093837,24.0253325852431,18.96979428278351,19.932015985822755,28.77434447538347,3.0465722220708074,-0.2693979312208895,0.9999385413129305,0.2288567867590166,-0.714837285374219,7,4340,120.237673,2357.74,3151.33,3942.54,36.095176259773424,81.82,15.15,3.03,0,0,30.3,27.27,3.03,32.93,29.27,3.66,4.62,20.0,20.0,20.0,26.15,3.08,6.15,93.94,78.79,100.0,100.0,43.21,56.79,1.23,2.47,3.7,1.23,4.94,6.17,6.17,12.35,18.52,18.52,22.23,40.75,16.05,14.81,30.86,6.0,,,4.0,2.0,,,,26.07952472811834,26.07952472811834,13.046751660815806,26.093503321631612,28.459135604441233,26.308917597577384,20.930354771562737,18.244385100085857,24.59033162305747,21.516082563039433,34.45035035404381,32.06856093126835,13.473996695881922,13.473996695881922,3.084140540887149,6.168281081774298,2.758182216227119,-0.08840666703981204,3.379313984395716,0.28046157692471185,3.64715976162084,0.19233195510989876,3.046225733818117,0.14267852518498514,59.0,13.0,11.0,72.0,83.0,83.0
CGC 1,2024-02-28,0.5555555555555556,31.444444444444443,-63.22651743333333,-32.39617957222222,3174.570137784438,352.24136568001427,2544.7216589811005,18.740089550164125,24.046797111047393,18.453553476305597,19.971888840889076,28.95834866528265,-41.17830887737278,-0.49491463027054294,0.6146362185492331,-0.22770896757205428,-0.5803727160107527,18,4340,120.237673,2357.74,3151.33,3942.54,36.095176259773424,81.82,15.15,3.03,0,0,30.3,27.27,3.03,32.93,29.27,3.66,4.62,20.0,20.0,20.0,26.15,3.08,6.15,93.94,78.79,100.0,100.0,43.21,56.79,1.23,2.47,3.7,1.23,4.94,6.17,6.17,12.35,18.52,18.52,22.23,40.75,16.05,14.81,30.86,11.0,13.0,,7.0,4.0,2.0,,,81.23398691093837,81.23398691093837,53.65675581952836,107.31351163905671,24.0253325852431,26.242234094842168,18.96979428278351,19.950074527173122,19.932015985822755,22.261173804440112,28.77434447538347,31.61234741471364,3.0465722220708074,3.0465722220708074,8.260284458976365,16.52056891795273,-0.2693979312208895,1.2443921425031148,0.9999385413129305,2.1896262628543233,0.2288567867590166,1.9380082741899283,-0.714837285374219,1.165694224221949,48.0,59.0,13.0,107.0,120.0,120.0
CGC 1,2024-03-13,0.42857142857142855,36.57142857142857,-63.22818045428572,-32.396757505714284,3059.1706624262138,368.71192060577937,2536.0332798003474,66.08458717793557,22.510916399615635,17.229295555379107,19.146769660003073,26.83666682144738,-2.0144246277972186,0.8582576440255884,1.1333203325644563,1.1349211860757429,0.7658370920947042,35,4340,120.237673,2357.74,3151.33,3942.54,36.095176259773424,81.82,15.15,3.03,0,0,30.3,27.27,3.03,32.93,29.27,3.66,4.62,20.0,20.0,20.0,26.15,3.08,6.15,93.94,78.79,100.0,100.0,43.21,56.79,1.23,2.47,3.7,1.23,4.94,6.17,6.17,12.35,18.52,18.52,22.23,40.75,16.05,14.81,30.86,25.0,29.0,31.0,18.0,7.0,4.0,2.0,7.75,18.740089550164125,18.740089550164125,49.98703823055125,99.9740764611025,24.046797111047393,24.036064848145244,18.453553476305597,18.711673879544556,19.971888840889076,19.951952413355915,28.95834866528265,28.866346570333057,-41.17830887737278,-41.17830887737278,-19.065868327650985,-38.13173665530197,-0.49491463027054294,-0.3821562807457162,0.6146362185492331,0.8072873799310818,-0.22770896757205428,0.0005739095934811644,-0.5803727160107527,-0.6476050006924858,71.0,48.0,59.0,119.0,178.0,178.0
CGC 1,2024-03-27,0.42408376963350786,31.230366492146597,-63.22827246806283,-32.39616947801047,3117.042807518522,358.65171845703236,2470.1789403964744,51.46309014172238,20.335920386915614,14.767506287412239,16.290406011668694,25.067757982129955,33.32451757554292,1.4862592830451042,2.322389904460518,1.6318217169695153,1.2980049675116256,191,4340,120.237673,2357.74,3151.33,3942.54,36.095176259773424,81.82,15.15,3.03,0,0,30.3,27.27,3.03,32.93,29.27,3.66,4.62,20.0,20.0,20.0,26.15,3.08,6.15,93.94,78.79,100.0,100.0,43.21,56.79,1.23,2.47,3.7,1.23,4.94,6.17,6.17,12.35,18.52,18.52,22.23,40.75,16.05,14.81,30.86,53.0,60.0,64.0,35.0,18.0,7.0,4.0,16.0,66.08458717793557,66.08458717793557,42.41233836404985,84.8246767280997,22.510916399615635,23.278856755331514,17.229295555379107,17.841424515842355,19.146769660003073,19.559329250446076,26.83666682144738,27.89750774336501,-2.0144246277972186,-2.0144246277972186,-21.596366752585,-43.19273350517,0.8582576440255884,0.1816715068775227,1.1333203325644563,0.8739782755568447,1.1349211860757429,0.4536061092518443,0.7658370920947042,0.09273218804197575,101.0,71.0,48.0,172.0,220.0,220.0
CGC 1,2024-04-10,0.8125,26.5,-63.22920185,-32.396382525,3063.519438640403,364.89403238926656,2454.5969988709876,70.81708979830873,16.779912259130576,12.497136035631051,14.030717701461352,20.23571924373513,26.815767395039884,-1.281003318281074,-0.07391054590216972,-0.3580841275588295,-2.177527462061853,16,4340,120.237673,2357.74,3151.33,3942.54,36.095176259773424,81.82,15.15,3.03,0,0,30.3,27.27,3.03,32.93,29.27,3.66,4.62,20.0,20.0,20.0,26.15,3.08,6.15,93.94,78.79,100.0,100.0,43.21,56.79,1.23,2.47,3.7,1.23,4.94,6.17,6.17,12.35,18.52,18.52,22.23,40.75,16.05,14.81,30.86,226.0,244.0,251.0,191.0,35.0,18.0,7.0,62.75,51.46309014172238,51.46309014172238,58.77383865982898,117.54767731965796,20.335920386915614,21.423418393265624,14.767506287412239,15.998400921395675,16.290406011668694,17.718587835835883,25.067757982129955,25.952212401788664,33.32451757554292,33.32451757554292,15.65504647387285,31.3100929477457,1.4862592830451042,1.1722584635353464,2.322389904460518,1.727855118512487,1.6318217169695153,1.383371451522629,1.2980049675116256,1.031921029803165,445.0,101.0,71.0,546.0,617.0,617.0
CGC 1,2024-04-24,0.18181818181818182,29.818181818181817,-63.22847079090909,-32.39502241818182,3226.757417036612,332.12331823660173,2332.1625886235593,21.202086743497592,14.932387580719125,8.962441866402527,11.409306739368533,19.259644898582906,5.756190315769248,-1.46355892003981,-0.6995203735083306,-0.690796095621996,-2.3517029549524477,11,4340,120.237673,2357.74,3151.33,3942.54,36.095176259773424,81.82,15.15,3.03,0,0,30.3,27.27,3.03,32.93,29.27,3.66,4.62,20.0,20.0,20.0,26.15,3.08,6.15,93.94,78.79,100.0,100.0,43.21,56.79,1.23,2.47,3.7,1.23,4.94,6.17,6.17,12.35,18.52,18.52,22.23,40.75,16.05,14.81,30.86,207.0,242.0,260.0,16.0,191.0,35.0,18.0,65.0,70.81708979830873,70.81708979830873,61.14008997001556,122.28017994003112,16.779912259130576,18.557916323023093,12.497136035631051,13.632321161521647,14.030717701461352,15.160561856565023,20.23571924373513,22.65173861293254,26.815767395039884,26.815767395039884,30.070142485291402,60.140284970582805,-1.281003318281074,0.10262798238201509,-0.07391054590216972,1.124239679279174,-0.3580841275588295,0.6368687947053429,-2.177527462061853,-0.4397612472751138,88.0,445.0,101.0,533.0,634.0,634.0
CGC 1,2024-10-09,0.0,56.0,-63.2329478,-32.3980995,2765.5736616965473,616.7072152172404,2501.839113320787,0.0008647983777336776,21.37155008314954,12.475355059822757,14.412424201212946,29.030206028728458,-37.293629837439056,3.056721051523159,4.193371174322592,2.1854056329620786,3.4877645546616223,1,4340,120.237673,2357.74,3151.33,3942.54,36.095176259773424,81.82,15.15,3.03,0,0,30.3,27.27,3.03,32.93,29.27,3.66,4.62,20.0,20.0,20.0,26.15,3.08,6.15,93.94,78.79,100.0,100.0,43.21,56.79,1.23,2.47,3.7,1.23,4.94,6.17,6.17,12.35,18.52,18.52,22.23,40.75,16.05,14.81,30.86,27.0,218.0,253.0,11.0,16.0,191.0,35.0,63.25,21.202086743497592,21.202086743497592,46.00958827090316,92.01917654180632,14.932387580719125,15.85614991992485,8.962441866402527,10.72978895101679,11.409306739368533,12.720012220414944,19.259644898582906,19.747682071159012,5.756190315769248,5.756190315769248,16.285978855404565,32.57195771080913,-1.46355892003981,-1.372281119160442,-0.6995203735083306,-0.3867154597052502,-0.690796095621996,-0.5244401115904127,-2.3517029549524477,-2.2646152085071503,0.0,0.0,0.0,0.0,0.0,0.0
CGC 1,2025-01-01,1.0,33.0,-63.2234005,-32.3956983,3328.1544986604035,273.32137763963215,2613.166033251738,4.4454326674666005,27.002264586956063,16.22667901229596,20.852951764945914,32.85734536928457,-0.8220068192583894,0.4318317650464707,0.4293236896851957,0.8528885499626543,0.060484538160130594,1,4340,120.237673,2357.74,3151.33,3942.54,36.095176259773424,81.82,15.15,3.03,0,0,30.3,27.27,3.03,32.93,29.27,3.66,4.62,20.0,20.0,20.0,26.15,3.08,6.15,93.94,78.79,100.0,100.0,43.21,56.79,1.23,2.47,3.7,1.23,4.94,6.17,6.17,12.35,18.52,18.52,22.23,40.75,16.05,14.81,30.86,12.0,28.0,219.0,1.0,11.0,16.0,191.0,54.75,0.0008647983777336776,0.0008647983777336776,10.601475770937663,21.202951541875326,21.37155008314954,18.151968831934333,12.475355059822757,10.718898463112644,14.412424201212946,12.91086547029074,29.030206028728458,24.144925463655678,-37.293629837439056,-37.293629837439056,-15.768719760834905,-31.53743952166981,3.056721051523159,0.7965810657416745,4.193371174322592,1.7469254004071306,2.1854056329620786,0.7473047686700414,3.4877645546616223,0.5680307998545873,1.0,0.0,2.0,1.0,3.0,3.0
CGC 1,2025-01-15,0.0,8.0,-63.2308837,-32.4014769,2462.189932136963,368.1645054795381,2913.4078011847796,3.4315955457510214,27.557741965444983,21.110456917890094,22.646759205155135,32.00317352437205,-2.647462275454663,0.534952033012353,0.4654932901202626,0.26202337112425916,0.5530403369418074,1,4340,120.237673,2357.74,3151.33,3942.54,36.095176259773424,81.82,15.15,3.03,0,0,30.3,27.27,3.03,32.93,29.27,3.66,4.62,20.0,20.0,20.0,26.15,3.08,6.15,93.94,78.79,100.0,100.0,43.21,56.79,1.23,2.47,3.7,1.23,4.94,6.17,6.17,12.35,18.52,18.52,22.23,40.75,16.05,14.81,30.86,2.0,13.0,29.0,1.0,1.0,11.0,16.0,7.25,4.4454326674666005,4.4454326674666005,2.223148732922167,4.446297465844334,27.002264586956063,24.1869073350528,16.22667901229596,14.35101703605936,20.852951764945914,17.632687983079432,32.85734536928457,30.943775699006512,-0.8220068192583894,-0.8220068192583894,-19.057818328348723,-38.11563665669745,0.4318317650464707,1.744276408284815,0.4293236896851957,2.3113474320038936,0.8528885499626543,1.5191470914623664,0.060484538160130594,1.7741245464108764,0.0,1.0,0.0,1.0,1.0,1.0
CGC 1,2025-02-26,0.0,6.0,-63.2318011,-32.3960246,3017.674128977584,409.2664910919847,2305.547424679918,0.011087772436439991,19.551708613419155,12.220194856458022,14.684150618590609,26.45730372609232,-18.248659269625527,-4.411076768321837,-3.710485630432984,-5.026101253154181,-2.943183876989277,1,4340,120.237673,2357.74,3151.33,3942.54,36.095176259773424,81.82,15.15,3.03,0,0,30.3,27.27,3.03,32.93,29.27,3.66,4.62,20.0,20.0,20.0,26.15,3.08,6.15,93.94,78.79,100.0,100.0,43.21,56.79,1.23,2.47,3.7,1.23,4.94,6.17,6.17,12.35,18.52,18.52,22.23,40.75,16.05,14.81,30.86,2.0,3.0,14.0,1.0,1.0,1.0,11.0,3.5,3.4315955457510214,3.4315955457510214,3.938514106608811,7.877028213217622,27.557741965444983,27.280003276200524,21.110456917890094,18.66856796509303,22.646759205155135,21.749855485050524,32.00317352437205,32.43025944682831,-2.647462275454663,-2.647462275454663,-1.7347345473565263,-3.4694690947130526,0.534952033012353,0.4833918990294118,0.4654932901202626,0.44740848990272913,0.26202337112425916,0.5574559605434567,0.5530403369418074,0.306762437550969,7.0,3.0,0.0,10.0,10.0,10.0
CGC 1,2025-03-12,0.5,23.5,-63.231063750000004,-32.395983799999996,3042.031639266587,389.1655359195139,2328.578741003705,3.385434370845082,22.83250577364107,16.37552161532702,18.704521881975964,27.77316750489444,-34.05216408946356,2.659010820061694,3.1600521172225005,2.4588418147016595,3.2086407986227417,2,4340,120.237673,2357.74,3151.33,3942.54,36.095176259773424,81.82,15.15,3.03,0,0,30.3,27.27,3.03,32.93,29.27,3.66,4.62,20.0,20.0,20.0,26.15,3.08,6.15,93.94,78.79,100.0,100.0,43.21,56.79,1.23,2.47,3.7,1.23,4.94,6.17,6.17,12.35,18.52,18.52,22.23,40.75,16.05,14.81,30.86,2.0,3.0,4.0,1.0,1.0,1.0,1.0,1.0,0.011087772436439991,0.011087772436439991,1.7213416590937307,3.4426833181874614,19.551708613419155,23.55472528943207,12.220194856458022,16.66532588717406,14.684150618590609,18.665454911872875,26.45730372609232,29.230238625232182,-18.248659269625527,-18.248659269625527,-10.448060772540096,-20.89612154508019,-4.411076768321837,-1.938062367654742,-3.710485630432984,-1.6224961701563607,-5.026101253154181,-2.3820389410149607,-2.943183876989277,-1.1950717700237348,5.0,7.0,3.0,12.0,15.0,15.0
CGC 1,2025-03-26,0.0,37.0,-63.2322705,-32.395045550000006,3111.6130005181253,326.4710543562576,2193.8806342734206,23.902838929659335,18.94441739012628,15.97439810182676,16.569981471270413,22.045234485880968,12.50601303600143,-1.944658556681582,0.012266993648726743,-0.08701756573045588,-3.580710541788302,2,4340,120.237673,2357.74,3151.33,3942.54,36.095176259773424,81.82,15.15,3.03,0,0,30.3,27.27,3.03,32.93,29.27,3.66,4.62,20.0,20.0,20.0,26.15,3.08,6.15,93.94,78.79,100.0,100.0,43.21,56.79,1.23,2.47,3.7,1.23,4.94,6.17,6.17,12.35,18.52,18.52,22.23,40.75,16.05,14.81,30.86,3.0,4.0,5.0,2.0,1.0,1.0,1.0,1.25,3.385434370845082,3.385434370845082,1.698261071640761,3.396522143281522,22.83250577364107,21.192107193530113,16.37552161532702,14.297858235892523,18.704521881975964,16.69433625028329,27.77316750489444,27.115235615493376,-34.05216408946356,-34.05216408946356,-26.150411679544543,-52.30082335908909,2.659010820061694,-0.8760329741300714,3.1600521172225005,-0.2752167566052417,2.4588418147016595,-1.2836297192262607,3.2086407986227417,0.13272846081673229,11.0,5.0,7.0,16.0,23.0,23.0
CGC 1,2025-04-09,0.5,16.5,-63.2212481,-32.3949186,3482.9841152408953,218.531505923106,2662.7212851641725,20.209952760247866,16.604761166948155,12.027559749403467,14.47240314133774,19.162152210568596,-9.766947621627722,-2.452866818264384,-2.214591224870215,-0.931994441670071,-4.122356049522551,2,4340,120.237673,2357.74,3151.33,3942.54,36.095176259773424,81.82,15.15,3.03,0,0,30.3,27.27,3.03,32.93,29.27,3.66,4.62,20.0,20.0,20.0,26.15,3.08,6.15,93.94,78.79,100.0,100.0,43.21,56.79,1.23,2.47,3.7,1.23,4.94,6.17,6.17,12.35,18.52,18.52,22.23,40.75,16.05,14.81,30.86,4.0,5.0,6.0,2.0,2.0,1.0,1.0,1.5,23.902838929659335,23.902838929659335,13.644136650252209,27.288273300504418,18.94441739012628,20.888461581883675,15.97439810182676,16.17495985857689,16.569981471270413,17.637251676623194,22.045234485880968,24.9092009953877,12.50601303600143,12.50601303600143,-10.773075526731064,-21.54615105346213,-1.944658556681582,0.357176131690056,0.012266993648726743,1.5861595554356136,-0.08701756573045588,1.185912124485602,-3.580710541788302,-0.1860348715827802,8.0,11.0,5.0,19.0,24.0,24.0
CGC 1,2025-04-23,0.0,16.0,-63.23007355,-32.395214800000005,3150.8945905586465,416.453270988026,2273.0125824392753,3.1320143657935766,18.123061526256674,14.009560612389306,13.657888897279134,23.56047715513204,-1.1229326248377114,2.0060565807135915,4.073421647365418,1.8023584339544805,2.247172847406347,2,4340,120.237673,2357.74,3151.33,3942.54,36.095176259773424,81.82,15.15,3.03,0,0,30.3,27.27,3.03,32.93,29.27,3.66,4.62,20.0,20.0,20.0,26.15,3.08,6.15,93.94,78.79,100.0,100.0,43.21,56.79,1.23,2.47,3.7,1.23,4.94,6.17,6.17,12.35,18.52,18.52,22.23,40.75,16.05,14.81,30.86,4.0,6.0,7.0,2.0,2.0,2.0,1.0,1.75,20.209952760247866,20.209952760247866,22.0563958449536,44.1127916899072,16.604761166948155,17.774589278537217,12.027559749403467,14.000978925615115,14.47240314133774,15.52119230630408,19.162152210568596,20.60369334822478,-9.766947621627722,-9.766947621627722,1.3695327071868544,2.7390654143737088,-2.452866818264384,-2.198762687472983,-2.214591224870215,-1.101162115610744,-0.931994441670071,-0.5095060037002634,-4.122356049522551,-3.8515332956554267,7.0,8.0,11.0,15.0,26.0,26.0
CGC 1,2025-05-07,0.0,31.5,-63.23022775,-32.393823499999996,3295.061830295969,288.499795633237,2123.8531046946673,3.843037923269754,18.359305207573037,15.209053122029403,14.871292285059948,22.339156869742197,0.9684123175372539,2.9676675961838757,5.661527861845855,3.4722393472344253,2.36433319352692,2,4340,120.237673,2357.74,3151.33,3942.54,36.095176259773424,81.82,15.15,3.03,0,0,30.3,27.27,3.03,32.93,29.27,3.66,4.62,20.0,20.0,20.0,26.15,3.08,6.15,93.94,78.79,100.0,100.0,43.21,56.79,1.23,2.47,3.7,1.23,4.94,6.17,6.17,12.35,18.52,18.52,22.23,40.75,16.05,14.81,30.86,4.0,6.0,8.0,2.0,2.0,2.0,2.0,2.0,3.1320143657935766,3.1320143657935766,11.670983563020721,23.341967126041443,18.123061526256674,17.363911346602414,14.009560612389306,13.018560180896388,13.657888897279134,14.06514601930844,23.56047715513204,21.361314682850313,-1.1229326248377114,-1.1229326248377114,-5.444940123232716,-10.889880246465433,2.0060565807135915,-0.22340511877539626,4.073421647365418,0.9294152112476015,1.8023584339544805,0.43518199614220476,2.247172847406347,-0.9375916010581022,8.0,7.0,8.0,15.0,23.0,23.0
CGC 2,2023-12-20,0.0,26.0,-63.2182796,-32.4179239,1150.8780808916094,377.3084215059235,1937.9044793258895,0.45073430663899655,26.978783928678233,11.649575127336798,21.51176301699137,32.06159282955161,0.3122652626233572,0.11062187949067918,-0.2542055449484937,1.3218877321606388,-0.7366919130156668,1,7820,705.9967019999999,21.95,1313.28,2166.36,11.076538994937119,68.35,21.52,10.13,0,0,40.51,34.18,6.33,50.55,44.65,5.9,0.6,6.63,14.46,29.52,28.92,7.23,12.65,81.01,55.7,91.14,98.73,53.14,46.86,4.43,3.69,8.12,7.38,9.96,17.34,7.38,7.01,14.39,26.2,18.08,44.28,7.75,8.12,15.87,,,,,,,,,0.45073430663899655,0.45073430663899655,0.22735087004690732,0.45470174009381464,26.978783928678233,26.18835224075663,11.649575127336798,13.582644284874098,21.51176301699137,20.47785094811198,32.06159282955161,31.75637912832704,0.3122652626233572,0.3122652626233572,-20.59961285893026,-41.19922571786052,0.11062187949067918,-0.565436481183246,-0.2542055449484937,-1.6793224582923867,1.3218877321606388,-0.3494538465628524,-0.7366919130156668,-0.6799052699486676,0.0,,,,,
CGC 2,2024-01-17,0.75,18.5,-63.20619815,-32.4243539,1702.4015748308047,207.88687936004422,885.3425855799802,0.003967433454818092,25.39792055283502,15.515713442411398,19.443938879232583,31.451165427102474,-41.51149098048388,-1.2414948418571712,-3.1044393716362797,-2.0207954252863436,-0.6231186268816685,4,7820,705.9967019999999,21.95,1313.28,2166.36,11.076538994937119,68.35,21.52,10.13,0,0,40.51,34.18,6.33,50.55,44.65,5.9,0.6,6.63,14.46,29.52,28.92,7.23,12.65,81.01,55.7,91.14,98.73,53.14,46.86,4.43,3.69,8.12,7.38,9.96,17.34,7.38,7.01,14.39,26.2,18.08,44.28,7.75,8.12,15.87,,,,1.0,,,,,0.45073430663899655,0.45073430663899655,0.22735087004690732,0.45470174009381464,26.978783928678233,26.18835224075663,11.649575127336798,13.582644284874098,21.51176301699137,20.47785094811198,32.06159282955161,31.75637912832704,0.3122652626233572,0.3122652626233572,-20.59961285893026,-41.19922571786052,0.11062187949067918,-0.565436481183246,-0.2542055449484937,-1.6793224582923867,1.3218877321606388,-0.3494538465628524,-0.7366919130156668,-0.6799052699486676,8.0,4.0,0.0,12.0,12.0,12.0
CGC 2,2024-01-31,0.3333333333333333,53.666666666666664,-63.218348,-32.4226421,780.5223278313124,391.1490802824723,1954.1059135366977,58.49477982724912,27.058948260078,20.275771351872685,22.45954676528072,32.64816122014596,31.24867744486502,2.371062156200688,2.8184640449472256,2.8487727038657886,2.518447497634383,3,7820,705.9967019999999,21.95,1313.28,2166.36,11.076538994937119,68.35,21.52,10.13,0,0,40.51,34.18,6.33,50.55,44.65,5.9,0.6,6.63,14.46,29.52,28.92,7.23,12.65,81.01,55.7,91.14,98.73,53.14,46.86,4.43,3.69,8.12,7.38,9.96,17.34,7.38,7.01,14.39,26.2,18.08,44.28,7.75,8.12,15.87,5.0,,,4.0,1.0,,,,0.003967433454818092,0.003967433454818092,0.22735087004690732,0.45470174009381464,25.39792055283502,26.18835224075663,15.515713442411398,13.582644284874098,19.443938879232583,20.47785094811198,31.451165427102474,31.75637912832704,-41.51149098048388,-41.51149098048388,-20.59961285893026,-41.19922571786052,-1.2414948418571712,-0.565436481183246,-3.1044393716362797,-1.6793224582923867,-2.0207954252863436,-0.3494538465628524,-0.6231186268816685,-0.6799052699486676,11.0,8.0,4.0,19.0,23.0,23.0
CGC 2,2024-02-14,0.3333333333333333,36.166666666666664,-63.215661000000004,-32.423911616666665,1033.6966347034015,243.7435190317078,1728.699238852827,34.65035366899453,23.325168354830527,17.66194680059242,18.723292330425547,28.184542725582702,-9.27627928757524,-0.19405111077842144,1.2369603168286594,0.19498648551814166,-0.7136827337633629,6,7820,705.9967019999999,21.95,1313.28,2166.36,11.076538994937119,68.35,21.52,10.13,0,0,40.51,34.18,6.33,50.55,44.65,5.9,0.6,6.63,14.46,29.52,28.92,7.23,12.65,81.01,55.7,91.14,98.73,53.14,46.86,4.43,3.69,8.12,7.38,9.96,17.34,7.38,7.01,14.39,26.2,18.08,44.28,7.75,8.12,15.87,7.0,8.0,,3.0,4.0,1.0,,,58.49477982724912,58.49477982724912,29.24937363035197,58.49874726070394,27.058948260078,26.22843440645651,20.275771351872685,17.89574239714204,22.45954676528072,20.95174282225665,32.64816122014596,32.049663323624216,31.24867744486502,31.24867744486502,-5.131406767809429,-10.262813535618857,2.371062156200688,0.5647836571717585,2.8184640449472256,-0.14298766334452706,2.8487727038657886,0.4139886392897225,2.518447497634383,0.9476644353763574,58.0,11.0,8.0,69.0,77.0,77.0
CGC 2,2024-02-28,0.4166666666666667,46.916666666666664,-63.21330208333333,-32.42551235833333,1062.2937845609758,280.9560044872753,1565.1808063907074,29.039957370302854,24.282373176692374,19.18825524962803,20.475398172874474,29.18833777790321,-36.332885154217486,-0.08126187058443923,1.7421945674019177,0.47288126387563095,-0.2781570861014228,12,7820,705.9967019999999,21.95,1313.28,2166.36,11.076538994937119,68.35,21.52,10.13,0,0,40.51,34.18,6.33,50.55,44.65,5.9,0.6,6.63,14.46,29.52,28.92,7.23,12.65,81.01,55.7,91.14,98.73,53.14,46.86,4.43,3.69,8.12,7.38,9.96,17.34,7.38,7.01,14.39,26.2,18.08,44.28,7.75,8.12,15.87,9.0,13.0,14.0,6.0,3.0,4.0,1.0,3.5,34.65035366899453,34.65035366899453,46.57256674812183,93.14513349624366,23.325168354830527,25.192058307454264,17.66194680059242,18.968859076232555,18.723292330425547,20.591419547853135,28.184542725582702,30.41635197286433,-9.27627928757524,-9.27627928757524,10.98619907864489,21.97239815728978,-0.19405111077842144,1.0885055227111333,1.2369603168286594,2.0277121808879426,0.19498648551814166,1.5218795946919652,-0.7136827337633629,0.9023823819355101,49.0,58.0,11.0,107.0,118.0,118.0
CGC 2,2024-03-13,0.4482758620689655,39.03448275862069,-63.21291239655172,-32.42775760689655,966.3624044674877,174.6186249871171,1629.1358743054902,25.626852210898914,22.701147409999574,17.514757807368195,19.033816813341783,27.306237224678195,-27.324873818118643,1.2964435944955226,1.6180151642091862,1.284184824933318,1.4935057587867901,29,7820,705.9967019999999,21.95,1313.28,2166.36,11.076538994937119,68.35,21.52,10.13,0,0,40.51,34.18,6.33,50.55,44.65,5.9,0.6,6.63,14.46,29.52,28.92,7.23,12.65,81.01,55.7,91.14,98.73,53.14,46.86,4.43,3.69,8.12,7.38,9.96,17.34,7.38,7.01,14.39,26.2,18.08,44.28,7.75,8.12,15.87,18.0,21.0,25.0,12.0,6.0,3.0,4.0,6.25,29.039957370302854,29.039957370302854,31.845155519648692,63.690311039297384,24.282373176692374,23.80377076576145,19.18825524962803,18.425101025110223,20.475398172874474,19.59934525165001,29.18833777790321,28.686440251742958,-36.332885154217486,-36.332885154217486,-22.804582220896364,-45.60916444179273,-0.08126187058443923,-0.13765649068143032,1.7421945674019177,1.4895774421152885,0.47288126387563095,0.3339338746968863,-0.2781570861014228,-0.4959199099323929,91.0,49.0,58.0,140.0,198.0,198.0
CGC 2,2024-03-27,0.4728682170542636,29.100775193798448,-63.20954455503876,-32.42698211085271,1258.2174211802094,205.94299706437147,1347.0033039227296,41.02658044760979,20.26441383858464,14.938905346660473,16.16511383070629,25.136157368315114,23.145327967829655,1.1086625031383117,1.8701902723537525,1.152478517710015,1.0915868108333533,129,7820,705.9967019999999,21.95,1313.28,2166.36,11.076538994937119,68.35,21.52,10.13,0,0,40.51,34.18,6.33,50.55,44.65,5.9,0.6,6.63,14.46,29.52,28.92,7.23,12.65,81.01,55.7,91.14,98.73,53.14,46.86,4.43,3.69,8.12,7.38,9.96,17.34,7.38,7.01,14.39,26.2,18.08,44.28,7.75,8.12,15.87,41.0,47.0,50.0,29.0,12.0,6.0,3.0,12.5,25.626852210898914,25.626852210898914,27.333404790600884,54.66680958120177,22.701147409999574,23.491760293345976,17.514757807368195,18.351506528498113,19.033816813341783,19.75460749310813,27.306237224678195,28.247287501290703,-27.324873818118643,-27.324873818118643,-31.828879486168063,-63.657758972336126,1.2964435944955226,0.6075908619555417,1.6180151642091862,1.680104865805552,1.284184824933318,0.8785330444044746,1.4935057587867901,0.6076743363426836,132.0,91.0,49.0,223.0,272.0,272.0
CGC 2,2024-04-10,0.36363636363636365,40.31818181818182,-63.212604786363634,-32.42769219090909,1012.1681001143119,161.81096873447984,1626.382322889213,68.25302950365437,17.02278190813321,12.513215897433637,14.062630550807517,20.78173894089225,30.17452100202304,-0.8593728455806864,0.16379954852354642,-0.0523784873277408,-1.6040907919833833,22,7820,705.9967019999999,21.95,1313.28,2166.36,11.076538994937119,68.35,21.52,10.13,0,0,40.51,34.18,6.33,50.55,44.65,5.9,0.6,6.63,14.46,29.52,28.92,7.23,12.65,81.01,55.7,91.14,98.73,53.14,46.86,4.43,3.69,8.12,7.38,9.96,17.34,7.38,7.01,14.39,26.2,18.08,44.28,7.75,8.12,15.87,158.0,170.0,176.0,129.0,29.0,12.0,6.0,44.0,41.02658044760979,41.02658044760979,33.32671632925435,66.6534326585087,20.26441383858464,21.482780624292108,14.938905346660473,16.226831577014334,16.16511383070629,17.599465322024038,25.136157368315114,26.221197296496655,23.145327967829655,23.145327967829655,-2.0897729251444908,-4.1795458502889815,1.1086625031383117,1.2025530488169172,1.8701902723537525,1.7441027182814692,1.152478517710015,1.2183316713216665,1.0915868108333533,1.2925462848100717,522.0,132.0,91.0,654.0,745.0,745.0
CGC 2,2024-04-24,0.3333333333333333,34.5,-63.21062325,-32.42520103333333,1306.261396604833,308.5981708171514,1342.0295905188639,20.11428983493911,15.693826641789729,9.7905505282506,12.478961904042144,19.438396682443095,-8.509495633580348,-1.2742257560442016,-0.6319556920018242,-0.14870827101572578,-2.751064693605804,6,7820,705.9967019999999,21.95,1313.28,2166.36,11.076538994937119,68.35,21.52,10.13,0,0,40.51,34.18,6.33,50.55,44.65,5.9,0.6,6.63,14.46,29.52,28.92,7.23,12.65,81.01,55.7,91.14,98.73,53.14,46.86,4.43,3.69,8.12,7.38,9.96,17.34,7.38,7.01,14.39,26.2,18.08,44.28,7.75,8.12,15.87,151.0,180.0,192.0,22.0,129.0,29.0,12.0,48.0,68.25302950365437,68.25302950365437,54.63980497563208,109.27960995126416,17.02278190813321,18.643597873358928,12.513215897433637,13.726060622047054,14.062630550807517,15.113872190756904,20.78173894089225,22.958948154603682,30.17452100202304,30.17452100202304,26.65992448492635,53.3198489698527,-0.8593728455806864,0.12464482877881267,0.16379954852354642,1.0169949104386495,-0.0523784873277408,0.5500500151911369,-1.6040907919833833,-0.256251990575015,114.0,522.0,132.0,636.0,768.0,768.0
CGC 2,2024-05-08,0.0,23.0,-63.2047581,-32.4218166,1947.9933869196261,313.125984702523,666.0221705370947,19.883535599626743,14.688826711322772,6.018528074908654,11.50806558403603,18.27695439566647,14.165931547936633,-1.4056904454901082,-4.445629633577266,-1.067017152509109,-2.0112122438734628,1,7820,705.9967019999999,21.95,1313.28,2166.36,11.076538994937119,68.35,21.52,10.13,0,0,40.51,34.18,6.33,50.55,44.65,5.9,0.6,6.63,14.46,29.52,28.92,7.23,12.65,81.01,55.7,91.14,98.73,53.14,46.86,4.43,3.69,8.12,7.38,9.96,17.34,7.38,7.01,14.39,26.2,18.08,44.28,7.75,8.12,15.87,28.0,157.0,186.0,6.0,22.0,129.0,29.0,46.5,20.11428983493911,20.11428983493911,44.183659669296745,88.36731933859349,15.693826641789729,16.35830427496147,9.7905505282506,11.151883212842119,12.478961904042144,13.270796227424832,19.438396682443095,20.110067811667673,-8.509495633580348,-8.509495633580348,10.83251268422135,21.6650253684427,-1.2742257560442016,-1.066799300812444,-0.6319556920018242,-0.23407807173913892,-0.14870827101572578,-0.10054337917173341,-2.751064693605804,-2.1775777427945937,36.0,114.0,522.0,150.0,672.0,672.0
CGC 2,2024-09-25,0.0,65.0,-63.2080007,-32.4228607,1622.5648457061286,248.12764713851868,975.5223642126899,0.005224595312029123,21.502562837857365,6.58422127429894,13.75897080825526,30.3814330600296,-7.457210927487015,3.2510387603359323,1.6230619125656098,1.6208134935308665,5.077871319578213,1,7820,705.9967019999999,21.95,1313.28,2166.36,11.076538994937119,68.35,21.52,10.13,0,0,40.51,34.18,6.33,50.55,44.65,5.9,0.6,6.63,14.46,29.52,28.92,7.23,12.65,81.01,55.7,91.14,98.73,53.14,46.86,4.43,3.69,8.12,7.38,9.96,17.34,7.38,7.01,14.39,26.2,18.08,44.28,7.75,8.12,15.87,7.0,29.0,158.0,1.0,6.0,22.0,129.0,39.5,19.883535599626743,19.883535599626743,19.998912717282927,39.997825434565854,14.688826711322772,15.191326676556251,6.018528074908654,7.904539301579627,11.50806558403603,11.993513744039088,18.27695439566647,18.85767553905478,14.165931547936633,14.165931547936633,2.828217957178146,5.656435914356292,-1.4056904454901082,-1.3399581007671548,-4.445629633577266,-2.538792662789545,-1.067017152509109,-0.6078627117624175,-2.0112122438734628,-2.3811384687396333,1.0,1.0,1.0,2.0,3.0,3.0
CGC 2,2024-12-04,1.0,49.0,-63.2043521,-32.42921,1570.8905072805055,146.73047163549788,1003.3890482337154,0.01719965599477291,21.290552940503595,9.624430030960344,15.432874688555518,28.099659892366848,-3.868575736414641,-1.1074654726162527,-0.47856392094310596,-2.1843399381805906,0.8387091680829936,1,7820,705.9967019999999,21.95,1313.28,2166.36,11.076538994937119,68.35,21.52,10.13,0,0,40.51,34.18,6.33,50.55,44.65,5.9,0.6,6.63,14.46,29.52,28.92,7.23,12.65,81.01,55.7,91.14,98.73,53.14,46.86,4.43,3.69,8.12,7.38,9.96,17.34,7.38,7.01,14.39,26.2,18.08,44.28,7.75,8.12,15.87,2.0,8.0,30.0,1.0,1.0,6.0,22.0,7.5,0.005224595312029123,0.005224595312029123,9.944380097469386,19.888760194938772,21.502562837857365,18.09569477459007,6.58422127429894,6.301374674603798,13.75897080825526,12.633518196145644,30.3814330600296,24.329193727848036,-7.457210927487015,-7.457210927487015,3.3543603102248127,6.7087206204496255,3.2510387603359323,0.9226741574229121,1.6230619125656098,-1.411283860505828,1.6208134935308665,0.2768981705108786,5.077871319578213,1.5333295378523752,0.0,1.0,1.0,1.0,2.0,2.0
CGC 2,2025-01-01,0.0,38.0,-63.2143908,-32.4280325,851.2942956533511,342.8316090122529,1705.2002083129669,0.0008523463038727641,27.03276398472181,15.432159786933942,20.175691779391325,33.69495066873936,-2.265418291852776,0.27111582932775463,-0.016141108302844077,0.062370929200662284,0.7113654927255971,1,7820,705.9967019999999,21.95,1313.28,2166.36,11.076538994937119,68.35,21.52,10.13,0,0,40.51,34.18,6.33,50.55,44.65,5.9,0.6,6.63,14.46,29.52,28.92,7.23,12.65,81.01,55.7,91.14,98.73,53.14,46.86,4.43,3.69,8.12,7.38,9.96,17.34,7.38,7.01,14.39,26.2,18.08,44.28,7.75,8.12,15.87,2.0,3.0,9.0,1.0,1.0,1.0,6.0,2.25,0.01719965599477291,0.01719965599477291,0.011212125653401017,0.022424251306802034,21.290552940503595,21.396557889180478,9.624430030960344,8.104325652629642,15.432874688555518,14.595922748405389,28.099659892366848,29.240546476198226,-3.868575736414641,-3.868575736414641,-5.662893331950825,-11.32578666390165,-1.1074654726162527,1.0717866438598398,-0.47856392094310596,0.572248995811252,-2.1843399381805906,-0.2817632223248622,0.8387091680829936,2.958290243830603,3.0,0.0,0.0,3.0,3.0,3.0
CGC 2,2025-01-29,1.0,14.0,-63.2028095,-32.4259005,1901.7452314746631,48.779718188977746,635.7932594061845,37.09176427035174,25.125207349720238,19.53503057676499,19.365464774752606,30.51165637725439,-48.8517353108769,0.36678588325615,1.000707872177328,-0.06558075747395638,0.27423761214092424,1,7820,705.9967019999999,21.95,1313.28,2166.36,11.076538994937119,68.35,21.52,10.13,0,0,40.51,34.18,6.33,50.55,44.65,5.9,0.6,6.63,14.46,29.52,28.92,7.23,12.65,81.01,55.7,91.14,98.73,53.14,46.86,4.43,3.69,8.12,7.38,9.96,17.34,7.38,7.01,14.39,26.2,18.08,44.28,7.75,8.12,15.87,2.0,3.0,4.0,1.0,1.0,1.0,1.0,1.0,0.0008523463038727641,0.0008523463038727641,0.009026001149322838,0.018052002298645675,27.03276398472181,24.161658462612703,15.432159786933942,12.528294908947142,20.175691779391325,17.804283233973422,33.69495066873936,30.897305280553102,-2.265418291852776,-2.265418291852776,-3.066997014133705,-6.13399402826741,0.27111582932775463,-0.418174821644249,-0.016141108302844077,-0.24735251462297503,0.062370929200662284,-1.0609845044899642,0.7113654927255971,0.7750373304042953,2.0,1.0,3.0,3.0,6.0,6.0
CGC 2,2025-02-12,1.0,53.0,-63.2069944,-32.424906,1619.1468653938894,47.3835413685027,928.5265827847247,17.884358441305302,22.2021654427259,17.235058379606876,18.8678494972758,27.876351686360408,-16.061215930128622,0.13679170411912894,2.022241780926592,1.5816468334303122,0.7273608009437456,1,7820,705.9967019999999,21.95,1313.28,2166.36,11.076538994937119,68.35,21.52,10.13,0,0,40.51,34.18,6.33,50.55,44.65,5.9,0.6,6.63,14.46,29.52,28.92,7.23,12.65,81.01,55.7,91.14,98.73,53.14,46.86,4.43,3.69,8.12,7.38,9.96,17.34,7.38,7.01,14.39,26.2,18.08,44.28,7.75,8.12,15.87,2.0,3.0,4.0,1.0,1.0,1.0,1.0,1.0,37.09176427035174,37.09176427035174,18.546308308327806,37.09261661665561,25.125207349720238,26.078985667221026,19.53503057676499,17.483595181849466,19.365464774752606,19.770578277071966,30.51165637725439,32.10330352299687,-48.8517353108769,-48.8517353108769,-25.558576801364833,-51.117153602729665,0.36678588325615,0.3189508562919523,1.000707872177328,0.4922833819372419,-0.06558075747395638,-0.0016049141366470468,0.27423761214092424,0.4928015524332607,5.0,2.0,1.0,7.0,8.0,8.0
CGC 2,2025-02-26,0.0,67.5,-63.207364,-32.4238831,1632.7914480769862,145.64713215747344,940.1169780700211,34.58065117359588,19.028959283602997,11.285588284994333,15.346424215799697,23.83131090785785,8.333175656392644,-4.628720019884142,-4.8966771980141575,-4.077563278774953,-4.768863720505866,2,7820,705.9967019999999,21.95,1313.28,2166.36,11.076538994937119,68.35,21.52,10.13,0,0,40.51,34.18,6.33,50.55,44.65,5.9,0.6,6.63,14.46,29.52,28.92,7.23,12.65,81.01,55.7,91.14,98.73,53.14,46.86,4.43,3.69,8.12,7.38,9.96,17.34,7.38,7.01,14.39,26.2,18.08,44.28,7.75,8.12,15.87,2.0,3.0,4.0,1.0,1.0,1.0,1.0,1.0,17.884358441305302,17.884358441305302,27.48806135582852,54.97612271165704,22.2021654427259,23.66368639622307,17.235058379606876,18.385044478185932,18.8678494972758,19.116657136014204,27.876351686360408,29.1940040318074,-16.061215930128622,-16.061215930128622,-32.45647562050276,-64.91295124100552,0.13679170411912894,0.2517887936876395,2.022241780926592,1.51147482655196,1.5816468334303122,0.7580330379781779,0.7273608009437456,0.5007992065423349,12.0,5.0,2.0,17.0,19.0,19.0
CGC 2,2025-03-12,0.7777777777777778,58.44444444444444,-63.21002824444444,-32.428526455555556,1057.133164274496,167.38894059186984,1565.9427924374995,36.01455561366792,20.999856660263674,15.453898797195954,17.620265148786014,25.46933026088253,-19.641714346783285,-0.5491729090089665,-0.25575777220252605,-0.4462583489956216,-0.31709325980612557,9,7820,705.9967019999999,21.95,1313.28,2166.36,11.076538994937119,68.35,21.52,10.13,0,0,40.51,34.18,6.33,50.55,44.65,5.9,0.6,6.63,14.46,29.52,28.92,7.23,12.65,81.01,55.7,91.14,98.73,53.14,46.86,4.43,3.69,8.12,7.38,9.96,17.34,7.38,7.01,14.39,26.2,18.08,44.28,7.75,8.12,15.87,3.0,4.0,5.0,2.0,1.0,1.0,1.0,1.25,34.58065117359588,34.58065117359588,26.232504807450592,52.465009614901184,19.028959283602997,20.61556236316445,11.285588284994333,14.260323332300603,15.346424215799697,17.10713685653775,23.83131090785785,25.85383129710913,8.333175656392644,8.333175656392644,-3.8640201368679854,-7.728040273735971,-4.628720019884142,-2.2459641578825065,-4.8966771980141575,-1.4372177085437827,-4.077563278774953,-1.2479582226723203,-4.768863720505866,-2.02075145978106,24.0,12.0,5.0,36.0,41.0,41.0
CGC 2,2025-03-26,0.3333333333333333,55.0,-63.20978703333333,-32.42605033333333,1329.9715158221472,161.86704379132792,1221.0167591544462,12.652989764954455,18.14438727495141,11.526854654160667,12.76086305157775,22.809071567727827,9.671894954222195,0.0787416190721421,1.6686821191473982,-0.8629718551062777,0.008859074961622415,3,7820,705.9967019999999,21.95,1313.28,2166.36,11.076538994937119,68.35,21.52,10.13,0,0,40.51,34.18,6.33,50.55,44.65,5.9,0.6,6.63,14.46,29.52,28.92,7.23,12.65,81.01,55.7,91.14,98.73,53.14,46.86,4.43,3.69,8.12,7.38,9.96,17.34,7.38,7.01,14.39,26.2,18.08,44.28,7.75,8.12,15.87,11.0,12.0,13.0,9.0,2.0,1.0,1.0,3.25,36.01455561366792,36.01455561366792,35.2976033936319,70.5952067872638,20.999856660263674,20.014407971933338,15.453898797195954,13.369743541095142,17.620265148786014,16.483344682292856,25.46933026088253,24.650320584370192,-19.641714346783285,-19.641714346783285,-5.654269345195317,-11.308538690390634,-0.5491729090089665,-2.588946464446554,-0.25575777220252605,-2.5762174851083417,-0.4462583489956216,-2.2619108138852875,-0.31709325980612557,-2.542978490155996,31.0,24.0,12.0,55.0,67.0,67.0
CGC 2,2025-04-09,0.0,29.0,-63.209851,-32.4315717,1031.8764846298657,62.28175951545467,1552.0903651942428,6.516567555745155,15.922511835320904,8.949969682788074,9.711877069548336,22.293914642647056,-48.787457245151074,0.3403190116989425,-1.4305342683905833,-1.766341517691246,2.1873764210758773,1,7820,705.9967019999999,21.95,1313.28,2166.36,11.076538994937119,68.35,21.52,10.13,0,0,40.51,34.18,6.33,50.55,44.65,5.9,0.6,6.63,14.46,29.52,28.92,7.23,12.65,81.01,55.7,91.14,98.73,53.14,46.86,4.43,3.69,8.12,7.38,9.96,17.34,7.38,7.01,14.39,26.2,18.08,44.28,7.75,8.12,15.87,12.0,14.0,15.0,3.0,9.0,2.0,1.0,3.75,12.652989764954455,12.652989764954455,24.33377268931119,48.66754537862238,18.14438727495141,19.572121967607544,11.526854654160667,13.49037672567831,12.76086305157775,15.190564100181883,22.809071567727827,24.139200914305178,9.671894954222195,9.671894954222195,-4.984909696280542,-9.969819392561083,0.0787416190721421,-0.2352156449684122,1.6686821191473982,0.7064621734724361,-0.8629718551062777,-0.6546151020509496,0.008859074961622415,-0.15411709242225158,14.0,31.0,24.0,45.0,69.0,69.0
CGC 2,2025-04-23,0.5,28.25,-63.215085825,-32.429791525,689.9033097569242,60.36258043256354,1869.4115538671665,5.2363906029593945,18.79843497324119,12.336509264691319,15.573075920376366,22.651153622958972,-1.0973002340623679,2.136280754355557,1.7156523756023712,2.9565404792956373,0.6444382298925664,4,7820,705.9967019999999,21.95,1313.28,2166.36,11.076538994937119,68.35,21.52,10.13,0,0,40.51,34.18,6.33,50.55,44.65,5.9,0.6,6.63,14.46,29.52,28.92,7.23,12.65,81.01,55.7,91.14,98.73,53.14,46.86,4.43,3.69,8.12,7.38,9.96,17.34,7.38,7.01,14.39,26.2,18.08,44.28,7.75,8.12,15.87,4.0,13.0,15.0,1.0,3.0,9.0,2.0,3.75,6.516567555745155,6.516567555745155,9.584778660349805,19.16955732069961,15.922511835320904,17.03344955513616,8.949969682788074,10.238412168474369,9.711877069548336,11.236370060563043,22.293914642647056,22.55149310518744,-48.787457245151074,-48.787457245151074,-19.557781145464435,-39.11556229092887,0.3403190116989425,0.20953031538554232,-1.4305342683905833,0.11907392537840744,-1.766341517691246,-1.3146566863987619,2.1873764210758773,1.0981177480187498,7.0,14.0,31.0,21.0,52.0,52.0
CGC 2,2025-05-07,0.5,15.5,-63.206906149999995,-32.4254863,1574.9337606411082,280.6373760089052,1054.2413160815076,2.914633062822388,18.15583161252932,14.617487346426646,12.935312690896573,23.95554019013855,1.9083314708165582,2.543459987688688,3.6083917835977344,2.1220778954321635,2.8636988951081674,2,7820,705.9967019999999,21.95,1313.28,2166.36,11.076538994937119,68.35,21.52,10.13,0,0,40.51,34.18,6.33,50.55,44.65,5.9,0.6,6.63,14.46,29.52,28.92,7.23,12.65,81.01,55.7,91.14,98.73,53.14,46.86,4.43,3.69,8.12,7.38,9.96,17.34,7.38,7.01,14.39,26.2,18.08,44.28,7.75,8.12,15.87,5.0,8.0,17.0,4.0,1.0,3.0,9.0,4.25,5.2363906029593945,5.2363906029593945,5.876479079352275,11.75295815870455,18.79843497324119,17.360473404281045,12.336509264691319,10.643239473739694,15.573075920376366,12.642476494962352,22.651153622958972,22.472534132803013,-1.0973002340623679,-1.0973002340623679,-24.942378739606717,-49.884757479213434,2.136280754355557,1.2382998830272496,1.7156523756023712,0.14255905360589394,2.9565404792956373,0.5950994808021957,0.6444382298925664,1.4159073254842218,9.0,7.0,14.0,16.0,30.0,30.0
MUNICERCA 1,2024-01-03,0.75,45.5,-63.263953975,-32.407536300000004,911.4585818689111,150.55178121341976,3367.999073793266,453.3900862142248,23.645550292078234,19.058737468382567,19.839733808356456,27.24713593260524,397.70385733035636,-2.9838382843839217,3.412251648679512,-1.0091218914552091,-5.066712744530412,4,10909,501.195501,17.79,764.29,2313.32,21.765957551961346,71.08,22.89,6.03,0,0,27.71,24.1,3.61,32.0,27.56,4.44,0.65,7.1,20.0,18.06,25.16,8.39,20.65,92.77,75.9,96.39,100.0,52.84,47.16,2.18,3.93,6.11,8.3,6.99,15.29,5.68,6.55,12.23,23.58,17.03,40.61,13.1,12.66,25.76,,,,,,,,,453.3900862142248,453.3900862142248,226.69634844860016,453.3926968972003,23.645550292078234,24.363983674845322,19.058737468382567,17.108256061996748,19.839733808356456,19.514584679394694,27.24713593260524,29.027113593885392,397.70385733035636,397.70385733035636,23.8454803662776,47.6909607325552,-2.9838382843839217,-0.7265993175040317,3.412251648679512,-0.26218338936849506,-1.0091218914552091,-0.9832003438858592,-5.066712744530412,-1.2721648924572693,3.0,0.0,,3.0,,
MUNICERCA 1,2024-01-17,0.0,25.0,-63.2623257,-32.4117637,529.0683059531513,211.49722755577272,3708.104353926267,0.002610682975500822,25.082417057612407,15.157774655610929,19.189435550432933,30.807091255165545,-350.01289659780116,1.5306396493758583,-3.936618427416502,-0.9572787963165094,2.5223829596158738,1,10909,501.195501,17.79,764.29,2313.32,21.765957551961346,71.08,22.89,6.03,0,0,27.71,24.1,3.61,32.0,27.56,4.44,0.65,7.1,20.0,18.06,25.16,8.39,20.65,92.77,75.9,96.39,100.0,52.84,47.16,2.18,3.93,6.11,8.3,6.99,15.29,5.68,6.55,12.23,23.58,17.03,40.61,13.1,12.66,25.76,,,,4.0,,,,,453.3900862142248,453.3900862142248,226.69634844860016,453.3926968972003,23.645550292078234,24.363983674845322,19.058737468382567,17.108256061996748,19.839733808356456,19.514584679394694,27.24713593260524,29.027113593885392,397.70385733035636,397.70385733035636,23.8454803662776,47.6909607325552,-2.9838382843839217,-0.7265993175040317,3.412251648679512,-0.26218338936849506,-1.0091218914552091,-0.9832003438858592,-5.066712744530412,-1.2721648924572693,9.0,3.0,0.0,12.0,12.0,12.0
MUNICERCA 1,2024-01-31,0.5882352941176471,56.23529411764706,-63.26475145294118,-32.407013505882354,975.8103440502675,102.97972820956964,3127.3687284676253,132.32836897806166,27.61797975285242,19.69609522153513,23.03766580343646,33.29165734228809,87.89172226145513,2.719596723238798,2.4239561858925924,3.1220703237081118,2.877779982262044,17,10909,501.195501,17.79,764.29,2313.32,21.765957551961346,71.08,22.89,6.03,0,0,27.71,24.1,3.61,32.0,27.56,4.44,0.65,7.1,20.0,18.06,25.16,8.39,20.65,92.77,75.9,96.39,100.0,52.84,47.16,2.18,3.93,6.11,8.3,6.99,15.29,5.68,6.55,12.23,23.58,17.03,40.61,13.1,12.66,25.76,5.0,,,1.0,4.0,,,,0.002610682975500822,0.002610682975500822,226.69634844860016,453.3926968972003,25.082417057612407,24.363983674845322,15.157774655610929,17.108256061996748,19.189435550432933,19.514584679394694,30.807091255165545,29.027113593885392,-350.01289659780116,-350.01289659780116,23.8454803662776,47.6909607325552,1.5306396493758583,-0.7265993175040317,-3.936618427416502,-0.26218338936849506,-0.9572787963165094,-0.9832003438858592,2.5223829596158738,-1.2721648924572693,6.0,9.0,3.0,15.0,18.0,18.0
MUNICERCA 1,2024-02-14,0.5294117647058824,56.23529411764706,-63.26394601176471,-32.40662278235294,1025.9021850038307,181.1649148557772,3257.0167443049536,13.608882162460239,23.549857981525083,18.3947365838571,19.56952111475462,28.323030924664007,-5.5388400280774714,-0.20387908665118754,1.7865701310238469,0.5048619462369532,-0.6440761126496187,17,10909,501.195501,17.79,764.29,2313.32,21.765957551961346,71.08,22.89,6.03,0,0,27.71,24.1,3.61,32.0,27.56,4.44,0.65,7.1,20.0,18.06,25.16,8.39,20.65,92.77,75.9,96.39,100.0,52.84,47.16,2.18,3.93,6.11,8.3,6.99,15.29,5.68,6.55,12.23,23.58,17.03,40.61,13.1,12.66,25.76,18.0,22.0,,17.0,1.0,4.0,,,132.32836897806166,132.32836897806166,66.16548983051858,132.33097966103716,27.61797975285242,26.350198405232412,19.69609522153513,17.42693493857303,23.03766580343646,21.113550676934697,33.29165734228809,32.04937429872682,87.89172226145513,87.89172226145513,-131.06058716817302,-262.12117433634603,2.719596723238798,2.1251181863073283,2.4239561858925924,-0.7563311207619547,3.1220703237081118,1.0823957636958013,2.877779982262044,2.700081470938959,32.0,6.0,9.0,38.0,47.0,47.0
MUNICERCA 1,2024-02-28,0.5416666666666666,47.541666666666664,-63.261974474999995,-32.404993425,1198.0406922434106,112.01482731445584,2962.6564690283108,31.197191680947697,24.865328221269852,20.256567917212557,20.951060049814735,29.97475076426183,-21.311354526796656,0.549937470172915,2.5563106044025763,0.8544232282091947,0.6994173879778308,24,10909,501.195501,17.79,764.29,2313.32,21.765957551961346,71.08,22.89,6.03,0,0,27.71,24.1,3.61,32.0,27.56,4.44,0.65,7.1,20.0,18.06,25.16,8.39,20.65,92.77,75.9,96.39,100.0,52.84,47.16,2.18,3.93,6.11,8.3,6.99,15.29,5.68,6.55,12.23,23.58,17.03,40.61,13.1,12.66,25.76,34.0,35.0,39.0,17.0,17.0,1.0,4.0,9.75,13.608882162460239,13.608882162460239,72.96862557026095,145.9372511405219,23.549857981525083,25.58391886718875,18.3947365838571,19.045415902696114,19.56952111475462,21.30359345909554,28.323030924664007,30.80734413347605,-5.5388400280774714,-5.5388400280774714,41.17644111668883,82.35288223337766,-0.20387908665118754,1.257858818293805,1.7865701310238469,2.1052631584582198,0.5048619462369532,1.8134661349725325,-0.6440761126496187,1.1168519348062127,41.0,32.0,6.0,73.0,79.0,79.0
MUNICERCA 1,2024-03-13,0.4262295081967213,43.721311475409834,-63.26400648688525,-32.40614060655738,1074.84519463127,141.77917790638884,3144.590005443092,43.36161242891229,22.579128520861676,17.113739601223006,18.933938281913637,27.219420267866074,-18.110579101984214,1.1795098898357579,1.2757067107711575,1.162057256220615,1.4218136798046814,61,10909,501.195501,17.79,764.29,2313.32,21.765957551961346,71.08,22.89,6.03,0,0,27.71,24.1,3.61,32.0,27.56,4.44,0.65,7.1,20.0,18.06,25.16,8.39,20.65,92.77,75.9,96.39,100.0,52.84,47.16,2.18,3.93,6.11,8.3,6.99,15.29,5.68,6.55,12.23,23.58,17.03,40.61,13.1,12.66,25.76,41.0,58.0,59.0,24.0,17.0,17.0,1.0,14.75,31.197191680947697,31.197191680947697,22.40303692170397,44.80607384340794,24.865328221269852,24.207593101397467,20.256567917212557,19.32565225053483,20.951060049814735,20.26029058228468,29.97475076426183,29.14889084446292,-21.311354526796656,-21.311354526796656,-13.425097277437064,-26.85019455487413,0.549937470172915,0.17302919176086373,2.5563106044025763,2.1714403677132115,0.8544232282091947,0.679642587223074,0.6994173879778308,0.027670637664106046,56.0,41.0,32.0,97.0,129.0,129.0
MUNICERCA 1,2024-03-27,0.4566929133858268,36.94094488188976,-63.26368845748031,-32.40590331299213,1093.0292086087886,132.31496249126016,3106.3853401046376,42.93753811180809,20.62743766732894,15.303652513532167,16.54477265435173,25.490415319846715,22.660391463541554,1.2745762347085992,2.014635371029408,1.2870527296786174,1.3393525311712506,254,10909,501.195501,17.79,764.29,2313.32,21.765957551961346,71.08,22.89,6.03,0,0,27.71,24.1,3.61,32.0,27.56,4.44,0.65,7.1,20.0,18.06,25.16,8.39,20.65,92.77,75.9,96.39,100.0,52.84,47.16,2.18,3.93,6.11,8.3,6.99,15.29,5.68,6.55,12.23,23.58,17.03,40.61,13.1,12.66,25.76,85.0,102.0,119.0,61.0,24.0,17.0,17.0,29.75,43.36161242891229,43.36161242891229,37.27940205492999,74.55880410985998,22.579128520861676,23.722228371065764,17.113739601223006,18.685153759217783,18.933938281913637,19.942499165864184,27.219420267866074,28.597085516063952,-18.110579101984214,-18.110579101984214,-19.710966814390435,-39.42193362878087,1.1795098898357579,0.8647236800043364,1.2757067107711575,1.9160086575868667,1.162057256220615,1.0082402422149048,1.4218136798046814,1.0606155338912562,109.0,56.0,41.0,165.0,206.0,206.0
MUNICERCA 1,2024-04-10,0.4166666666666667,43.9,-63.26470476666667,-32.406656770000005,1011.1272425583121,150.67712164492804,3210.225942510256,70.70181704420192,17.161706569628393,13.096205330184628,14.264375166004802,20.895429878141115,37.280396687580655,-0.6994687499019523,0.6801153652120252,0.17850521157771657,-1.4375803757651338,60,10909,501.195501,17.79,764.29,2313.32,21.765957551961346,71.08,22.89,6.03,0,0,27.71,24.1,3.61,32.0,27.56,4.44,0.65,7.1,20.0,18.06,25.16,8.39,20.65,92.77,75.9,96.39,100.0,52.84,47.16,2.18,3.93,6.11,8.3,6.99,15.29,5.68,6.55,12.23,23.58,17.03,40.61,13.1,12.66,25.76,315.0,339.0,356.0,254.0,61.0,24.0,17.0,89.0,42.93753811180809,42.93753811180809,43.14957527036019,86.29915054072038,20.62743766732894,21.60328309409531,15.303652513532167,16.208696057377587,16.54477265435173,17.739355468132683,25.490415319846715,26.354917793856394,22.660391463541554,22.660391463541554,2.27490618077867,4.54981236155734,1.2745762347085992,1.2270430622721786,2.014635371029408,1.6451710409002827,1.2870527296786174,1.2245549929496162,1.3393525311712506,1.380583105487966,352.0,109.0,56.0,461.0,517.0,517.0
MUNICERCA 1,2024-04-24,0.21428571428571427,46.642857142857146,-63.266814749999995,-32.40674845,1019.7443310315406,97.47809985031562,3195.675679040139,10.444666418862155,15.111201796727936,9.69601042341933,12.360013384271355,19.251109986892605,-4.355319581933832,-1.9963001445291189,-1.4330598142853568,-0.8734317015266365,-2.6732353383957124,14,10909,501.195501,17.79,764.29,2313.32,21.765957551961346,71.08,22.89,6.03,0,0,27.71,24.1,3.61,32.0,27.56,4.44,0.65,7.1,20.0,18.06,25.16,8.39,20.65,92.77,75.9,96.39,100.0,52.84,47.16,2.18,3.93,6.11,8.3,6.99,15.29,5.68,6.55,12.23,23.58,17.03,40.61,13.1,12.66,25.76,314.0,375.0,399.0,60.0,254.0,61.0,24.0,99.75,70.70181704420192,70.70181704420192,56.819677578005,113.63935515601,17.161706569628393,18.894572118478667,13.096205330184628,14.199928921858398,14.264375166004802,15.404573910178264,20.895429878141115,23.192922598993917,37.280396687580655,37.280396687580655,29.970394075561103,59.940788151122206,-0.6994687499019523,0.28755374240332343,0.6801153652120252,1.3473753681207166,0.17850521157771657,0.732778970628167,-1.4375803757651338,-0.04911392229694167,96.0,352.0,109.0,448.0,557.0,557.0
MUNICERCA 1,2024-05-08,0.0,0.0,-63.2564777,-32.402411,1460.3129826336929,7.036922070045671,2573.037248123245,0.48584256545945886,10.60382692259153,5.645365543888748,8.256144251082905,13.16868233456316,0.3581182948902983,-3.959404121753904,-3.0682651906608807,-2.3699842211393167,-6.35064614308441,1,10909,501.195501,17.79,764.29,2313.32,21.765957551961346,71.08,22.89,6.03,0,0,27.71,24.1,3.61,32.0,27.56,4.44,0.65,7.1,20.0,18.06,25.16,8.39,20.65,92.77,75.9,96.39,100.0,52.84,47.16,2.18,3.93,6.11,8.3,6.99,15.29,5.68,6.55,12.23,23.58,17.03,40.61,13.1,12.66,25.76,74.0,328.0,389.0,14.0,60.0,254.0,61.0,97.25,10.444666418862155,10.444666418862155,40.573241731532036,81.14648346306407,15.111201796727936,16.136454183178166,9.69601042341933,11.396107876801977,12.360013384271355,13.31219427513808,19.251109986892605,20.073269932516858,-4.355319581933832,-4.355319581933832,16.46253855282341,32.92507710564682,-1.9963001445291189,-1.3478844472155356,-1.4330598142853568,-0.37647222453666584,-0.8734317015266365,-0.34746324497445996,-2.6732353383957124,-2.0554078570804233,31.0,96.0,352.0,127.0,479.0,479.0
MUNICERCA 1,2024-06-19,1.0,40.0,-63.2586763,-32.4001501,1705.5091908754002,115.942415848767,2370.0771003044542,1.5853976410214,8.0969834619851,0.7006893811569973,5.341079621457614,10.953547398785545,1.2234976833810962,-1.9731178839248662,-2.961789432703154,-1.0149370886118305,-4.254337665233552,1,10909,501.195501,17.79,764.29,2313.32,21.765957551961346,71.08,22.89,6.03,0,0,27.71,24.1,3.61,32.0,27.56,4.44,0.65,7.1,20.0,18.06,25.16,8.39,20.65,92.77,75.9,96.39,100.0,52.84,47.16,2.18,3.93,6.11,8.3,6.99,15.29,5.68,6.55,12.23,23.58,17.03,40.61,13.1,12.66,25.76,15.0,75.0,329.0,1.0,14.0,60.0,254.0,82.25,0.48584256545945886,0.48584256545945886,5.465254492160814,10.930508984321628,10.60382692259153,12.857514359659733,5.645365543888748,7.670687983654039,8.256144251082905,10.30807881767713,13.16868233456316,16.209896160727883,0.3581182948902983,0.3581182948902983,-1.9986006435217636,-3.997201287043527,-3.959404121753904,-2.9778521331415115,-3.0682651906608807,-2.250662502473119,-2.3699842211393167,-1.6217079613329766,-6.35064614308441,-4.511940740740061,0.0,2.0,31.0,2.0,33.0,33.0
MUNICERCA 1,2024-09-25,0.0,9.0,-63.2585695,-32.4092613,691.3502559952874,129.41123956955633,3358.1221765286723,1.8426170012945913,21.857047040278875,3.752652306339322,16.302703699330067,27.089119804519783,1.1015884846636386,2.704092249951587,-0.9619313024999253,4.0119957932428285,0.8839348679963424,1,10909,501.195501,17.79,764.29,2313.32,21.765957551961346,71.08,22.89,6.03,0,0,27.71,24.1,3.61,32.0,27.56,4.44,0.65,7.1,20.0,18.06,25.16,8.39,20.65,92.77,75.9,96.39,100.0,52.84,47.16,2.18,3.93,6.11,8.3,6.99,15.29,5.68,6.55,12.23,23.58,17.03,40.61,13.1,12.66,25.76,2.0,16.0,76.0,1.0,1.0,14.0,60.0,19.0,1.5853976410214,1.5853976410214,1.0356201032404364,2.071240206480873,8.0969834619851,9.350405192288315,0.7006893811569973,3.1730274625228727,5.341079621457614,6.798611936270259,10.953547398785545,12.061114866674352,1.2234976833810962,1.2234976833810962,0.7908079891357008,1.5816159782714017,-1.9731178839248662,-2.966261002839385,-2.961789432703154,-3.0150273116820174,-1.0149370886118305,-1.6924606548755736,-4.254337665233552,-5.302491904158982,0.0,1.0,1.0,1.0,2.0,2.0
MUNICERCA 1,2024-11-20,0.0,56.0,-63.2549011,-32.4069726,983.6023585121426,79.10557119508975,3059.3412973570003,0.010362266562879086,24.4100862528077,15.525899230351309,18.31956012631717,30.873077689019258,-1.3544688019125415,0.37412314135411306,3.332689211345639,0.33970342330067366,0.16229362462038335,1,10909,501.195501,17.79,764.29,2313.32,21.765957551961346,71.08,22.89,6.03,0,0,27.71,24.1,3.61,32.0,27.56,4.44,0.65,7.1,20.0,18.06,25.16,8.39,20.65,92.77,75.9,96.39,100.0,52.84,47.16,2.18,3.93,6.11,8.3,6.99,15.29,5.68,6.55,12.23,23.58,17.03,40.61,13.1,12.66,25.76,2.0,3.0,17.0,1.0,1.0,1.0,14.0,4.25,1.8426170012945913,1.8426170012945913,1.7140073211580027,3.4280146423160054,21.857047040278875,14.977015251131988,3.752652306339322,2.2266708437481597,16.302703699330067,10.82189166039384,27.089119804519783,19.021333601652664,1.1015884846636386,1.1015884846636386,1.162543084022371,2.325086168044742,2.704092249951587,0.36548718301336036,-0.9619313024999253,-1.9618603676015398,4.0119957932428285,1.498529352315499,0.8839348679963424,-1.6852013986186054,1.0,0.0,4.0,1.0,5.0,5.0
MUNICERCA 1,2024-12-18,0.5,25.5,-63.26986445,-32.4093455,774.5944100365122,252.43936010557542,3742.9250442450625,3.2073464649481567,22.930760853289392,12.867965074980829,16.61631566569744,28.465022625996266,-15.912100041989843,-2.6329338357195335,0.08639189859685437,-3.31544618190456,-2.481625018046705,2,10909,501.195501,17.79,764.29,2313.32,21.765957551961346,71.08,22.89,6.03,0,0,27.71,24.1,3.61,32.0,27.56,4.44,0.65,7.1,20.0,18.06,25.16,8.39,20.65,92.77,75.9,96.39,100.0,52.84,47.16,2.18,3.93,6.11,8.3,6.99,15.29,5.68,6.55,12.23,23.58,17.03,40.61,13.1,12.66,25.76,2.0,3.0,4.0,1.0,1.0,1.0,1.0,1.0,0.010362266562879086,0.010362266562879086,0.9264896339287423,1.8529792678574846,24.4100862528077,23.133566646543287,15.525899230351309,9.639275768345316,18.31956012631717,17.31113191282362,30.873077689019258,28.98109874676952,-1.3544688019125415,-1.3544688019125415,-0.1264401586244479,-0.2528803172488958,0.37412314135411306,1.53910769565285,3.332689211345639,1.1853789544228568,0.33970342330067366,2.175849608271751,0.16229362462038335,0.5231142463083625,0.0,0.0,1.0,0.0,1.0,1.0
MUNICERCA 1,2025-01-01,1.0,37.0,-63.28085845,-32.4118395,545.232550479875,123.22727229232711,3700.7084927713904,4.641774033855921,26.320271774662977,15.475699830215799,21.018890111900102,30.88340023629476,0.1211341145680842,-0.1400096655269297,0.7149213520020782,0.1414029292829115,-0.8870946788954316,2,10909,501.195501,17.79,764.29,2313.32,21.765957551961346,71.08,22.89,6.03,0,0,27.71,24.1,3.61,32.0,27.56,4.44,0.65,7.1,20.0,18.06,25.16,8.39,20.65,92.77,75.9,96.39,100.0,52.84,47.16,2.18,3.93,6.11,8.3,6.99,15.29,5.68,6.55,12.23,23.58,17.03,40.61,13.1,12.66,25.76,3.0,4.0,5.0,2.0,1.0,1.0,1.0,1.25,3.2073464649481567,3.2073464649481567,1.608854365755525,3.21770873151105,22.930760853289392,23.670423553048547,12.867965074980829,14.196932152666069,16.61631566569744,17.467937896007307,28.465022625996266,29.669050157507762,-15.912100041989843,-15.912100041989843,-8.633284421951188,-17.266568843902377,-2.6329338357195335,-1.1294053471827104,0.08639189859685437,1.7095405549712468,-3.31544618190456,-1.4878713793019431,-2.481625018046705,-1.1596656967131613,0.0,0.0,0.0,0.0,0.0,0.0
MUNICERCA 1,2025-01-15,0.4,37.6,-63.26488002,-32.40576566,1109.0732895071508,177.47171955466033,3187.02576795836,121.1520426973306,26.326826853845734,18.2181504251311,21.781531136812003,31.532190226802975,28.03892117467504,0.48460349115013096,0.5108076960167477,0.6769045993073519,0.4839776849502931,5,10909,501.195501,17.79,764.29,2313.32,21.765957551961346,71.08,22.89,6.03,0,0,27.71,24.1,3.61,32.0,27.56,4.44,0.65,7.1,20.0,18.06,25.16,8.39,20.65,92.77,75.9,96.39,100.0,52.84,47.16,2.18,3.93,6.11,8.3,6.99,15.29,5.68,6.55,12.23,23.58,17.03,40.61,13.1,12.66,25.76,4.0,5.0,6.0,2.0,2.0,1.0,1.0,1.5,4.641774033855921,4.641774033855921,3.9245602494020457,7.8491204988040915,26.320271774662977,24.625516313976185,15.475699830215799,14.171832452598313,21.018890111900102,18.81760288879877,30.88340023629476,29.674211431145515,0.1211341145680842,0.1211341145680842,-7.895482963710876,-15.790965927421752,-0.1400096655269297,-1.3864717506232318,0.7149213520020782,0.4006566252994663,0.1414029292829115,-1.5870216263108243,-0.8870946788954316,-1.684359848471069,0.0,0.0,0.0,0.0,0.0,0.0
MUNICERCA 1,2025-01-29,0.38461538461538464,36.23076923076923,-63.259385953846156,-32.403983530769224,1286.326529006248,91.06937780544756,2802.208029672446,22.74173698365475,27.152981191588406,19.56697794810251,21.986415399464256,32.96545095016652,-35.11477764982578,2.186472688837798,1.8426753398547235,2.08347351611161,2.558347568386622,13,10909,501.195501,17.79,764.29,2313.32,21.765957551961346,71.08,22.89,6.03,0,0,27.71,24.1,3.61,32.0,27.56,4.44,0.65,7.1,20.0,18.06,25.16,8.39,20.65,92.77,75.9,96.39,100.0,52.84,47.16,2.18,3.93,6.11,8.3,6.99,15.29,5.68,6.55,12.23,23.58,17.03,40.61,13.1,12.66,25.76,7.0,9.0,10.0,5.0,2.0,2.0,1.0,2.5,121.1520426973306,121.1520426973306,62.89690836559327,125.79381673118654,26.326826853845734,26.323549314254358,18.2181504251311,16.846925127673448,21.781531136812003,21.400210624356053,31.532190226802975,31.207795231548868,28.03892117467504,28.03892117467504,14.080027644621564,28.16005528924313,0.48460349115013096,0.17229691281160064,0.5108076960167477,0.6128645240094129,0.6769045993073519,0.4091537642951317,0.4839776849502931,-0.2015584969725697,2.0,0.0,0.0,2.0,2.0,2.0
MUNICERCA 1,2025-02-12,0.4482758620689655,39.93103448275862,-63.26115503103448,-32.40465265862069,1223.237313858974,133.8402970444222,2936.687172652588,44.30372463966704,25.01198202950351,19.055429318126514,21.10698942271114,30.303687274955212,-0.48773749264572763,1.8296416289830975,2.7018339028549514,2.729105523270885,1.7318149408585868,29,10909,501.195501,17.79,764.29,2313.32,21.765957551961346,71.08,22.89,6.03,0,0,27.71,24.1,3.61,32.0,27.56,4.44,0.65,7.1,20.0,18.06,25.16,8.39,20.65,92.77,75.9,96.39,100.0,52.84,47.16,2.18,3.93,6.11,8.3,6.99,15.29,5.68,6.55,12.23,23.58,17.03,40.61,13.1,12.66,25.76,18.0,20.0,22.0,13.0,5.0,2.0,2.0,5.5,22.74173698365475,22.74173698365475,71.94688984049269,143.89377968098538,27.152981191588406,26.73990402271707,19.56697794810251,18.892564186616802,21.986415399464256,21.883973268138128,32.96545095016652,32.24882058848475,-35.11477764982578,-35.11477764982578,-3.5379282375753682,-7.0758564751507365,2.186472688837798,1.3355380899939646,1.8426753398547235,1.1767415179357357,2.08347351611161,1.3801890577094809,2.558347568386622,1.5211626266684573,4.0,2.0,0.0,6.0,6.0,6.0
MUNICERCA 1,2025-02-26,0.5813953488372093,34.02325581395349,-63.262780381395345,-32.40487703953488,1208.4657214595343,139.0245834617245,3010.913007070704,164.91823983949038,25.383770917395537,20.107295150229028,21.743070393870312,29.961743137845726,118.22198467932836,0.5611609563318666,1.884331200537608,1.2176379747710693,0.1277391748188347,43,10909,501.195501,17.79,764.29,2313.32,21.765957551961346,71.08,22.89,6.03,0,0,27.71,24.1,3.61,32.0,27.56,4.44,0.65,7.1,20.0,18.06,25.16,8.39,20.65,92.77,75.9,96.39,100.0,52.84,47.16,2.18,3.93,6.11,8.3,6.99,15.29,5.68,6.55,12.23,23.58,17.03,40.61,13.1,12.66,25.76,42.0,47.0,49.0,29.0,13.0,5.0,2.0,12.25,44.30372463966704,44.30372463966704,33.5227308116609,67.0454616233218,25.01198202950351,26.08248161054596,19.055429318126514,19.31120363311451,21.10698942271114,21.5467024110877,30.303687274955212,31.634569112560868,-0.48773749264572763,-0.48773749264572763,-17.80125757123575,-35.6025151424715,1.8296416289830975,2.008057158910448,2.7018339028549514,2.2722546213548376,2.729105523270885,2.4062895196912475,1.7318149408585868,2.145081254622604,16.0,4.0,2.0,20.0,22.0,22.0
MUNICERCA 1,2025-03-12,0.47058823529411764,40.5,-63.26431020588235,-32.40604078235294,1082.9906118160561,156.2269616134993,3145.84410586256,121.75426955589589,20.786610952845383,15.880024942833742,17.22416582183072,25.41467324767941,47.4127812235634,-0.9718375494396466,-0.41129793421492344,-0.7213255151663214,-0.9294568657103507,34,10909,501.195501,17.79,764.29,2313.32,21.765957551961346,71.08,22.89,6.03,0,0,27.71,24.1,3.61,32.0,27.56,4.44,0.65,7.1,20.0,18.06,25.16,8.39,20.65,92.77,75.9,96.39,100.0,52.84,47.16,2.18,3.93,6.11,8.3,6.99,15.29,5.68,6.55,12.23,23.58,17.03,40.61,13.1,12.66,25.76,72.0,85.0,90.0,43.0,29.0,13.0,5.0,22.5,164.91823983949038,164.91823983949038,104.61098223957872,209.22196447915744,25.383770917395537,25.197876473449526,20.107295150229028,19.581362234177767,21.743070393870312,21.425029908290725,29.961743137845726,30.13271520640047,118.22198467932836,118.22198467932836,58.86712359334132,117.73424718668264,0.5611609563318666,1.195401292657482,1.884331200537608,2.29308255169628,1.2176379747710693,1.973371749020977,0.1277391748188347,0.9297770578387103,26.0,16.0,4.0,42.0,46.0,46.0
MUNICERCA 1,2025-03-26,0.43478260869565216,32.91304347826087,-63.26603521304348,-32.40630995652174,1050.4491384653718,147.5160072049317,3256.569985314214,17.06160864669428,20.25177131922198,15.261400693620772,15.751925926421476,24.877658993191773,9.137085208238474,0.47909947779868745,2.4401854656690194,0.12591813868936597,0.3201799456468597,23,10909,501.195501,17.79,764.29,2313.32,21.765957551961346,71.08,22.89,6.03,0,0,27.71,24.1,3.61,32.0,27.56,4.44,0.65,7.1,20.0,18.06,25.16,8.39,20.65,92.77,75.9,96.39,100.0,52.84,47.16,2.18,3.93,6.11,8.3,6.99,15.29,5.68,6.55,12.23,23.58,17.03,40.61,13.1,12.66,25.76,77.0,106.0,119.0,34.0,43.0,29.0,13.0,29.75,121.75426955589589,121.75426955589589,143.33625469769316,286.6725093953863,20.786610952845383,23.08519093512046,15.880024942833742,17.99366004653138,17.22416582183072,19.483618107850518,25.41467324767941,27.688208192762566,47.4127812235634,47.4127812235634,82.81738295144588,165.63476590289176,-0.9718375494396466,-0.20533829655389002,-0.41129793421492344,0.7365166331613423,-0.7213255151663214,0.24815622980237395,-0.9294568657103507,-0.40085884544575845,24.0,26.0,16.0,50.0,66.0,66.0
MUNICERCA 1,2025-04-09,0.7777777777777778,40.333333333333336,-63.262993211111116,-32.4072526,949.4839461624498,145.36139138951887,3218.8007484451105,22.38442291903474,18.16709070619997,13.540829702985244,14.717201775023682,22.40203359385793,-23.08757333286138,-0.023327174576519265,0.440470026482874,0.3365452477281566,-0.21418525560677035,9,10909,501.195501,17.79,764.29,2313.32,21.765957551961346,71.08,22.89,6.03,0,0,27.71,24.1,3.61,32.0,27.56,4.44,0.65,7.1,20.0,18.06,25.16,8.39,20.65,92.77,75.9,96.39,100.0,52.84,47.16,2.18,3.93,6.11,8.3,6.99,15.29,5.68,6.55,12.23,23.58,17.03,40.61,13.1,12.66,25.76,57.0,100.0,129.0,23.0,34.0,43.0,29.0,32.25,17.06160864669428,17.06160864669428,69.40793910129509,138.81587820259017,20.25177131922198,20.519191136033683,15.261400693620772,15.570712818227255,15.751925926421476,16.488045874126097,24.877658993191773,25.14616612043559,9.137085208238474,9.137085208238474,28.274933215900937,56.549866431801874,0.47909947779868745,-0.2463690358204796,2.4401854656690194,1.014443765727048,0.12591813868936597,-0.2977036882384777,0.3201799456468597,-0.30463846003174594,14.0,24.0,26.0,38.0,64.0,64.0
MUNICERCA 1,2025-04-23,0.8,24.6,-63.26684182,-32.40668414,1023.2418905694889,126.66356042071925,3273.6981178706487,18.26565962985118,17.773243737811995,11.168307035224029,13.476458038788554,23.71476802242767,-5.359567213036108,0.2339522669664519,-0.320034435070501,0.034205570255566906,1.2520200840596147,5,10909,501.195501,17.79,764.29,2313.32,21.765957551961346,71.08,22.89,6.03,0,0,27.71,24.1,3.61,32.0,27.56,4.44,0.65,7.1,20.0,18.06,25.16,8.39,20.65,92.77,75.9,96.39,100.0,52.84,47.16,2.18,3.93,6.11,8.3,6.99,15.29,5.68,6.55,12.23,23.58,17.03,40.61,13.1,12.66,25.76,32.0,66.0,109.0,9.0,23.0,34.0,43.0,27.25,22.38442291903474,22.38442291903474,19.723015782864508,39.446031565729015,18.16709070619997,19.209431012710976,13.540829702985244,14.401115198303007,14.717201775023682,15.23456385072258,22.40203359385793,23.63984629352485,-23.08757333286138,-23.08757333286138,-6.975244062311452,-13.950488124622904,-0.023327174576519265,0.22788615161108408,0.440470026482874,1.4403277460759467,0.3365452477281566,0.23123169320876127,-0.21418525560677035,0.05299734502004423,8.0,14.0,24.0,22.0,46.0,46.0
MUNICERCA 1,2025-05-07,0.5,21.0,-63.267329950000004,-32.40874265,837.8696803539924,74.46841979930595,3307.56361583586,6.500390812483898,18.944604155381715,17.294062309290673,15.965376645898516,21.81241236562263,2.6642165508702655,2.7641635175812844,6.072498487921926,3.7829568054037224,0.8467232787085647,2,10909,501.195501,17.79,764.29,2313.32,21.765957551961346,71.08,22.89,6.03,0,0,27.71,24.1,3.61,32.0,27.56,4.44,0.65,7.1,20.0,18.06,25.16,8.39,20.65,92.77,75.9,96.39,100.0,52.84,47.16,2.18,3.93,6.11,8.3,6.99,15.29,5.68,6.55,12.23,23.58,17.03,40.61,13.1,12.66,25.76,14.0,37.0,71.0,5.0,9.0,23.0,34.0,17.75,18.26565962985118,18.26565962985118,20.32504127444296,40.65008254888592,17.773243737811995,17.970167222005983,11.168307035224029,12.354568369104634,13.476458038788554,14.096829906906118,23.71476802242767,23.0584008081428,-5.359567213036108,-5.359567213036108,-14.223570272948743,-28.447140545897486,0.2339522669664519,0.10531254619496633,-0.320034435070501,0.06021779570618649,0.034205570255566906,0.18537540899186175,1.2520200840596147,0.5189174142264218,4.0,8.0,14.0,12.0,26.0,26.0
MUNICERCA 1,2025-05-21,0.0,47.0,-63.2597609,-32.4005782,1663.29358865229,12.092127434411477,2444.217845591508,0.08270067342145442,15.644572222749812,10.517174728900558,13.363436488744329,19.33940658198744,-2.9400109227094573,1.46439381359725,1.0957424033254708,2.0770032476418967,1.0586977603728516,1,10909,501.195501,17.79,764.29,2313.32,21.765957551961346,71.08,22.89,6.03,0,0,27.71,24.1,3.61,32.0,27.56,4.44,0.65,7.1,20.0,18.06,25.16,8.39,20.65,92.77,75.9,96.39,100.0,52.84,47.16,2.18,3.93,6.11,8.3,6.99,15.29,5.68,6.55,12.23,23.58,17.03,40.61,13.1,12.66,25.76,7.0,16.0,39.0,2.0,5.0,9.0,23.0,9.75,6.500390812483898,6.500390812483898,12.38302522116754,24.76605044233508,18.944604155381715,18.358923946596853,17.294062309290673,14.23118467225735,15.965376645898516,14.720917342343535,21.81241236562263,22.76359019402515,2.6642165508702655,2.6642165508702655,-1.3476753310829213,-2.6953506621658425,2.7641635175812844,1.4990578922738682,6.072498487921926,2.8762320264257126,3.7829568054037224,1.9085811878296446,0.8467232787085647,1.0493716813840892,4.0,4.0,8.0,8.0,16.0,16.0
MUNICERCA 2,2023-12-20,0.0,12.0,-63.2554567,-32.3984587,1907.9406966694607,76.47290787160424,2123.4885910794233,6.01654808185907,23.71554212896137,12.592555787888005,19.097195139790802,28.663150800057785,3.6122067318599598,-3.348881008279571,-1.8587995369631376,-1.9459414568888862,-4.427227007559405,1,8733,356.174623,1375.55,2774.8,3903.39,24.5188720253099,82.86,15.71,1.43,0,0,21.43,18.57,2.86,25.0,19.79,5.21,1.63,8.13,16.26,14.63,14.63,13.82,30.89,98.57,91.43,97.14,100.0,50.0,50.0,1.05,1.58,2.63,5.26,6.32,11.58,9.47,11.58,21.05,18.95,21.06,40.01,15.26,9.47,24.73,,,,,,,,,6.01654808185907,6.01654808185907,3.1656855272357807,6.331371054471561,23.71554212896137,25.10475023256648,12.592555787888005,15.443047942951967,19.097195139790802,20.460356797183266,28.663150800057785,29.993078350100987,3.6122067318599598,3.6122067318599598,0.8632906166862213,1.7265812333724426,-3.348881008279571,-1.869134484300029,-1.8587995369631376,1.0499112268737703,-1.9459414568888862,-0.2704269378195253,-4.427227007559405,-3.074688111952584,2.0,,,,,
MUNICERCA 2,2024-01-03,1.0,36.0,-63.2554567,-32.3984587,1907.9406966694607,76.47290787160424,2123.4885910794233,0.31482297261249137,26.49395833617159,18.29354009801593,21.823518454575726,31.323005900144192,-1.8856254984875171,-0.38938796032048745,3.958621990710678,1.4050875812498356,-1.722149216345764,2,8733,356.174623,1375.55,2774.8,3903.39,24.5188720253099,82.86,15.71,1.43,0,0,21.43,18.57,2.86,25.0,19.79,5.21,1.63,8.13,16.26,14.63,14.63,13.82,30.89,98.57,91.43,97.14,100.0,50.0,50.0,1.05,1.58,2.63,5.26,6.32,11.58,9.47,11.58,21.05,18.95,21.06,40.01,15.26,9.47,24.73,,,,1.0,,,,,6.01654808185907,6.01654808185907,3.1656855272357807,6.331371054471561,23.71554212896137,25.10475023256648,12.592555787888005,15.443047942951967,19.097195139790802,20.460356797183266,28.663150800057785,29.993078350100987,3.6122067318599598,3.6122067318599598,0.8632906166862213,1.7265812333724426,-3.348881008279571,-1.869134484300029,-1.8587995369631376,1.0499112268737703,-1.9459414568888862,-0.2704269378195253,-4.427227007559405,-3.074688111952584,0.0,2.0,,2.0,,
MUNICERCA 2,2024-01-17,0.0,46.0,-63.2550134,-32.3987581,1880.3081219663422,116.97909875215639,2150.8288085516683,0.000852346362080425,25.048789248719647,15.114958905995605,19.63636401818844,30.45229958128593,-17.506475416019732,-2.3648287709293125,-4.4821598690542395,-2.8310679130801577,-2.4145144416865394,1,8733,356.174623,1375.55,2774.8,3903.39,24.5188720253099,82.86,15.71,1.43,0,0,21.43,18.57,2.86,25.0,19.79,5.21,1.63,8.13,16.26,14.63,14.63,13.82,30.89,98.57,91.43,97.14,100.0,50.0,50.0,1.05,1.58,2.63,5.26,6.32,11.58,9.47,11.58,21.05,18.95,21.06,40.01,15.26,9.47,24.73,3.0,,,2.0,1.0,,,,0.31482297261249137,0.31482297261249137,3.1656855272357807,6.331371054471561,26.49395833617159,25.10475023256648,18.29354009801593,15.443047942951967,21.823518454575726,20.460356797183266,31.323005900144192,29.993078350100987,-1.8856254984875171,-1.8856254984875171,0.8632906166862213,1.7265812333724426,-0.38938796032048745,-1.869134484300029,3.958621990710678,1.0499112268737703,1.4050875812498356,-0.2704269378195253,-1.722149216345764,-3.074688111952584,9.0,0.0,2.0,9.0,11.0,11.0
MUNICERCA 2,2024-01-31,0.375,36.0,-63.2516195,-32.3957973375,2274.2143462857803,110.76722360473318,1838.3575261371748,76.60928318068169,27.10531295551075,19.490869001745164,22.020700574392524,33.1033109115301,31.088123621914555,2.440450911804552,2.019697392468348,2.107502460572616,3.3058741277243717,8,8733,356.174623,1375.55,2774.8,3903.39,24.5188720253099,82.86,15.71,1.43,0,0,21.43,18.57,2.86,25.0,19.79,5.21,1.63,8.13,16.26,14.63,14.63,13.82,30.89,98.57,91.43,97.14,100.0,50.0,50.0,1.05,1.58,2.63,5.26,6.32,11.58,9.47,11.58,21.05,18.95,21.06,40.01,15.26,9.47,24.73,3.0,4.0,,1.0,2.0,1.0,,,0.000852346362080425,0.000852346362080425,0.1578376594872859,0.3156753189745718,25.048789248719647,25.77137379244562,15.114958905995605,16.70424950200577,19.63636401818844,20.729941236382082,30.45229958128593,30.887652740715062,-17.506475416019732,-17.506475416019732,-9.696050457253625,-19.39210091450725,-2.3648287709293125,-1.3771083656249,-4.4821598690542395,-0.2617689391717808,-2.8310679130801577,-0.7129901659151611,-2.4145144416865394,-2.0683318290161514,4.0,9.0,0.0,13.0,13.0,13.0
MUNICERCA 2,2024-02-14,0.4444444444444444,48.22222222222222,-63.250608066666665,-32.39464096666667,2445.0253668234764,64.42006515461989,1749.6766738629485,84.67059191610579,22.630081467713516,17.033583846393096,18.425149138139236,27.484864867399857,18.6950531012311,-1.7963737733602807,-0.6908610939619925,-1.5160328641755774,-2.2224667358505275,9,8733,356.174623,1375.55,2774.8,3903.39,24.5188720253099,82.86,15.71,1.43,0,0,21.43,18.57,2.86,25.0,19.79,5.21,1.63,8.13,16.26,14.63,14.63,13.82,30.89,98.57,91.43,97.14,100.0,50.0,50.0,1.05,1.58,2.63,5.26,6.32,11.58,9.47,11.58,21.05,18.95,21.06,40.01,15.26,9.47,24.73,9.0,11.0,12.0,8.0,1.0,2.0,1.0,3.0,76.60928318068169,76.60928318068169,38.30506776352188,76.61013552704377,27.10531295551075,26.0770511021152,19.490869001745164,17.302913953870384,22.020700574392524,20.828532296290483,33.1033109115301,31.777805246408015,31.088123621914555,31.088123621914555,6.790824102947411,13.581648205894822,2.440450911804552,0.037811070437619776,2.019697392468348,-1.2312312382929458,2.107502460572616,-0.36178272625377095,3.3058741277243717,0.44567984301891617,49.0,4.0,9.0,53.0,62.0,62.0
MUNICERCA 2,2024-02-28,0.2857142857142857,43.857142857142854,-63.24969424285714,-32.39566667142857,2351.46817676719,69.6228031318777,1842.288693403714,26.709233928140723,24.943443925787502,20.848678099565927,21.18957918047957,29.45293070424102,-12.916410852736222,0.6677838454075922,2.84960826505355,1.087903765440506,0.34046655028516604,14,8733,356.174623,1375.55,2774.8,3903.39,24.5188720253099,82.86,15.71,1.43,0,0,21.43,18.57,2.86,25.0,19.79,5.21,1.63,8.13,16.26,14.63,14.63,13.82,30.89,98.57,91.43,97.14,100.0,50.0,50.0,1.05,1.58,2.63,5.26,6.32,11.58,9.47,11.58,21.05,18.95,21.06,40.01,15.26,9.47,24.73,17.0,18.0,20.0,9.0,8.0,1.0,2.0,5.0,84.67059191610579,84.67059191610579,80.63993754839373,161.27987509678746,22.630081467713516,24.867697211612132,17.033583846393096,18.262226424069127,18.425149138139236,20.22292485626588,27.484864867399857,30.29408788946498,18.6950531012311,18.6950531012311,24.89158836157283,49.78317672314566,-1.7963737733602807,0.3220385692221357,-0.6908610939619925,0.6644181492531778,-1.5160328641755774,0.2957347981985192,-2.2224667358505275,0.5417036959369221,35.0,49.0,4.0,84.0,88.0,88.0
MUNICERCA 2,2024-03-13,0.42857142857142855,38.17142857142857,-63.25049215714285,-32.395819165714286,2314.8983074072416,68.07756924723255,1848.8740178622422,58.7457709283496,23.766344834296316,19.459069737831634,20.45855623946533,28.2840697723949,1.737082553383244,1.9387726856553646,3.2433215530825743,2.236841635980709,2.060335292763203,35,8733,356.174623,1375.55,2774.8,3903.39,24.5188720253099,82.86,15.71,1.43,0,0,21.43,18.57,2.86,25.0,19.79,5.21,1.63,8.13,16.26,14.63,14.63,13.82,30.89,98.57,91.43,97.14,100.0,50.0,50.0,1.05,1.58,2.63,5.26,6.32,11.58,9.47,11.58,21.05,18.95,21.06,40.01,15.26,9.47,24.73,23.0,31.0,32.0,14.0,9.0,8.0,1.0,8.0,26.709233928140723,26.709233928140723,55.689912922123256,111.37982584424651,24.943443925787502,23.786762696750507,20.848678099565927,18.94113097297951,21.18957918047957,19.8073641593094,29.45293070424102,28.468897785820438,-12.916410852736222,-12.916410852736222,2.889321124247439,5.778642248494878,0.6677838454075922,-0.5642949639763443,2.84960826505355,1.079373585545779,1.087903765440506,-0.21406454936753572,0.34046655028516604,-0.9410000927826807,53.0,35.0,49.0,88.0,137.0,137.0
MUNICERCA 2,2024-03-27,0.38461538461538464,33.11538461538461,-63.250305742307695,-32.39500067019231,2413.562778487646,66.91555486646786,1781.1270565121881,40.637143062183505,20.186504403388085,14.659640410367341,15.957733039110723,25.167981540756347,21.874824705418696,1.3181268028160398,2.1723009761868366,1.324649363041511,1.416173093855891,104,8733,356.174623,1375.55,2774.8,3903.39,24.5188720253099,82.86,15.71,1.43,0,0,21.43,18.57,2.86,25.0,19.79,5.21,1.63,8.13,16.26,14.63,14.63,13.82,30.89,98.57,91.43,97.14,100.0,50.0,50.0,1.05,1.58,2.63,5.26,6.32,11.58,9.47,11.58,21.05,18.95,21.06,40.01,15.26,9.47,24.73,49.0,58.0,66.0,35.0,14.0,9.0,8.0,16.5,58.7457709283496,58.7457709283496,42.72750242824516,85.45500485649032,23.766344834296316,24.35489438004191,19.459069737831634,20.15387391869878,20.45855623946533,20.82406770997245,28.2840697723949,28.86850023831796,1.737082553383244,1.737082553383244,-5.589664149676489,-11.179328299352978,1.9387726856553646,1.3032782655314783,3.2433215530825743,3.046464909068062,2.236841635980709,1.6623727007106075,2.060335292763203,1.2004009215241844,103.0,53.0,35.0,156.0,191.0,191.0
MUNICERCA 2,2024-04-10,0.3939393939393939,38.27272727272727,-63.25045331818181,-32.39569645454545,2330.6812902851807,71.36309477980022,1843.7006541130481,113.74102509548585,17.06818950301125,12.373355969997757,13.77240556125538,21.53460219263719,68.41092891598393,-1.1869787779274081,-0.4560073449551578,-0.5570357636144109,-1.38047462123723,33,8733,356.174623,1375.55,2774.8,3903.39,24.5188720253099,82.86,15.71,1.43,0,0,21.43,18.57,2.86,25.0,19.79,5.21,1.63,8.13,16.26,14.63,14.63,13.82,30.89,98.57,91.43,97.14,100.0,50.0,50.0,1.05,1.58,2.63,5.26,6.32,11.58,9.47,11.58,21.05,18.95,21.06,40.01,15.26,9.47,24.73,139.0,153.0,162.0,104.0,35.0,14.0,9.0,40.5,40.637143062183505,40.637143062183505,49.69145699526655,99.3829139905331,20.186504403388085,21.976424618842202,14.659640410367341,17.059355074099486,15.957733039110723,18.208144639288026,25.167981540756347,26.726025656575622,21.874824705418696,21.874824705418696,11.805953629400971,23.611907258801942,1.3181268028160398,1.6284497442357022,2.1723009761868366,2.7078112646347057,1.324649363041511,1.78074549951111,1.416173093855891,1.738254193309547,447.0,103.0,53.0,550.0,603.0,603.0
MUNICERCA 2,2024-04-24,0.4,37.2,-63.25079736,-32.39549797,2340.122708982893,38.03305526608683,1819.3030581804203,12.673328077052261,14.78893483636501,8.000103952942466,11.318049733983042,19.491100435286,0.6145748511205724,-2.178356166968188,-2.5588719293228364,-1.4929091283216458,-2.6417404799700748,10,8733,356.174623,1375.55,2774.8,3903.39,24.5188720253099,82.86,15.71,1.43,0,0,21.43,18.57,2.86,25.0,19.79,5.21,1.63,8.13,16.26,14.63,14.63,13.82,30.89,98.57,91.43,97.14,100.0,50.0,50.0,1.05,1.58,2.63,5.26,6.32,11.58,9.47,11.58,21.05,18.95,21.06,40.01,15.26,9.47,24.73,137.0,172.0,186.0,33.0,104.0,35.0,14.0,46.5,113.74102509548585,113.74102509548585,77.18908407883468,154.37816815766936,17.06818950301125,18.62734695319967,12.373355969997757,13.51649819018255,13.77240556125538,14.865069300183052,21.53460219263719,23.35129186669677,68.41092891598393,68.41092891598393,45.14287681070132,90.28575362140263,-1.1869787779274081,0.06557401244431582,-0.4560073449551578,0.8581468156158394,-0.5570357636144109,0.3838067997135501,-1.38047462123723,0.01784923630933044,102.0,447.0,103.0,549.0,652.0,652.0
MUNICERCA 2,2024-10-09,1.0,43.0,-63.2572204,-32.3896179,2878.5529510415977,104.69842874209772,1214.2304229806623,0.01625702530145645,23.280694237852902,13.708164928761514,18.470926891724943,29.909144674812477,-3.691974129974066,2.328827240240056,2.532313808872361,3.847432425579114,1.8595536103593515,1,8733,356.174623,1375.55,2774.8,3903.39,24.5188720253099,82.86,15.71,1.43,0,0,21.43,18.57,2.86,25.0,19.79,5.21,1.63,8.13,16.26,14.63,14.63,13.82,30.89,98.57,91.43,97.14,100.0,50.0,50.0,1.05,1.58,2.63,5.26,6.32,11.58,9.47,11.58,21.05,18.95,21.06,40.01,15.26,9.47,24.73,43.0,147.0,182.0,10.0,33.0,104.0,35.0,45.5,12.673328077052261,12.673328077052261,63.207176586269064,126.41435317253813,14.78893483636501,15.928562169688131,8.000103952942466,10.18672996147011,11.318049733983042,12.54522764761921,19.491100435286,20.512851313961598,0.6145748511205724,0.6145748511205724,34.512751883552255,69.02550376710451,-2.178356166968188,-1.6826674724477981,-2.5588719293228364,-1.507439637138997,-1.4929091283216458,-1.0249724459680283,-2.6417404799700748,-2.0111075506036524,1.0,0.0,0.0,1.0,1.0,1.0
MUNICERCA 2,2025-01-15,1.0,34.0,-63.243615,-32.3940084,2722.7786926841927,6.507565827645383,1796.9538412053303,3.6189377258290505,27.531833599386452,21.1004639234874,22.63061377478714,31.958521814800083,-2.4601200953766336,0.5090436669538202,0.4555002957175699,0.24587794075626465,0.508388627369835,1,8733,356.174623,1375.55,2774.8,3903.39,24.5188720253099,82.86,15.71,1.43,0,0,21.43,18.57,2.86,25.0,19.79,5.21,1.63,8.13,16.26,14.63,14.63,13.82,30.89,98.57,91.43,97.14,100.0,50.0,50.0,1.05,1.58,2.63,5.26,6.32,11.58,9.47,11.58,21.05,18.95,21.06,40.01,15.26,9.47,24.73,11.0,44.0,148.0,1.0,10.0,33.0,104.0,37.0,0.01625702530145645,0.01625702530145645,6.344792551176859,12.689585102353718,23.280694237852902,19.034814537108957,13.708164928761514,10.85413444085199,18.470926891724943,14.89448831285399,29.909144674812477,24.70012255504924,-3.691974129974066,-3.691974129974066,-1.5386996394267467,-3.0773992788534934,2.328827240240056,0.07523553663593385,2.532313808872361,-0.013279060225237727,3.847432425579114,1.1772616486287342,1.8595536103593515,-0.39109343480536163,2.0,3.0,0.0,5.0,5.0,5.0
MUNICERCA 2,2025-01-29,1.0,20.5,-63.25202025,-32.39462865,2400.0910628972797,76.46719140781914,1704.1745681439306,19.599579256809328,28.591420269583843,18.866339869175757,22.934152367401037,34.34216055284881,-33.59412961913287,3.1896155930737997,1.0554008921158944,2.7828107807582434,3.317549409766903,2,8733,356.174623,1375.55,2774.8,3903.39,24.5188720253099,82.86,15.71,1.43,0,0,21.43,18.57,2.86,25.0,19.79,5.21,1.63,8.13,16.26,14.63,14.63,13.82,30.89,98.57,91.43,97.14,100.0,50.0,50.0,1.05,1.58,2.63,5.26,6.32,11.58,9.47,11.58,21.05,18.95,21.06,40.01,15.26,9.47,24.73,2.0,12.0,45.0,1.0,1.0,10.0,33.0,11.25,3.6189377258290505,3.6189377258290505,1.8175973755652535,3.635194751130507,27.531833599386452,25.40626391861968,21.1004639234874,17.404314426124458,22.63061377478714,20.55077033325604,31.958521814800083,30.93383324480628,-2.4601200953766336,-2.4601200953766336,-3.07604711267535,-6.1520942253507,0.5090436669538202,1.418935453596938,0.4555002957175699,1.4939070522949653,0.24587794075626465,2.0466551831676894,0.508388627369835,1.1839711188645934,5.0,2.0,3.0,7.0,10.0,10.0
MUNICERCA 2,2025-02-12,0.4,37.8,-63.25003055999999,-32.3960471,2280.9617558113387,43.9157933009472,1852.27821237832,47.686387840752396,26.29677796690507,19.592815280485027,22.096307533828263,31.944318904381163,-25.49780778640332,2.620465490640965,2.2362556627007395,2.5583611633855576,3.2115884627578977,5,8733,356.174623,1375.55,2774.8,3903.39,24.5188720253099,82.86,15.71,1.43,0,0,21.43,18.57,2.86,25.0,19.79,5.21,1.63,8.13,16.26,14.63,14.63,13.82,30.89,98.57,91.43,97.14,100.0,50.0,50.0,1.05,1.58,2.63,5.26,6.32,11.58,9.47,11.58,21.05,18.95,21.06,40.01,15.26,9.47,24.73,3.0,4.0,14.0,2.0,1.0,1.0,10.0,3.5,19.599579256809328,19.599579256809328,11.609258491319189,23.218516982638377,28.591420269583843,28.061626934485147,18.866339869175757,19.98340189633158,22.934152367401037,22.782383071094088,34.34216055284881,33.150341183824445,-33.59412961913287,-33.59412961913287,-18.02712485725475,-36.0542497145095,3.1896155930737997,1.84932963001381,1.0554008921158944,0.7554505939167322,2.7828107807582434,1.514344360757254,3.317549409766903,1.912969018568369,14.0,5.0,2.0,19.0,21.0,21.0
MUNICERCA 2,2025-02-26,0.42857142857142855,33.285714285714285,-63.249433628571424,-32.39434524285714,2493.8308999358305,72.99221577621209,1684.118123599202,145.97198382307806,25.09979165150292,21.503886580347647,22.018760166761588,28.989483433898073,107.32115533980304,0.28344148966287447,2.9597113778417197,1.4696438201904083,-0.7507115104533649,7,8733,356.174623,1375.55,2774.8,3903.39,24.5188720253099,82.86,15.71,1.43,0,0,21.43,18.57,2.86,25.0,19.79,5.21,1.63,8.13,16.26,14.63,14.63,13.82,30.89,98.57,91.43,97.14,100.0,50.0,50.0,1.05,1.58,2.63,5.26,6.32,11.58,9.47,11.58,21.05,18.95,21.06,40.01,15.26,9.47,24.73,7.0,8.0,9.0,5.0,2.0,1.0,1.0,2.25,47.686387840752396,47.686387840752396,33.64298354878086,67.28596709756172,26.29677796690507,27.444099118244452,19.592815280485027,19.22957757483039,22.096307533828263,22.515229950614646,31.944318904381163,33.14323972861499,-25.49780778640332,-25.49780778640332,-29.545968702768096,-59.09193740553619,2.620465490640965,2.9050405418573826,2.2362556627007395,1.645828277408317,2.5583611633855576,2.6705859720719003,3.2115884627578977,3.2645689362624,32.0,14.0,5.0,46.0,51.0,51.0
MUNICERCA 2,2025-03-12,1.0,39.333333333333336,-63.25148603333333,-32.394229233333334,2464.2305834180547,88.81276026610749,1715.6744957971096,2.5000912835053684,23.144900034992293,16.410081050211883,18.75126161123383,28.58682414328776,-66.55995542835878,1.208948095656721,0.010739357463991054,0.6388947582969089,2.0437735609671566,3,8733,356.174623,1375.55,2774.8,3903.39,24.5188720253099,82.86,15.71,1.43,0,0,21.43,18.57,2.86,25.0,19.79,5.21,1.63,8.13,16.26,14.63,14.63,13.82,30.89,98.57,91.43,97.14,100.0,50.0,50.0,1.05,1.58,2.63,5.26,6.32,11.58,9.47,11.58,21.05,18.95,21.06,40.01,15.26,9.47,24.73,12.0,14.0,15.0,7.0,5.0,2.0,1.0,3.75,145.97198382307806,145.97198382307806,96.82918583191523,193.65837166383045,25.09979165150292,25.69828480920399,21.503886580347647,20.548350930416333,22.018760166761588,22.057533850294924,28.989483433898073,30.466901169139618,107.32115533980304,107.32115533980304,40.91167377669986,81.82334755339971,0.28344148966287447,1.4519534901519198,2.9597113778417197,2.59798352027123,1.4696438201904083,2.014002491787983,-0.7507115104533649,1.2304384761522664,46.0,32.0,14.0,78.0,92.0,92.0
MUNICERCA 2,2025-03-26,0.42857142857142855,49.142857142857146,-63.248700557142854,-32.39603832857143,2325.222739496393,36.3541604050625,1879.7833663021313,8.698399725449757,18.00868986335234,12.99955734338454,14.749631557511231,21.733189469316024,2.3783960692896864,-1.5910533560535458,-0.3317563824956745,-0.8364177433940283,-2.6179006379508416,7,8733,356.174623,1375.55,2774.8,3903.39,24.5188720253099,82.86,15.71,1.43,0,0,21.43,18.57,2.86,25.0,19.79,5.21,1.63,8.13,16.26,14.63,14.63,13.82,30.89,98.57,91.43,97.14,100.0,50.0,50.0,1.05,1.58,2.63,5.26,6.32,11.58,9.47,11.58,21.05,18.95,21.06,40.01,15.26,9.47,24.73,10.0,15.0,17.0,3.0,7.0,5.0,2.0,4.25,2.5000912835053684,2.5000912835053684,74.23603755329171,148.47207510658342,23.144900034992293,24.122345843247604,16.410081050211883,18.956983815279763,18.75126161123383,20.385010888997705,28.58682414328776,28.788153788592915,-66.55995542835878,-66.55995542835878,20.380599955722133,40.761199911444265,1.208948095656721,0.7461947926597977,0.010739357463991054,1.4852253676528553,0.6388947582969089,1.0542692892436585,2.0437735609671566,0.6465310252568959,40.0,46.0,32.0,86.0,118.0,118.0
MUNICERCA 2,2025-04-09,0.0,28.75,-63.2532944,-32.396528075,2196.9390448487356,85.34215228883397,1945.817406262998,2.6307084408704178,18.209458337973846,13.074619276469994,13.877140076548578,23.556888256973973,-26.359645940908067,0.5401982069856192,1.1990390000866995,0.017064698130608402,1.1324189237491442,4,8733,356.174623,1375.55,2774.8,3903.39,24.5188720253099,82.86,15.71,1.43,0,0,21.43,18.57,2.86,25.0,19.79,5.21,1.63,8.13,16.26,14.63,14.63,13.82,30.89,98.57,91.43,97.14,100.0,50.0,50.0,1.05,1.58,2.63,5.26,6.32,11.58,9.47,11.58,21.05,18.95,21.06,40.01,15.26,9.47,24.73,10.0,17.0,22.0,7.0,3.0,7.0,5.0,5.5,8.698399725449757,8.698399725449757,5.599245504477563,11.198491008955125,18.00868986335234,20.576794949172317,12.99955734338454,14.704819196798208,14.749631557511231,16.75044658437253,21.733189469316024,25.160006806301894,2.3783960692896864,2.3783960692896864,-32.090779679534535,-64.18155935906907,-1.5910533560535458,-0.19105263019841245,-0.3317563824956745,-0.16050851251584172,-0.8364177433940283,-0.0987614925485597,-2.6179006379508416,-0.2870635384918425,25.0,40.0,46.0,65.0,111.0,111.0
MUNICERCA 2,2025-05-21,1.0,18.5,-63.2530196,-32.399005200000005,1962.1831000005998,46.06639357941742,2226.8026721140923,0.05299649796320894,12.488255855880901,6.9017778617726755,9.22404744447162,17.29012688835909,-1.484912295034398,0.25558000151587235,0.29168941536747633,0.8364209660645011,0.0918643558070032,2,8733,356.174623,1375.55,2774.8,3903.39,24.5188720253099,82.86,15.71,1.43,0,0,21.43,18.57,2.86,25.0,19.79,5.21,1.63,8.13,16.26,14.63,14.63,13.82,30.89,98.57,91.43,97.14,100.0,50.0,50.0,1.05,1.58,2.63,5.26,6.32,11.58,9.47,11.58,21.05,18.95,21.06,40.01,15.26,9.47,24.73,11.0,14.0,21.0,4.0,7.0,3.0,7.0,5.25,2.6307084408704178,2.6307084408704178,5.664554083160088,11.329108166320175,18.209458337973846,18.109074100663094,13.074619276469994,13.037088309927265,13.877140076548578,14.313385817029904,23.556888256973973,22.645038863144997,-26.359645940908067,-26.359645940908067,-11.990624935809183,-23.981249871618367,0.5401982069856192,-0.5254275745339634,1.1990390000866995,0.4336413087955125,0.017064698130608402,-0.40967652263170995,1.1324189237491442,-0.7427408571008487,4.0,7.0,11.0,11.0,22.0,22.0
MUNICERCA 3,2023-12-06,1.0,10.0,-63.23763305,-32.39636685,2761.8244748308957,184.43148504962073,2210.3671663780033,29.507345317468896,23.65990576460115,19.531993733918384,20.433743170055358,28.155384601703823,13.498196569396372,-1.1050892275490534,3.693824039971544,0.5707692151128647,-1.631115693299432,2,11435,674.265346,1548.22,4347.81,6530.79,16.95919873064335,79.52,16.87,3.61,0,0,23.81,19.05,4.76,31.63,26.07,5.56,1.32,7.95,15.23,14.57,27.15,13.25,19.21,98.81,84.52,97.62,100.0,54.74,45.26,5.17,2.59,7.76,7.33,9.05,16.38,6.03,7.76,13.79,19.4,15.95,35.35,16.81,9.91,26.72,,,,,,,,,29.507345317468896,29.507345317468896,41.280673819982255,82.56134763996451,23.65990576460115,24.845165178266633,19.531993733918384,19.266874595563497,20.433743170055358,21.102633743141702,28.155384601703823,29.24610940419104,13.498196569396372,13.498196569396372,25.88337210318968,51.76674420637936,-1.1050892275490534,-0.7761865307964597,3.693824039971544,3.818921094929348,0.5707692151128647,0.7988949825719651,-1.631115693299432,-1.6011624514811613,,,,,,
MUNICERCA 3,2024-01-03,0.4,27.4,-63.23686153999999,-32.405195320000004,1909.6463103020858,361.2591411619254,3196.2726785729474,53.05400232249561,26.030424591932114,19.00175545720861,21.77152431622805,30.336834206678255,38.26854763698299,-0.44728383404386607,3.944018149887152,1.0270207500310655,-1.5712092096628907,5,11435,674.265346,1548.22,4347.81,6530.79,16.95919873064335,79.52,16.87,3.61,0,0,23.81,19.05,4.76,31.63,26.07,5.56,1.32,7.95,15.23,14.57,27.15,13.25,19.21,98.81,84.52,97.62,100.0,54.74,45.26,5.17,2.59,7.76,7.33,9.05,16.38,6.03,7.76,13.79,19.4,15.95,35.35,16.81,9.91,26.72,,,,2.0,,,,,29.507345317468896,29.507345317468896,41.280673819982255,82.56134763996451,23.65990576460115,24.845165178266633,19.531993733918384,19.266874595563497,20.433743170055358,21.102633743141702,28.155384601703823,29.24610940419104,13.498196569396372,13.498196569396372,25.88337210318968,51.76674420637936,-1.1050892275490534,-0.7761865307964597,3.693824039971544,3.818921094929348,0.5707692151128647,0.7988949825719651,-1.631115693299432,-1.6011624514811613,3.0,1.0,,4.0,,
MUNICERCA 3,2024-01-17,0.3333333333333333,47.666666666666664,-63.23775726666667,-32.4048128,1931.1741787144595,319.2340564259776,3123.8252482286275,0.010304396972060204,23.37895752709902,15.419658873693365,17.990104794010257,28.373044118329954,-39.56156232028402,-2.2045476795388907,-1.2565417924314926,-2.7713868906763115,-2.755177060481739,3,11435,674.265346,1548.22,4347.81,6530.79,16.95919873064335,79.52,16.87,3.61,0,0,23.81,19.05,4.76,31.63,26.07,5.56,1.32,7.95,15.23,14.57,27.15,13.25,19.21,98.81,84.52,97.62,100.0,54.74,45.26,5.17,2.59,7.76,7.33,9.05,16.38,6.03,7.76,13.79,19.4,15.95,35.35,16.81,9.91,26.72,7.0,,,5.0,2.0,,,,53.05400232249561,53.05400232249561,41.280673819982255,82.56134763996451,26.030424591932114,24.845165178266633,19.00175545720861,19.266874595563497,21.77152431622805,21.102633743141702,30.336834206678255,29.24610940419104,38.26854763698299,38.26854763698299,25.88337210318968,51.76674420637936,-0.44728383404386607,-0.7761865307964597,3.944018149887152,3.818921094929348,1.0270207500310655,0.7988949825719651,-1.5712092096628907,-1.6011624514811613,8.0,3.0,1.0,11.0,12.0,12.0
MUNICERCA 3,2024-01-31,0.4375,45.375,-63.23702634375,-32.40177395,2239.161042054393,303.88646770788415,2811.788982325219,185.72095611014947,27.146420021295945,19.479717633375945,22.38785154563299,32.80330768085088,131.4444215104289,2.0718132534787963,2.371479657019788,2.5106828145490434,2.1404958899001625,32,11435,674.265346,1548.22,4347.81,6530.79,16.95919873064335,79.52,16.87,3.61,0,0,23.81,19.05,4.76,31.63,26.07,5.56,1.32,7.95,15.23,14.57,27.15,13.25,19.21,98.81,84.52,97.62,100.0,54.74,45.26,5.17,2.59,7.76,7.33,9.05,16.38,6.03,7.76,13.79,19.4,15.95,35.35,16.81,9.91,26.72,8.0,10.0,,3.0,5.0,2.0,,,0.010304396972060204,0.010304396972060204,26.532153359733837,53.06430671946767,23.37895752709902,24.704691059515568,15.419658873693365,17.210707165450987,17.990104794010257,19.88081455511915,28.373044118329954,29.354939162504103,-39.56156232028402,-39.56156232028402,-0.6465073416505156,-1.2930146833010312,-2.2045476795388907,-1.3259157567913784,-1.2565417924314926,1.3437381787278295,-2.7713868906763115,-0.872183070322623,-2.755177060481739,-2.163193135072315,13.0,8.0,3.0,21.0,24.0,24.0
MUNICERCA 3,2024-02-14,0.6111111111111112,41.77777777777778,-63.237293183333335,-32.40093232777778,2313.863560516101,359.00478050741503,2713.3929374036084,27.1245041265907,23.295416430293265,17.751209715986022,18.9799967913678,28.028675136082867,-6.4901877099819085,-0.2147158400958655,1.232473192412241,0.328839082552213,-0.9315204853605193,18,11435,674.265346,1548.22,4347.81,6530.79,16.95919873064335,79.52,16.87,3.61,0,0,23.81,19.05,4.76,31.63,26.07,5.56,1.32,7.95,15.23,14.57,27.15,13.25,19.21,98.81,84.52,97.62,100.0,54.74,45.26,5.17,2.59,7.76,7.33,9.05,16.38,6.03,7.76,13.79,19.4,15.95,35.35,16.81,9.91,26.72,35.0,40.0,42.0,32.0,3.0,5.0,2.0,10.5,185.72095611014947,185.72095611014947,92.86563025356077,185.73126050712153,27.146420021295945,25.262688774197482,19.479717633375945,17.449688253534653,22.38785154563299,20.188978169821624,32.80330768085088,30.588175899590414,131.4444215104289,131.4444215104289,45.941429595072435,91.88285919014487,2.0718132534787963,-0.06636721303004722,2.371479657019788,0.5574689322941475,2.5106828145490434,-0.13035203806363405,2.1404958899001625,-0.3073405852907882,39.0,13.0,8.0,52.0,60.0,60.0
MUNICERCA 3,2024-02-28,0.3448275862068966,38.3448275862069,-63.23764604827586,-32.400116637931035,2411.425239655264,354.680453387259,2627.3459099430092,38.79041747850814,25.494472469652525,21.289176538156777,21.72861521144296,30.662832565339293,-23.397704699932007,1.3432943420567773,3.7315759255894756,1.825443979065986,1.4333745668808393,29,11435,674.265346,1548.22,4347.81,6530.79,16.95919873064335,79.52,16.87,3.61,0,0,23.81,19.05,4.76,31.63,26.07,5.56,1.32,7.95,15.23,14.57,27.15,13.25,19.21,98.81,84.52,97.62,100.0,54.74,45.26,5.17,2.59,7.76,7.33,9.05,16.38,6.03,7.76,13.79,19.4,15.95,35.35,16.81,9.91,26.72,50.0,53.0,58.0,18.0,32.0,3.0,5.0,14.5,27.1245041265907,27.1245041265907,106.42273011837008,212.84546023674017,23.295416430293265,25.220918225794605,17.751209715986022,18.61546367468098,18.9799967913678,20.683924168500397,28.028675136082867,30.415991408466873,-6.4901877099819085,-6.4901877099819085,62.47711690022349,124.95423380044699,-0.2147158400958655,0.9285487066914654,1.232473192412241,1.8019764247160144,0.328839082552213,1.4197609485506282,-0.9315204853605193,0.6044877022698216,46.0,39.0,13.0,85.0,98.0,98.0
MUNICERCA 3,2024-03-13,0.42857142857142855,46.76190476190476,-63.23806591666667,-32.39854725,2550.8059429310433,282.14938590810084,2445.219763034302,38.82405085798675,22.939565513488343,18.365191911689134,19.800209347443893,27.15596589272338,-24.535861179925558,1.1533302460913863,2.0717023992506376,1.5544741224728276,0.9365149410916428,42,11435,674.265346,1548.22,4347.81,6530.79,16.95919873064335,79.52,16.87,3.61,0,0,23.81,19.05,4.76,31.63,26.07,5.56,1.32,7.95,15.23,14.57,27.15,13.25,19.21,98.81,84.52,97.62,100.0,54.74,45.26,5.17,2.59,7.76,7.33,9.05,16.38,6.03,7.76,13.79,19.4,15.95,35.35,16.81,9.91,26.72,47.0,79.0,82.0,29.0,18.0,32.0,3.0,20.5,38.79041747850814,38.79041747850814,32.95746080254942,65.91492160509884,25.494472469652525,24.394944449972897,21.289176538156777,19.5201931270714,21.72861521144296,20.35430600140538,30.662832565339293,29.34575385071108,-23.397704699932007,-23.397704699932007,-14.943946204956958,-29.887892409913917,1.3432943420567773,0.5642892509804559,3.7315759255894756,2.482024559000858,1.825443979065986,1.0771415308090995,1.4333745668808393,0.25092704076016004,74.0,46.0,39.0,120.0,159.0,159.0
MUNICERCA 3,2024-03-27,0.41450777202072536,31.264248704663213,-63.23763639067357,-32.397530281347144,2665.595186610667,260.894767110298,2344.3751767873177,42.62805777800528,20.767200072677884,15.237302530827376,16.592064731028547,25.679545094352243,25.867547069714746,1.5250575888507958,2.2617042714653937,1.5234152651019786,1.5437048008325267,193,11435,674.265346,1548.22,4347.81,6530.79,16.95919873064335,79.52,16.87,3.61,0,0,23.81,19.05,4.76,31.63,26.07,5.56,1.32,7.95,15.23,14.57,27.15,13.25,19.21,98.81,84.52,97.62,100.0,54.74,45.26,5.17,2.59,7.76,7.33,9.05,16.38,6.03,7.76,13.79,19.4,15.95,35.35,16.81,9.91,26.72,71.0,89.0,121.0,42.0,29.0,18.0,32.0,30.25,38.82405085798675,38.82405085798675,38.80723416824745,77.6144683364949,22.939565513488343,24.217018991570434,18.365191911689134,19.827184224922956,19.800209347443893,20.764412279443427,27.15596589272338,28.909399229031337,-24.535861179925558,-24.535861179925558,-23.966782939928784,-47.93356587985757,1.1533302460913863,1.2483122940740818,2.0717023992506376,2.9016391624200564,1.5544741224728276,1.689959050769407,0.9365149410916428,1.184944753986241,129.0,74.0,46.0,203.0,249.0,249.0
MUNICERCA 3,2024-04-10,0.5238095238095238,35.95238095238095,-63.23784797380953,-32.39800412619048,2617.855973850337,290.30536190489704,2384.0664503222165,73.60241024851446,16.02048675017224,12.316310130057802,13.908719401630508,18.688309744207928,30.63365898745978,-1.6208420372529668,0.08118122553349731,-0.11255251289702153,-3.238578793325141,42,11435,674.265346,1548.22,4347.81,6530.79,16.95919873064335,79.52,16.87,3.61,0,0,23.81,19.05,4.76,31.63,26.07,5.56,1.32,7.95,15.23,14.57,27.15,13.25,19.21,98.81,84.52,97.62,100.0,54.74,45.26,5.17,2.59,7.76,7.33,9.05,16.38,6.03,7.76,13.79,19.4,15.95,35.35,16.81,9.91,26.72,235.0,264.0,282.0,193.0,42.0,29.0,18.0,70.5,42.62805777800528,42.62805777800528,40.72605431799602,81.45210863599203,20.767200072677884,21.853382793083114,15.237302530827376,16.801247221258254,16.592064731028547,18.19613703923622,25.679545094352243,26.41775549353781,25.867547069714746,25.867547069714746,0.6658429448945942,1.3316858897891883,1.5250575888507958,1.339193917471091,2.2617042714653937,2.1667033353580156,1.5234152651019786,1.538944693787403,1.5437048008325267,1.2401098709620848,547.0,129.0,74.0,676.0,750.0,750.0
MUNICERCA 3,2024-04-24,0.46153846153846156,30.615384615384617,-63.236955300000005,-32.395958484615385,2844.3984371247493,235.30778066529635,2192.0082922863953,10.059431619092358,15.107368997598485,9.079421069912039,11.98422597883792,19.441312410231056,-2.242495405155385,-1.7576711408417696,-1.3623482828215407,-0.7432960772852106,-2.576577202733019,13,11435,674.265346,1548.22,4347.81,6530.79,16.95919873064335,79.52,16.87,3.61,0,0,23.81,19.05,4.76,31.63,26.07,5.56,1.32,7.95,15.23,14.57,27.15,13.25,19.21,98.81,84.52,97.62,100.0,54.74,45.26,5.17,2.59,7.76,7.33,9.05,16.38,6.03,7.76,13.79,19.4,15.95,35.35,16.81,9.91,26.72,235.0,277.0,306.0,42.0,193.0,42.0,29.0,76.5,73.60241024851446,73.60241024851446,58.115234013259865,116.23046802651973,16.02048675017224,18.39384341142506,12.316310130057802,13.77680633044259,13.908719401630508,15.250392066329528,18.688309744207928,22.183927419280085,30.63365898745978,30.63365898745978,28.250603028587264,56.50120605717453,-1.6208420372529668,-0.04789222420108552,0.08118122553349731,1.1714427484994454,-0.11255251289702153,0.7054313761024785,-3.238578793325141,-0.8474369962463071,95.0,547.0,129.0,642.0,771.0,771.0
MUNICERCA 3,2024-05-08,1.0,29.0,-63.2335738,-32.402517,2277.308291720496,482.239225326214,2973.267389065942,0.017964838072657585,10.941653412986298,5.018485200564123,5.502242555097966,16.7129023790608,-0.03989387440184752,-4.016725717906985,-5.020735990842128,-4.334470091386411,-3.827568676711769,1,11435,674.265346,1548.22,4347.81,6530.79,16.95919873064335,79.52,16.87,3.61,0,0,23.81,19.05,4.76,31.63,26.07,5.56,1.32,7.95,15.23,14.57,27.15,13.25,19.21,98.81,84.52,97.62,100.0,54.74,45.26,5.17,2.59,7.76,7.33,9.05,16.38,6.03,7.76,13.79,19.4,15.95,35.35,16.81,9.91,26.72,55.0,248.0,290.0,13.0,42.0,193.0,42.0,72.5,10.059431619092358,10.059431619092358,41.8309209338034,83.6618418676068,15.107368997598485,15.563927873885362,9.079421069912039,10.69786559998492,11.98422597883792,12.946472690234213,19.441312410231056,19.064811077219492,-2.242495405155385,-2.242495405155385,14.195581791152197,28.391163582304394,-1.7576711408417696,-1.689256589047368,-1.3623482828215407,-0.6405835286440217,-0.7432960772852106,-0.42792429509111607,-2.576577202733019,-2.90757799802908,34.0,95.0,547.0,129.0,676.0,676.0
MUNICERCA 3,2024-07-03,0.0,49.0,-63.2346792,-32.3907157,3484.4879860823253,126.28707029742156,1664.1478373666287,0.001284480094909668,7.286876110152416,2.2356355118412368,2.262467544185159,15.344043887356738,-0.365681334812608,-3.3620481770078205,-3.4110282201576303,-4.1090398885405355,-1.030349151922777,1,11435,674.265346,1548.22,4347.81,6530.79,16.95919873064335,79.52,16.87,3.61,0,0,23.81,19.05,4.76,31.63,26.07,5.56,1.32,7.95,15.23,14.57,27.15,13.25,19.21,98.81,84.52,97.62,100.0,54.74,45.26,5.17,2.59,7.76,7.33,9.05,16.38,6.03,7.76,13.79,19.4,15.95,35.35,16.81,9.91,26.72,14.0,56.0,249.0,1.0,13.0,42.0,193.0,62.25,0.017964838072657585,0.017964838072657585,5.038698228582508,10.077396457165015,10.941653412986298,13.024511205292391,5.018485200564123,7.048953135238081,5.502242555097966,8.743234266967942,16.7129023790608,18.077107394645928,-0.03989387440184752,-0.03989387440184752,-1.1411946397786163,-2.2823892795572327,-4.016725717906985,-2.887198429374377,-5.020735990842128,-3.191542136831834,-4.334470091386411,-2.5388830843358106,-3.827568676711769,-3.2020729397223944,0.0,2.0,0.0,2.0,2.0,2.0
MUNICERCA 3,2024-12-18,1.0,13.0,-63.2317308,-32.3903233,3631.770912950212,48.42156789628373,1709.380160062995,138.4397803470313,23.012097960495634,16.07579606976127,19.246481422783287,27.40391295105303,29.364255202411726,-1.9498815346588547,0.6667837785947544,-1.1752893088247884,-2.301480522254264,1,11435,674.265346,1548.22,4347.81,6530.79,16.95919873064335,79.52,16.87,3.61,0,0,23.81,19.05,4.76,31.63,26.07,5.56,1.32,7.95,15.23,14.57,27.15,13.25,19.21,98.81,84.52,97.62,100.0,54.74,45.26,5.17,2.59,7.76,7.33,9.05,16.38,6.03,7.76,13.79,19.4,15.95,35.35,16.81,9.91,26.72,2.0,15.0,57.0,1.0,1.0,13.0,42.0,14.25,0.001284480094909668,0.001284480094909668,0.009624659083783627,0.019249318167567253,7.286876110152416,9.114264761569357,2.2356355118412368,3.62706035620268,2.262467544185159,3.8823550496415624,15.344043887356738,16.02847313320877,-0.365681334812608,-0.365681334812608,-0.20278760460722778,-0.40557520921445556,-3.3620481770078205,-3.6893869474574026,-3.4110282201576303,-4.215882105499879,-4.1090398885405355,-4.221754989963474,-1.030349151922777,-2.428958914317273,0.0,2.0,1.0,2.0,3.0,3.0
MUNICERCA 3,2025-01-29,0.0,43.0,-63.2386283,-32.3990775,2527.3803841919803,412.19811497709384,2518.291394497204,0.12454650547047721,25.83752637855558,16.893100182063247,19.07340706623394,31.8006301765881,-100.94390875516457,0.48920587168766944,-0.2741391433238908,-0.23380794318291476,0.6882571878418167,1,11435,674.265346,1548.22,4347.81,6530.79,16.95919873064335,79.52,16.87,3.61,0,0,23.81,19.05,4.76,31.63,26.07,5.56,1.32,7.95,15.23,14.57,27.15,13.25,19.21,98.81,84.52,97.62,100.0,54.74,45.26,5.17,2.59,7.76,7.33,9.05,16.38,6.03,7.76,13.79,19.4,15.95,35.35,16.81,9.91,26.72,2.0,3.0,16.0,1.0,1.0,1.0,13.0,4.0,138.4397803470313,138.4397803470313,69.2205324135631,138.4410648271262,23.012097960495634,15.149487035324025,16.07579606976127,9.155715790801255,19.246481422783287,10.754474483484223,27.40391295105303,21.373978419204885,29.364255202411726,29.364255202411726,14.49928693379956,28.99857386759912,-1.9498815346588547,-2.6559648558333375,0.6667837785947544,-1.3721222207814385,-1.1752893088247884,-2.642164598682662,-2.301480522254264,-1.6659148370885204,2.0,1.0,0.0,3.0,3.0,3.0
MUNICERCA 3,2025-02-12,0.3333333333333333,38.333333333333336,-63.23871526666667,-32.3971041,2680.46593380977,267.31240886563586,2258.547360716989,8.325611363284123,27.178908630020775,19.83085998446634,23.407290115479274,33.135475742555705,-38.68547286818714,3.812066939392159,3.159220513765477,4.703572622351381,4.321298632095627,3,11435,674.265346,1548.22,4347.81,6530.79,16.95919873064335,79.52,16.87,3.61,0,0,23.81,19.05,4.76,31.63,26.07,5.56,1.32,7.95,15.23,14.57,27.15,13.25,19.21,98.81,84.52,97.62,100.0,54.74,45.26,5.17,2.59,7.76,7.33,9.05,16.38,6.03,7.76,13.79,19.4,15.95,35.35,16.81,9.91,26.72,2.0,3.0,4.0,1.0,1.0,1.0,1.0,1.0,0.12454650547047721,0.12454650547047721,69.28216342625089,138.56432685250178,25.83752637855558,24.42481216952561,16.893100182063247,16.48444812591226,19.07340706623394,19.159944244508615,31.8006301765881,29.602271563820565,-100.94390875516457,-100.94390875516457,-35.78982677637642,-71.57965355275284,0.48920587168766944,-0.7303378314855926,-0.2741391433238908,0.19632231763543134,-0.23380794318291476,-0.7045486260038516,0.6882571878418167,-0.8066116672062235,4.0,2.0,1.0,6.0,7.0,7.0
MUNICERCA 3,2025-02-26,0.0,27.333333333333332,-63.2386127,-32.401618899999995,2262.1592517814715,381.92768768928,2773.051466251595,497.2880858073989,23.987469219138728,20.335683720496018,20.21181401284622,28.569060398198122,392.67966899199155,-0.19291459026882837,2.135822872175162,0.32983046069054617,-0.7143204069234038,3,11435,674.265346,1548.22,4347.81,6530.79,16.95919873064335,79.52,16.87,3.61,0,0,23.81,19.05,4.76,31.63,26.07,5.56,1.32,7.95,15.23,14.57,27.15,13.25,19.21,98.81,84.52,97.62,100.0,54.74,45.26,5.17,2.59,7.76,7.33,9.05,16.38,6.03,7.76,13.79,19.4,15.95,35.35,16.81,9.91,26.72,4.0,5.0,6.0,3.0,1.0,1.0,1.0,1.5,8.325611363284123,8.325611363284123,4.2250789343773,8.4501578687546,27.178908630020775,26.508217504288176,19.83085998446634,18.361980083264793,23.407290115479274,21.240348590856605,33.135475742555705,32.46805295957191,-38.68547286818714,-38.68547286818714,-69.81469081167586,-139.62938162335172,3.812066939392159,2.150636405539914,3.159220513765477,1.4425406852207927,4.703572622351381,2.2348823395842334,4.321298632095627,2.504777909968722,9.0,4.0,2.0,13.0,15.0,15.0
MUNICERCA 3,2025-03-12,0.5,45.0,-63.23814705,-32.399727899999995,2456.2324591221504,316.83942023292497,2565.969438837478,143.34356529252457,20.46649203109012,15.7447549341183,17.145974028864966,24.571162397535247,54.91381663612221,-0.9543769979196659,-0.32899926522760553,-0.6783524368830097,-1.4337483328973344,6,11435,674.265346,1548.22,4347.81,6530.79,16.95919873064335,79.52,16.87,3.61,0,0,23.81,19.05,4.76,31.63,26.07,5.56,1.32,7.95,15.23,14.57,27.15,13.25,19.21,98.81,84.52,97.62,100.0,54.74,45.26,5.17,2.59,7.76,7.33,9.05,16.38,6.03,7.76,13.79,19.4,15.95,35.35,16.81,9.91,26.72,6.0,7.0,8.0,3.0,3.0,1.0,1.0,2.0,497.2880858073989,497.2880858073989,252.8068485853415,505.613697170683,23.987469219138728,25.58318892457975,20.335683720496018,20.08327185248118,20.21181401284622,21.809552064162745,28.569060398198122,30.852268070376915,392.67966899199155,392.67966899199155,176.9970980619022,353.9941961238044,-0.19291459026882837,1.8095761745616654,2.135822872175162,2.647521692970319,0.32983046069054617,2.516701541520964,-0.7143204069234038,1.8034891125861117,10.0,9.0,4.0,19.0,23.0,23.0
MUNICERCA 3,2025-03-26,0.0,67.5,-63.23923215,-32.3979612,2558.4215257841574,333.35806365096533,2368.871117544898,51.608920465670685,14.5973738066873,6.386673825963507,10.832980321884667,19.163192160210503,38.204857898541995,-3.5905714850437933,-4.565673189046479,-2.9275648576943256,-3.9841344999457458,2,11435,674.265346,1548.22,4347.81,6530.79,16.95919873064335,79.52,16.87,3.61,0,0,23.81,19.05,4.76,31.63,26.07,5.56,1.32,7.95,15.23,14.57,27.15,13.25,19.21,98.81,84.52,97.62,100.0,54.74,45.26,5.17,2.59,7.76,7.33,9.05,16.38,6.03,7.76,13.79,19.4,15.95,35.35,16.81,9.91,26.72,9.0,12.0,13.0,6.0,3.0,3.0,1.0,3.25,143.34356529252457,143.34356529252457,320.31582554996174,640.6316510999235,20.46649203109012,22.22698062511442,15.7447549341183,18.04021932730716,17.145974028864966,18.678894020855594,24.571162397535247,26.570111397866683,54.91381663612221,54.91381663612221,223.79674281405687,447.59348562811374,-0.9543769979196659,-0.573645794094247,-0.32899926522760553,0.9034118034737778,-0.6783524368830097,-0.1742609880962318,-1.4337483328973344,-1.0740343699103692,10.0,10.0,9.0,20.0,29.0,29.0
MUNICERCA 3,2025-04-09,0.5,18.0,-63.2384787,-32.401957800000005,2215.2510672242133,455.53735459556606,2807.222662586107,22.306879500120516,15.318846697599223,8.409850650393334,13.21161634923922,17.261769669224243,17.398850382259738,-3.272110742671093,-3.324120744039581,-1.557585650001233,-6.1075679636967655,2,11435,674.265346,1548.22,4347.81,6530.79,16.95919873064335,79.52,16.87,3.61,0,0,23.81,19.05,4.76,31.63,26.07,5.56,1.32,7.95,15.23,14.57,27.15,13.25,19.21,98.81,84.52,97.62,100.0,54.74,45.26,5.17,2.59,7.76,7.33,9.05,16.38,6.03,7.76,13.79,19.4,15.95,35.35,16.81,9.91,26.72,8.0,11.0,14.0,2.0,6.0,3.0,3.0,3.5,51.608920465670685,51.608920465670685,97.47624287909763,194.95248575819525,14.5973738066873,17.53193291888871,6.386673825963507,11.065714380040903,10.832980321884667,13.989477175374816,19.163192160210503,21.867177278872873,38.204857898541995,38.204857898541995,46.559337267332104,93.11867453466421,-3.5905714850437933,-2.2724742414817296,-4.565673189046479,-2.447336227137043,-2.9275648576943256,-1.8029586472886678,-3.9841344999457458,-2.70894141642154,15.0,10.0,10.0,25.0,35.0,35.0
MUNICERCA 3,2025-04-23,0.5,37.5,-63.23963425,-32.3981443,2547.819434986213,296.2073066064707,2380.9291716750786,21.389912673940586,15.901901239712405,8.914356159202114,9.741241464832097,23.301806898721196,-4.99057517220275,-0.7564048609210057,-0.4512276751811085,-2.232457469087173,1.05336227795297,2,11435,674.265346,1548.22,4347.81,6530.79,16.95919873064335,79.52,16.87,3.61,0,0,23.81,19.05,4.76,31.63,26.07,5.56,1.32,7.95,15.23,14.57,27.15,13.25,19.21,98.81,84.52,97.62,100.0,54.74,45.26,5.17,2.59,7.76,7.33,9.05,16.38,6.03,7.76,13.79,19.4,15.95,35.35,16.81,9.91,26.72,4.0,10.0,13.0,2.0,2.0,6.0,3.0,3.25,22.306879500120516,22.306879500120516,36.9578999828956,73.9157999657912,15.318846697599223,14.95811025214326,8.409850650393334,7.398262238178421,13.21161634923922,12.022298335561944,17.261769669224243,18.212480914717375,17.398850382259738,17.398850382259738,27.801854140400867,55.60370828080173,-3.272110742671093,-3.4313411138574432,-3.324120744039581,-3.9448969665430305,-1.557585650001233,-2.2425752538477792,-6.1075679636967655,-5.045851231821255,11.0,15.0,10.0,26.0,36.0,36.0
MUNICERCA 3,2025-05-07,1.0,53.0,-63.2376776,-32.401256599999996,2320.788799133301,351.82491333586927,2733.508814425492,1.2782495749554557,17.606405249152832,13.019160409382009,12.79801235571883,23.228788915088625,0.7727641594553847,2.594554987464599,3.392210907847706,2.7421492507926155,2.6267795021111953,2,11435,674.265346,1548.22,4347.81,6530.79,16.95919873064335,79.52,16.87,3.61,0,0,23.81,19.05,4.76,31.63,26.07,5.56,1.32,7.95,15.23,14.57,27.15,13.25,19.21,98.81,84.52,97.62,100.0,54.74,45.26,5.17,2.59,7.76,7.33,9.05,16.38,6.03,7.76,13.79,19.4,15.95,35.35,16.81,9.91,26.72,4.0,6.0,12.0,2.0,2.0,2.0,6.0,3.0,21.389912673940586,21.389912673940586,21.84839608703055,43.6967921740611,15.901901239712405,15.610373968655814,8.914356159202114,8.662103404797724,9.741241464832097,11.476428907035658,23.301806898721196,20.28178828397272,-4.99057517220275,-4.99057517220275,6.204137605028494,12.408275210056988,-0.7564048609210057,-2.0142578017960493,-0.4512276751811085,-1.8876742096103452,-2.232457469087173,-1.8950215595442028,1.05336227795297,-2.527102842871898,8.0,11.0,15.0,19.0,34.0,34.0
MUNICERCA 4,2023-12-06,1.0,43.0,-63.2204643,-32.4062217,2270.791910908404,68.24208120556484,2318.7079776966607,453.30372380754926,19.263893986997875,16.455425588234103,15.629079768092613,25.27089755783349,286.0980757847711,-3.5610001233638626,2.1740278746788735,-2.5625036534026124,-3.0003587830410785,1,10264,366.873263,1037.54,2824.19,3548.26,27.976963805072923,83.72,12.79,3.49,0,0,20.93,20.93,0.0,31.9,31.9,0.0,0.0,6.21,24.83,17.93,22.07,11.03,16.55,96.51,83.72,96.51,100.0,56.8,43.2,5.34,3.4,8.74,5.83,5.83,11.66,7.28,5.34,12.62,25.73,16.98,42.71,12.62,11.65,24.27,,,,,,,,,453.30372380754926,453.30372380754926,227.38925687267957,454.77851374535913,19.263893986997875,22.28224855263947,16.455425588234103,16.914651144563482,15.629079768092613,17.270994430551433,25.27089755783349,28.20347194146717,286.0980757847711,286.0980757847711,141.15271311792796,282.3054262358559,-3.5610001233638626,-2.4154149134961913,2.1740278746788735,1.8752746264804858,-2.5625036534026124,-1.8248288876878072,-3.0003587830410785,-2.330586644532332,,,,,,
MUNICERCA 4,2023-12-20,0.5,31.0,-63.2232753,-32.4053141,2319.0300422004375,204.28619146798235,2621.0045288453994,1.4747899378098486,25.300603118281064,17.37387670089286,18.912909093010256,31.136046325100853,-3.792649548915141,-1.26982970362852,1.5765213782820984,-1.0871541219730019,-1.660814506023586,2,10264,366.873263,1037.54,2824.19,3548.26,27.976963805072923,83.72,12.79,3.49,0,0,20.93,20.93,0.0,31.9,31.9,0.0,0.0,6.21,24.83,17.93,22.07,11.03,16.55,96.51,83.72,96.51,100.0,56.8,43.2,5.34,3.4,8.74,5.83,5.83,11.66,7.28,5.34,12.62,25.73,16.98,42.71,12.62,11.65,24.27,,,,1.0,,,,,453.30372380754926,453.30372380754926,227.38925687267957,454.77851374535913,19.263893986997875,22.28224855263947,16.455425588234103,16.914651144563482,15.629079768092613,17.270994430551433,25.27089755783349,28.20347194146717,286.0980757847711,286.0980757847711,141.15271311792796,282.3054262358559,-3.5610001233638626,-2.4154149134961913,2.1740278746788735,1.8752746264804858,-2.5625036534026124,-1.8248288876878072,-3.0003587830410785,-2.330586644532332,2.0,,,,,
MUNICERCA 4,2024-01-03,0.6666666666666666,38.166666666666664,-63.22466931666667,-32.4067241,2111.292278127036,116.51769805371788,2676.9176521329523,253.0517426675065,25.048607558778258,18.27641519367594,20.919352766434237,29.5481216161856,218.66505665098168,-1.6661552764973033,3.7607395032369304,0.22819622772825973,-3.0673347984155583,6,10264,366.873263,1037.54,2824.19,3548.26,27.976963805072923,83.72,12.79,3.49,0,0,20.93,20.93,0.0,31.9,31.9,0.0,0.0,6.21,24.83,17.93,22.07,11.03,16.55,96.51,83.72,96.51,100.0,56.8,43.2,5.34,3.4,8.74,5.83,5.83,11.66,7.28,5.34,12.62,25.73,16.98,42.71,12.62,11.65,24.27,3.0,,,2.0,1.0,,,,1.4747899378098486,1.4747899378098486,227.38925687267957,454.77851374535913,25.300603118281064,22.28224855263947,17.37387670089286,16.914651144563482,18.912909093010256,17.270994430551433,31.136046325100853,28.20347194146717,-3.792649548915141,-3.792649548915141,141.15271311792796,282.3054262358559,-1.26982970362852,-2.4154149134961913,1.5765213782820984,1.8752746264804858,-1.0871541219730019,-1.8248288876878072,-1.660814506023586,-2.330586644532332,2.0,2.0,,4.0,,
MUNICERCA 4,2024-01-17,0.4,33.9,-63.22765693,-32.405818440000004,2118.7587435263895,188.44502027067838,2976.19934651528,0.012462677997828077,25.617691067161285,16.704330916271406,19.832911351523755,31.443090676160523,-91.34364475062814,0.3502805027386793,-0.6265368942049889,-0.35369757152544656,0.6859442586335499,10,10264,366.873263,1037.54,2824.19,3548.26,27.976963805072923,83.72,12.79,3.49,0,0,20.93,20.93,0.0,31.9,31.9,0.0,0.0,6.21,24.83,17.93,22.07,11.03,16.55,96.51,83.72,96.51,100.0,56.8,43.2,5.34,3.4,8.74,5.83,5.83,11.66,7.28,5.34,12.62,25.73,16.98,42.71,12.62,11.65,24.27,8.0,9.0,,6.0,2.0,1.0,,,253.0517426675065,253.0517426675065,127.26326630265817,254.52653260531633,25.048607558778258,25.17460533852966,18.27641519367594,17.8251459472844,20.919352766434237,19.916130929722247,29.5481216161856,30.342083970643227,218.66505665098168,218.66505665098168,107.43620355103327,214.87240710206655,-1.6661552764973033,-1.4679924900629118,3.7607395032369304,2.6686304407595145,0.22819622772825973,-0.42947894712237106,-3.0673347984155583,-2.364074652219572,6.0,2.0,2.0,8.0,10.0,10.0
MUNICERCA 4,2024-01-31,0.48148148148148145,36.48148148148148,-63.22483775185186,-32.40496016666667,2296.060080801153,187.05570855356058,2751.9418770667344,250.66506515713883,26.634061957146034,19.725125912582765,22.39957737303839,31.894987739571384,183.61315502342592,1.837231424551771,2.54878351049517,2.6294004995425615,1.6609085447876415,27,10264,366.873263,1037.54,2824.19,3548.26,27.976963805072923,83.72,12.79,3.49,0,0,20.93,20.93,0.0,31.9,31.9,0.0,0.0,6.21,24.83,17.93,22.07,11.03,16.55,96.51,83.72,96.51,100.0,56.8,43.2,5.34,3.4,8.74,5.83,5.83,11.66,7.28,5.34,12.62,25.73,16.98,42.71,12.62,11.65,24.27,16.0,18.0,19.0,10.0,6.0,2.0,1.0,4.75,0.012462677997828077,0.012462677997828077,126.53210267275216,253.06420534550432,25.617691067161285,25.333149312969773,16.704330916271406,17.490373054973674,19.832911351523755,20.376132058978996,31.443090676160523,30.49560614617306,-91.34364475062814,-91.34364475062814,63.66070595017677,127.32141190035354,0.3502805027386793,-0.657937386879312,-0.6265368942049889,1.5671013045159705,-0.35369757152544656,-0.0627506718985934,0.6859442586335499,-1.1906952698910043,11.0,6.0,2.0,17.0,19.0,19.0
MUNICERCA 4,2024-02-14,0.5333333333333333,32.63333333333333,-63.22497635333333,-32.404829856666666,2303.134565149336,185.44250869711396,2770.1683301022804,38.358821749457896,23.397298741732182,18.315971548571426,19.43737186042,27.855780742660286,3.2375126075783407,-0.1348371517716416,1.747143994473544,0.6969883561882313,-1.011629173970212,30,10264,366.873263,1037.54,2824.19,3548.26,27.976963805072923,83.72,12.79,3.49,0,0,20.93,20.93,0.0,31.9,31.9,0.0,0.0,6.21,24.83,17.93,22.07,11.03,16.55,96.51,83.72,96.51,100.0,56.8,43.2,5.34,3.4,8.74,5.83,5.83,11.66,7.28,5.34,12.62,25.73,16.98,42.71,12.62,11.65,24.27,37.0,43.0,45.0,27.0,10.0,6.0,2.0,11.25,250.66506515713883,250.66506515713883,125.33876391756833,250.67752783513666,26.634061957146034,26.12587651215366,19.725125912582765,18.214728414427086,22.39957737303839,21.116244362281073,31.894987739571384,31.669039207865954,183.61315502342592,183.61315502342592,46.13475513639889,92.26951027279777,1.837231424551771,1.0937559636452252,2.54878351049517,0.9611233081450903,2.6294004995425615,1.1378514640085575,1.6609085447876415,1.1734264017105958,70.0,11.0,6.0,81.0,87.0,87.0
MUNICERCA 4,2024-02-28,0.5238095238095238,30.833333333333332,-63.2271928952381,-32.40588137380952,2128.9534579466585,199.735560218837,2945.913609108395,18.506209937196385,24.395053059797835,19.7104747047212,20.501039588882225,29.101798055968434,-35.48715902260962,-0.13224022468395707,1.2747433951634837,0.0840107157010093,-0.19729103469170356,42,10264,366.873263,1037.54,2824.19,3548.26,27.976963805072923,83.72,12.79,3.49,0,0,20.93,20.93,0.0,31.9,31.9,0.0,0.0,6.21,24.83,17.93,22.07,11.03,16.55,96.51,83.72,96.51,100.0,56.8,43.2,5.34,3.4,8.74,5.83,5.83,11.66,7.28,5.34,12.62,25.73,16.98,42.71,12.62,11.65,24.27,57.0,67.0,73.0,30.0,27.0,10.0,6.0,18.25,38.358821749457896,38.358821749457896,144.51194345329836,289.0238869065967,23.397298741732182,25.01568034943911,18.315971548571426,19.020548730577097,19.43737186042,20.918474616729196,27.855780742660286,29.875384241115835,3.2375126075783407,3.2375126075783407,93.42533381550213,186.85066763100426,-0.1348371517716416,0.8511971363900647,1.747143994473544,2.147963752484357,0.6969883561882313,1.6631944278653963,-1.011629173970212,0.3246396854087149,42.0,70.0,11.0,112.0,123.0,123.0
MUNICERCA 4,2024-03-13,0.4576271186440678,38.355932203389834,-63.22698730169492,-32.40617538135593,2108.088510821481,179.67139238221077,2907.6997955027264,41.7840185003895,23.306617559143152,18.333550677259943,19.69887141603355,27.86397905254842,-18.047525830608578,1.8105933465483934,2.522056854310863,1.812145114226086,1.9943136056653252,59,10264,366.873263,1037.54,2824.19,3548.26,27.976963805072923,83.72,12.79,3.49,0,0,20.93,20.93,0.0,31.9,31.9,0.0,0.0,6.21,24.83,17.93,22.07,11.03,16.55,96.51,83.72,96.51,100.0,56.8,43.2,5.34,3.4,8.74,5.83,5.83,11.66,7.28,5.34,12.62,25.73,16.98,42.71,12.62,11.65,24.27,72.0,99.0,109.0,42.0,30.0,27.0,10.0,27.25,18.506209937196385,18.506209937196385,28.43251584332714,56.86503168665428,24.395053059797835,23.89617590076501,19.7104747047212,19.013223126646313,20.501039588882225,19.96920572465111,29.101798055968434,28.47878939931436,-35.48715902260962,-35.48715902260962,-16.12482320751564,-32.24964641503128,-0.13224022468395707,-0.13353868822779935,1.2747433951634837,1.5109436948185135,0.0840107157010093,0.3904995359446203,-0.19729103469170356,-0.6044601043309578,96.0,42.0,70.0,138.0,208.0,208.0
MUNICERCA 4,2024-03-27,0.3968253968253968,29.00793650793651,-63.225984585317455,-32.40542716706349,2217.344174751247,183.47777060750423,2871.0186930149375,38.54640339359006,20.330997173862546,14.816963425813448,16.109613505920375,25.284604784757523,23.170830143173657,1.2844669104764737,2.036077578961033,1.2836964338597074,1.306411104059878,252,10264,366.873263,1037.54,2824.19,3548.26,27.976963805072923,83.72,12.79,3.49,0,0,20.93,20.93,0.0,31.9,31.9,0.0,0.0,6.21,24.83,17.93,22.07,11.03,16.55,96.51,83.72,96.51,100.0,56.8,43.2,5.34,3.4,8.74,5.83,5.83,11.66,7.28,5.34,12.62,25.73,16.98,42.71,12.62,11.65,24.27,101.0,131.0,158.0,59.0,42.0,30.0,27.0,39.5,41.7840185003895,41.7840185003895,30.145114218792944,60.29022843758589,23.306617559143152,23.850835309470494,18.333550677259943,19.02201269099057,19.69887141603355,20.099955502457888,27.86397905254842,28.482888554258427,-18.047525830608578,-18.047525830608578,-26.767342426609098,-53.534684853218195,1.8105933465483934,0.8391765609322182,2.522056854310863,1.8984001247371731,1.812145114226086,0.9480779149635477,1.9943136056653252,0.8985112854868108,135.0,96.0,42.0,231.0,273.0,273.0
MUNICERCA 4,2024-04-10,0.5434782608695652,36.91304347826087,-63.22511060652174,-32.40550432173913,2238.646340722412,160.28667467958397,2786.3675251867767,53.472546315732146,16.739493550096373,12.484466053222377,13.802439534756513,20.31549441835078,16.629366356258892,-1.3430079332127247,-0.32443198776103516,-0.5540958119703517,-2.1313898253794044,46,10264,366.873263,1037.54,2824.19,3548.26,27.976963805072923,83.72,12.79,3.49,0,0,20.93,20.93,0.0,31.9,31.9,0.0,0.0,6.21,24.83,17.93,22.07,11.03,16.55,96.51,83.72,96.51,100.0,56.8,43.2,5.34,3.4,8.74,5.83,5.83,11.66,7.28,5.34,12.62,25.73,16.98,42.71,12.62,11.65,24.27,311.0,353.0,383.0,252.0,59.0,42.0,30.0,95.75,38.54640339359006,38.54640339359006,40.16521094698979,80.33042189397958,20.330997173862546,21.81880736650285,14.816963425813448,16.575257051536695,16.109613505920375,17.904242460976963,25.284604784757523,26.57429191865297,23.170830143173657,23.170830143173657,2.5616521562825394,5.123304312565079,1.2844669104764737,1.5475301285124337,2.036077578961033,2.279067216635948,1.2836964338597074,1.5479207740428969,1.306411104059878,1.6503623548626016,658.0,135.0,96.0,793.0,889.0,889.0
MUNICERCA 4,2024-04-24,0.6153846153846154,37.69230769230769,-63.227284100000006,-32.40543773076923,2173.567358238048,166.52644486184101,2993.8090431106493,11.829920338175764,14.255411948736537,8.591441867194849,11.310686119121689,18.46350679109376,3.864203221293238,-2.63798645844151,-2.4339435136152927,-1.7443460469273226,-3.203750873252526,13,10264,366.873263,1037.54,2824.19,3548.26,27.976963805072923,83.72,12.79,3.49,0,0,20.93,20.93,0.0,31.9,31.9,0.0,0.0,6.21,24.83,17.93,22.07,11.03,16.55,96.51,83.72,96.51,100.0,56.8,43.2,5.34,3.4,8.74,5.83,5.83,11.66,7.28,5.34,12.62,25.73,16.98,42.71,12.62,11.65,24.27,298.0,357.0,399.0,46.0,252.0,59.0,42.0,99.75,53.472546315732146,53.472546315732146,46.00947485466111,92.01894970932221,16.739493550096373,18.53524536197946,12.484466053222377,13.650714739517912,13.802439534756513,14.956026520338444,20.31549441835078,22.80004960155415,16.629366356258892,16.629366356258892,19.900098249716272,39.800196499432545,-1.3430079332127247,-0.02927051136812553,-0.32443198776103516,0.8558227955999987,-0.5540958119703517,0.36480031094467785,-2.1313898253794044,-0.41248936065976316,109.0,658.0,135.0,767.0,902.0,902.0
MUNICERCA 4,2024-05-22,0.5,70.0,-63.23319705,-32.40707585,1802.29219186082,225.3692669380406,3413.608853796538,1.0283489548940272,9.921795718252936,4.661569728855096,7.068826358702267,12.839729197416414,-3.9593693931344993,-3.8617540196773628,-4.33578543904377,-3.8094929365451295,-4.501227426932543,2,10264,366.873263,1037.54,2824.19,3548.26,27.976963805072923,83.72,12.79,3.49,0,0,20.93,20.93,0.0,31.9,31.9,0.0,0.0,6.21,24.83,17.93,22.07,11.03,16.55,96.51,83.72,96.51,100.0,56.8,43.2,5.34,3.4,8.74,5.83,5.83,11.66,7.28,5.34,12.62,25.73,16.98,42.71,12.62,11.65,24.27,59.0,311.0,370.0,13.0,46.0,252.0,59.0,92.5,11.829920338175764,11.829920338175764,32.65123332695396,65.30246665390791,14.255411948736537,15.497452749416455,8.591441867194849,10.537953960208613,11.310686119121689,12.5565628269391,18.46350679109376,19.389500604722272,3.864203221293238,3.864203221293238,10.246784788776065,20.49356957755213,-2.63798645844151,-1.9904971958271171,-2.4339435136152927,-1.379187750688164,-1.7443460469273226,-1.1492209294488371,-3.203750873252526,-2.667570349315965,1.0,39.0,109.0,40.0,149.0,149.0
MUNICERCA 4,2024-11-06,1.0,5.0,-63.2215275,-32.3998994,2939.826547926097,74.15145404013217,2751.0583359198554,0.02036386583216261,26.860023579286036,13.575952430297031,20.32805004689562,33.20816651935773,-10.760210259923001,3.6417523767747806,2.0522564315753797,2.5872366856217464,3.846090713693668,1,10264,366.873263,1037.54,2824.19,3548.26,27.976963805072923,83.72,12.79,3.49,0,0,20.93,20.93,0.0,31.9,31.9,0.0,0.0,6.21,24.83,17.93,22.07,11.03,16.55,96.51,83.72,96.51,100.0,56.8,43.2,5.34,3.4,8.74,5.83,5.83,11.66,7.28,5.34,12.62,25.73,16.98,42.71,12.62,11.65,24.27,15.0,61.0,313.0,2.0,13.0,46.0,252.0,78.25,1.0283489548940272,1.0283489548940272,6.429134646534896,12.858269293069792,9.921795718252936,12.088603833494737,4.661569728855096,6.626505798024972,7.068826358702267,9.189756238911977,12.839729197416414,15.651617994255087,-3.9593693931344993,-3.9593693931344993,-0.04758308592063076,-0.09516617184126153,-3.8617540196773628,-3.2498702390594363,-4.33578543904377,-3.3848644763295312,-3.8094929365451295,-2.7769194917362263,-4.501227426932543,-3.8524891500925342,1.0,1.0,1.0,2.0,3.0,3.0
MUNICERCA 4,2024-11-20,0.0,49.5,-63.224689999999995,-32.40376565,2476.4317425906165,252.5431831134219,2831.7466320598814,57.129573961202986,21.811178574465515,15.17087318001929,18.93840365699952,25.21038100474088,7.470049008831085,-1.9345838266914415,-0.4486692994957855,-0.6694157942266112,-3.1357018945646793,2,10264,366.873263,1037.54,2824.19,3548.26,27.976963805072923,83.72,12.79,3.49,0,0,20.93,20.93,0.0,31.9,31.9,0.0,0.0,6.21,24.83,17.93,22.07,11.03,16.55,96.51,83.72,96.51,100.0,56.8,43.2,5.34,3.4,8.74,5.83,5.83,11.66,7.28,5.34,12.62,25.73,16.98,42.71,12.62,11.65,24.27,3.0,16.0,62.0,1.0,2.0,13.0,46.0,15.5,0.02036386583216261,0.02036386583216261,0.5243564103630949,1.0487128207261898,26.860023579286036,18.390909648769487,13.575952430297031,9.118761079576064,20.32805004689562,13.698438202798943,33.20816651935773,23.023947858387075,-10.760210259923001,-10.760210259923001,-7.3597898265287505,-14.719579653057501,3.6417523767747806,-0.11000082145129131,2.0522564315753797,-1.141764503734195,2.5872366856217464,-0.6111281254616916,3.846090713693668,-0.3275683566194374,0.0,1.0,1.0,1.0,2.0,2.0
MUNICERCA 4,2025-01-29,0.5,19.5,-63.223189,-32.404851,2370.6194841261677,331.59507811852933,2615.2636027151225,0.9758759780819773,27.451574614693868,17.954848825406046,22.489447996637974,33.1782987714286,-10.868347874528858,1.8264060474602548,0.7419150307486597,2.420938746420961,1.7196507679563795,2,10264,366.873263,1037.54,2824.19,3548.26,27.976963805072923,83.72,12.79,3.49,0,0,20.93,20.93,0.0,31.9,31.9,0.0,0.0,6.21,24.83,17.93,22.07,11.03,16.55,96.51,83.72,96.51,100.0,56.8,43.2,5.34,3.4,8.74,5.83,5.83,11.66,7.28,5.34,12.62,25.73,16.98,42.71,12.62,11.65,24.27,3.0,5.0,18.0,2.0,1.0,2.0,13.0,4.5,57.129573961202986,57.129573961202986,28.574968913517573,57.149937827035146,21.811178574465515,24.335601076875776,15.17087318001929,14.37341280515816,18.93840365699952,19.63322685194757,25.21038100474088,29.209273762049307,7.470049008831085,7.470049008831085,-1.6450806255459582,-3.2901612510919165,-1.9345838266914415,0.8535842750416693,-0.4486692994957855,0.8017935660397971,-0.6694157942266112,0.9589104456975676,-3.1357018945646793,0.35519440956449433,2.0,2.0,4.0,4.0,8.0,8.0
MUNICERCA 4,2025-02-12,0.25,23.25,-63.2281944,-32.404642575,2229.5213179735692,94.46767173498118,3048.074257367398,14.466104473721952,24.848548596849227,18.907367024094846,20.401479571393352,29.50423501689648,-11.376034147906253,2.195436296612204,3.256202577985978,2.6709129956012525,1.6796341190015118,4,10264,366.873263,1037.54,2824.19,3548.26,27.976963805072923,83.72,12.79,3.49,0,0,20.93,20.93,0.0,31.9,31.9,0.0,0.0,6.21,24.83,17.93,22.07,11.03,16.55,96.51,83.72,96.51,100.0,56.8,43.2,5.34,3.4,8.74,5.83,5.83,11.66,7.28,5.34,12.62,25.73,16.98,42.71,12.62,11.65,24.27,4.0,5.0,7.0,2.0,2.0,1.0,2.0,1.75,0.9758759780819773,0.9758759780819773,29.052724969642483,58.105449939284966,27.451574614693868,24.63137659457969,17.954848825406046,16.562861002712665,22.489447996637974,20.713925826818745,33.1782987714286,29.19433988808474,-10.868347874528858,-10.868347874528858,-1.6991494328488868,-3.3982988656977735,1.8264060474602548,-0.05408888961559355,0.7419150307486597,0.14662286562643712,2.420938746420961,0.8757614760971749,1.7196507679563795,-0.7080255633041499,4.0,2.0,2.0,6.0,8.0,8.0
MUNICERCA 4,2025-02-26,0.0,51.5,-63.2331183,-32.40952225,1549.1484542191715,213.56250541794697,3383.2499360507277,36.17592135937512,24.027743448818182,16.084777007178133,20.647444192548548,27.807849623305827,-36.64888560778362,-0.40960178043664763,-1.5389999796857425,0.3254210127525443,-1.2621773677965984,2,10264,366.873263,1037.54,2824.19,3548.26,27.976963805072923,83.72,12.79,3.49,0,0,20.93,20.93,0.0,31.9,31.9,0.0,0.0,6.21,24.83,17.93,22.07,11.03,16.55,96.51,83.72,96.51,100.0,56.8,43.2,5.34,3.4,8.74,5.83,5.83,11.66,7.28,5.34,12.62,25.73,16.98,42.71,12.62,11.65,24.27,6.0,8.0,9.0,4.0,2.0,2.0,1.0,2.25,14.466104473721952,14.466104473721952,7.720990225901964,15.441980451803929,24.848548596849227,26.150061605771548,18.907367024094846,18.431107924750442,20.401479571393352,21.445463784015665,29.50423501689648,31.34126689416254,-11.376034147906253,-11.376034147906253,-11.122191011217556,-22.24438202243511,2.195436296612204,2.0109211720362294,3.256202577985978,1.9990588043673188,2.6709129956012525,2.545925871011107,1.6796341190015118,1.6996424434789457,4.0,4.0,2.0,8.0,10.0,10.0
MUNICERCA 4,2025-03-12,0.2,38.0,-63.22771222,-32.40626046,2071.4173083732253,165.28361619605872,2978.108449100231,0.6773907291703524,23.06457410007401,17.406913041999292,18.08771763061435,28.922636285337482,-23.48021402018708,0.17345296054764564,0.3483443164133563,-0.6769248390037037,1.5174484326899131,5,10264,366.873263,1037.54,2824.19,3548.26,27.976963805072923,83.72,12.79,3.49,0,0,20.93,20.93,0.0,31.9,31.9,0.0,0.0,6.21,24.83,17.93,22.07,11.03,16.55,96.51,83.72,96.51,100.0,56.8,43.2,5.34,3.4,8.74,5.83,5.83,11.66,7.28,5.34,12.62,25.73,16.98,42.71,12.62,11.65,24.27,6.0,8.0,10.0,2.0,4.0,2.0,2.0,2.5,36.17592135937512,36.17592135937512,25.321012916548533,50.642025833097065,24.027743448818182,24.438146022833706,16.084777007178133,17.496072015636486,20.647444192548548,20.52446188197095,27.807849623305827,28.656042320101154,-36.64888560778362,-36.64888560778362,-24.012459877844936,-48.02491975568987,-0.40960178043664763,0.892917258087778,-1.5389999796857425,0.8586012991501176,0.3254210127525443,1.4981670041768984,-1.2621773677965984,0.20872837560245672,9.0,4.0,4.0,13.0,17.0,17.0
MUNICERCA 4,2025-03-26,0.3333333333333333,37.833333333333336,-63.23118888333334,-32.40847085,1737.3962959060102,164.89295327222734,3182.3073083636227,40.43972193300616,20.958088072187774,16.13587934689573,16.928612338765287,24.939384792774504,24.215409055558094,0.6757032597974127,2.7907848281459295,0.8040713457458987,-0.13959277793585512,6,10264,366.873263,1037.54,2824.19,3548.26,27.976963805072923,83.72,12.79,3.49,0,0,20.93,20.93,0.0,31.9,31.9,0.0,0.0,6.21,24.83,17.93,22.07,11.03,16.55,96.51,83.72,96.51,100.0,56.8,43.2,5.34,3.4,8.74,5.83,5.83,11.66,7.28,5.34,12.62,25.73,16.98,42.71,12.62,11.65,24.27,7.0,11.0,13.0,5.0,2.0,4.0,2.0,3.25,0.6773907291703524,0.6773907291703524,18.426656044272736,36.85331208854547,23.06457410007401,23.5461587744461,17.406913041999292,16.74584502458871,18.08771763061435,19.36758091158145,28.922636285337482,28.365242954321655,-23.48021402018708,-23.48021402018708,-30.06454981398535,-60.1290996279707,0.17345296054764564,-0.11807440994450122,0.3483443164133563,-0.5953278316361932,-0.6769248390037037,-0.1757519131255797,1.5174484326899131,0.12763553244665737,18.0,9.0,4.0,27.0,31.0,31.0
MUNICERCA 4,2025-04-09,0.6,35.0,-63.227344419999994,-32.40621138,2098.569857215688,214.853836939114,2909.6208811057013,21.62122403825071,17.30045498943793,11.802880406149583,12.154899000909273,22.64793736986384,-39.79734398044484,0.655346664751246,0.5026321816792316,-0.5133461705316982,1.4013981988568953,5,10264,366.873263,1037.54,2824.19,3548.26,27.976963805072923,83.72,12.79,3.49,0,0,20.93,20.93,0.0,31.9,31.9,0.0,0.0,6.21,24.83,17.93,22.07,11.03,16.55,96.51,83.72,96.51,100.0,56.8,43.2,5.34,3.4,8.74,5.83,5.83,11.66,7.28,5.34,12.62,25.73,16.98,42.71,12.62,11.65,24.27,11.0,13.0,17.0,6.0,5.0,2.0,4.0,4.25,40.43972193300616,40.43972193300616,20.558556331088262,41.117112662176524,20.958088072187774,22.011331086130895,16.13587934689573,16.77139619444751,16.928612338765287,17.50816498468982,24.939384792774504,26.931010539055993,24.215409055558094,24.215409055558094,0.36759751768550686,0.7351950353710137,0.6757032597974127,0.424578110172529,2.7907848281459295,1.569564572279643,0.8040713457458987,0.06357325337109748,-0.13959277793585512,0.688927827377029,11.0,18.0,9.0,29.0,38.0,38.0
MUNICERCA 4,2025-04-23,0.16666666666666666,43.0,-63.22494546666667,-32.405699883333334,2206.1014156054384,160.2736523881805,2754.8004940775777,4.55283153873805,18.571945341087538,12.421280493395601,15.267869387875757,23.012529770777665,-1.43985752012437,1.5617574149717228,1.1473838822172393,2.1581224125068332,1.1010632994235,6,10264,366.873263,1037.54,2824.19,3548.26,27.976963805072923,83.72,12.79,3.49,0,0,20.93,20.93,0.0,31.9,31.9,0.0,0.0,6.21,24.83,17.93,22.07,11.03,16.55,96.51,83.72,96.51,100.0,56.8,43.2,5.34,3.4,8.74,5.83,5.83,11.66,7.28,5.34,12.62,25.73,16.98,42.71,12.62,11.65,24.27,11.0,16.0,18.0,5.0,6.0,5.0,2.0,4.5,21.62122403825071,21.62122403825071,31.03047298562844,62.06094597125688,17.30045498943793,19.12927153081285,11.802880406149583,13.969379876522655,12.154899000909273,14.54175566983728,22.64793736986384,23.793661081319172,-39.79734398044484,-39.79734398044484,-7.7909674624433745,-15.581934924886749,0.655346664751246,0.6655249622743291,0.5026321816792316,1.6467085049125805,-0.5133461705316982,0.14536258760710025,1.4013981988568953,0.63090271046052,7.0,11.0,18.0,18.0,36.0,36.0
MUNICERCA 4,2025-05-07,0.6666666666666666,44.333333333333336,-63.2326841,-32.408174833333334,1725.7201414565764,200.03770306377666,3267.932584670354,8.628398634441455,20.080350957349697,16.860185675795563,17.52455169834619,24.67776046978928,0.5674083468278491,5.307392887089187,7.660969583721202,6.8192845904179515,4.4831625332296765,3,10264,366.873263,1037.54,2824.19,3548.26,27.976963805072923,83.72,12.79,3.49,0,0,20.93,20.93,0.0,31.9,31.9,0.0,0.0,6.21,24.83,17.93,22.07,11.03,16.55,96.51,83.72,96.51,100.0,56.8,43.2,5.34,3.4,8.74,5.83,5.83,11.66,7.28,5.34,12.62,25.73,16.98,42.71,12.62,11.65,24.27,11.0,17.0,22.0,6.0,5.0,6.0,5.0,5.5,4.55283153873805,4.55283153873805,13.087027788494384,26.174055576988767,18.571945341087538,17.936200165262733,12.421280493395601,12.112080449772591,15.267869387875757,13.711384194392515,23.012529770777665,22.83023357032075,-1.43985752012437,-1.43985752012437,-20.618600750284607,-41.23720150056921,1.5617574149717228,1.108552039861484,1.1473838822172393,0.8250080319482352,2.1581224125068332,0.8223881209875675,1.1010632994235,1.2512307491401975,9.0,7.0,11.0,16.0,27.0,27.0
MUNICERCA 5,2023-12-20,1.0,43.0,-63.2154478,-32.41223755,1827.105580653195,231.54984805929215,1682.1284033285492,70.86850716016282,25.10753705565768,16.768053150908656,20.519069928376513,29.889733137211586,51.7062307386396,0.44186242220769906,4.240725189516786,1.6064472646666614,-0.2802128975377647,2,15494,663.789366,834.81,2302.45,3548.26,23.341741813923544,78.99,20.29,0.72,0,0,34.53,31.65,2.88,38.64,34.85,3.79,1.17,7.0,15.56,17.9,27.63,10.89,19.84,98.56,81.29,100.0,100.0,50.76,49.24,2.03,4.57,6.6,6.85,7.61,14.46,7.11,8.12,15.23,23.6,19.04,42.64,11.17,9.9,21.07,,,,,,,,,70.86850716016282,70.86850716016282,36.98574150548794,73.97148301097587,25.10753705565768,24.419033940372437,16.768053150908656,15.174793883289926,20.519069928376513,18.918980062383383,29.889733137211586,29.924370264967827,51.7062307386396,51.7062307386396,14.03296153850245,28.0659230770049,0.44186242220769906,-1.9829533473608556,4.240725189516786,2.0104478903538983,1.6064472646666614,-1.245397392344032,-0.2802128975377647,-2.4384395066153677,1.0,,,,,
MUNICERCA 5,2024-01-03,0.0,75.0,-63.2187112,-32.4082287,2100.668935287739,55.35716209903292,2084.7641838739946,3.1029758508130465,23.73053082508719,13.581534615671195,17.318890196390257,29.959007392724065,-23.640307661634697,-4.40776911692941,-0.21982940880898907,-4.097242049354725,-4.596666115692971,1,15494,663.789366,834.81,2302.45,3548.26,23.341741813923544,78.99,20.29,0.72,0,0,34.53,31.65,2.88,38.64,34.85,3.79,1.17,7.0,15.56,17.9,27.63,10.89,19.84,98.56,81.29,100.0,100.0,50.76,49.24,2.03,4.57,6.6,6.85,7.61,14.46,7.11,8.12,15.23,23.6,19.04,42.64,11.17,9.9,21.07,,,,2.0,,,,,70.86850716016282,70.86850716016282,36.98574150548794,73.97148301097587,25.10753705565768,24.419033940372437,16.768053150908656,15.174793883289926,20.519069928376513,18.918980062383383,29.889733137211586,29.924370264967827,51.7062307386396,51.7062307386396,14.03296153850245,28.0659230770049,0.44186242220769906,-1.9829533473608556,4.240725189516786,2.0104478903538983,1.6064472646666614,-1.245397392344032,-0.2802128975377647,-2.4384395066153677,5.0,1.0,,6.0,,
MUNICERCA 5,2024-01-17,0.5,42.0,-63.217640816666666,-32.41129373333333,1884.91628133176,125.59412551105135,1931.091864445657,0.020789152632949635,24.952980238838204,15.58538141272689,19.382095614885205,30.536302141458222,-42.166116774363076,-0.7010283956685068,-2.16305433811331,-0.8831384694711933,-0.750211293057836,6,15494,663.789366,834.81,2302.45,3548.26,23.341741813923544,78.99,20.29,0.72,0,0,34.53,31.65,2.88,38.64,34.85,3.79,1.17,7.0,15.56,17.9,27.63,10.89,19.84,98.56,81.29,100.0,100.0,50.76,49.24,2.03,4.57,6.6,6.85,7.61,14.46,7.11,8.12,15.23,23.6,19.04,42.64,11.17,9.9,21.07,3.0,,,1.0,2.0,,,,3.1029758508130465,3.1029758508130465,36.98574150548794,73.97148301097587,23.73053082508719,24.419033940372437,13.581534615671195,15.174793883289926,17.318890196390257,18.918980062383383,29.959007392724065,29.924370264967827,-23.640307661634697,-23.640307661634697,14.03296153850245,28.0659230770049,-4.40776911692941,-1.9829533473608556,-0.21982940880898907,2.0104478903538983,-4.097242049354725,-1.245397392344032,-4.596666115692971,-2.4384395066153677,13.0,5.0,1.0,18.0,19.0,19.0
MUNICERCA 5,2024-01-31,0.4411764705882353,38.6764705882353,-63.219069644117646,-32.412820205882355,1681.6069142839387,182.45944851450875,2046.8486541267673,130.423688820944,27.3851943612507,19.91790818488269,22.408514752968138,33.18729897470607,83.53211020516547,2.6189777283293223,2.6041786332895644,2.6630947319323797,3.0178427791419047,34,15494,663.789366,834.81,2302.45,3548.26,23.341741813923544,78.99,20.29,0.72,0,0,34.53,31.65,2.88,38.64,34.85,3.79,1.17,7.0,15.56,17.9,27.63,10.89,19.84,98.56,81.29,100.0,100.0,50.76,49.24,2.03,4.57,6.6,6.85,7.61,14.46,7.11,8.12,15.23,23.6,19.04,42.64,11.17,9.9,21.07,7.0,9.0,,6.0,1.0,2.0,,,0.020789152632949635,0.020789152632949635,1.561882501722998,3.123765003445996,24.952980238838204,24.341755531962697,15.58538141272689,14.583458014199042,19.382095614885205,18.35049290563773,30.536302141458222,30.24765476709114,-42.166116774363076,-42.166116774363076,-32.903212217998885,-65.80642443599777,-0.7010283956685068,-2.5543987562989585,-2.16305433811331,-1.1914418734611496,-0.8831384694711933,-2.4901902594129592,-0.750211293057836,-2.6734387043754033,19.0,13.0,5.0,32.0,37.0,37.0
MUNICERCA 5,2024-02-14,0.4117647058823529,33.294117647058826,-63.21669615882353,-32.41258598235294,1819.2527450054604,145.847843456856,1810.8922602694238,43.0916745457836,22.36305057512726,17.184334275217008,18.21668059731466,27.11480372457511,-4.156921146320992,-1.456164062479493,-0.04694597059510161,-0.9575385915001863,-2.110467064078893,17,15494,663.789366,834.81,2302.45,3548.26,23.341741813923544,78.99,20.29,0.72,0,0,34.53,31.65,2.88,38.64,34.85,3.79,1.17,7.0,15.56,17.9,27.63,10.89,19.84,98.56,81.29,100.0,100.0,50.76,49.24,2.03,4.57,6.6,6.85,7.61,14.46,7.11,8.12,15.23,23.6,19.04,42.64,11.17,9.9,21.07,40.0,41.0,43.0,34.0,6.0,1.0,2.0,10.75,130.423688820944,130.423688820944,65.22223898678847,130.44447797357694,27.3851943612507,26.169087300044453,19.91790818488269,17.75164479880479,22.408514752968138,20.895305183926673,33.18729897470607,31.861800558082145,83.53211020516547,83.53211020516547,20.682996715401195,41.36599343080239,2.6189777283293223,0.9589746663304077,2.6041786332895644,0.2205621475881272,2.6630947319323797,0.8899781312305932,3.0178427791419047,1.1338157430420344,54.0,19.0,13.0,73.0,86.0,86.0
MUNICERCA 5,2024-02-28,0.42857142857142855,38.04081632653061,-63.217400051020405,-32.412769804081634,1753.497758279243,169.66837592714728,1888.5200746273874,25.070629169205315,24.377403161604555,19.48731372399295,20.493179150322746,29.017587533941104,-28.065918712281004,-0.048668652848153686,1.7126482552104267,0.38488883224238846,-0.3914636752469981,49,15494,663.789366,834.81,2302.45,3548.26,23.341741813923544,78.99,20.29,0.72,0,0,34.53,31.65,2.88,38.64,34.85,3.79,1.17,7.0,15.56,17.9,27.63,10.89,19.84,98.56,81.29,100.0,100.0,50.76,49.24,2.03,4.57,6.6,6.85,7.61,14.46,7.11,8.12,15.23,23.6,19.04,42.64,11.17,9.9,21.07,51.0,57.0,58.0,17.0,34.0,6.0,1.0,14.5,43.0916745457836,43.0916745457836,86.7576816833638,173.5153633667276,22.36305057512726,24.87412246818898,17.184334275217008,18.55112123004985,18.21668059731466,20.312597675141397,27.11480372457511,30.15105134964059,-4.156921146320992,-4.156921146320992,39.687594529422235,79.37518905884447,-1.456164062479493,0.5814068329249147,-0.04694597059510161,1.2786163313472314,-0.9575385915001863,0.8527780702160968,-2.110467064078893,0.45368785753150576,68.0,54.0,19.0,122.0,141.0,141.0
MUNICERCA 5,2024-03-13,0.41379310344827586,39.01724137931034,-63.21594967931035,-32.413836105172415,1727.0229178441627,195.4906725219525,1735.4420688902217,67.48921875533617,23.62449541512298,19.27367379722626,20.223440342573085,28.078041334657545,6.897521336699565,1.8092681236211776,3.045958352478746,2.0585427366478557,1.8592737022790744,58,15494,663.789366,834.81,2302.45,3548.26,23.341741813923544,78.99,20.29,0.72,0,0,34.53,31.65,2.88,38.64,34.85,3.79,1.17,7.0,15.56,17.9,27.63,10.89,19.84,98.56,81.29,100.0,100.0,50.76,49.24,2.03,4.57,6.6,6.85,7.61,14.46,7.11,8.12,15.23,23.6,19.04,42.64,11.17,9.9,21.07,66.0,100.0,106.0,49.0,17.0,34.0,6.0,26.5,25.070629169205315,25.070629169205315,34.081151857494454,68.16230371498891,24.377403161604555,23.370226868365908,19.48731372399295,18.33582399960498,20.493179150322746,19.354929873818705,29.017587533941104,28.066195629258107,-28.065918712281004,-28.065918712281004,-16.111419929301,-32.222839858602,-0.048668652848153686,-0.7524163576638233,1.7126482552104267,0.8328511423076626,0.38488883224238846,-0.2863248796288989,-0.3914636752469981,-1.2509653696629457,96.0,68.0,54.0,164.0,218.0,218.0
MUNICERCA 5,2024-03-27,0.4343065693430657,31.164233576642335,-63.217204583211675,-32.413319658029195,1725.154620697819,185.29497100041755,1866.0171235398818,37.60082052403899,20.389657929202027,14.866538474526475,16.194811403074365,25.340673172910417,21.921271345381847,1.4481341987468899,2.246177900794211,1.4855686038367644,1.4302762152035722,274,15494,663.789366,834.81,2302.45,3548.26,23.341741813923544,78.99,20.29,0.72,0,0,34.53,31.65,2.88,38.64,34.85,3.79,1.17,7.0,15.56,17.9,27.63,10.89,19.84,98.56,81.29,100.0,100.0,50.76,49.24,2.03,4.57,6.6,6.85,7.61,14.46,7.11,8.12,15.23,23.6,19.04,42.64,11.17,9.9,21.07,107.0,124.0,158.0,58.0,49.0,17.0,34.0,39.5,67.48921875533617,67.48921875533617,46.27992396227074,92.55984792454149,23.62449541512298,24.000949288363767,19.27367379722626,19.380493760609603,20.223440342573085,20.358309746447915,28.078041334657545,28.547814434299326,6.897521336699565,6.897521336699565,-10.58419868779072,-21.16839737558144,1.8092681236211776,0.880299735386512,3.045958352478746,2.379303303844586,2.0585427366478557,1.221715784445122,1.8592737022790744,0.7339050135160381,162.0,96.0,68.0,258.0,326.0,326.0
MUNICERCA 5,2024-04-10,0.49019607843137253,35.294117647058826,-63.2162986254902,-32.4124877372549,1850.6701294583693,156.01559146645948,1793.422322118546,58.6445563426891,16.70361683461066,12.43591063488292,13.756507284819763,20.387799021946684,18.012943622668264,-1.5226908357166504,-0.6990973966754486,-0.7971253042835853,-2.1502100830625053,51,15494,663.789366,834.81,2302.45,3548.26,23.341741813923544,78.99,20.29,0.72,0,0,34.53,31.65,2.88,38.64,34.85,3.79,1.17,7.0,15.56,17.9,27.63,10.89,19.84,98.56,81.29,100.0,100.0,50.76,49.24,2.03,4.57,6.6,6.85,7.61,14.46,7.11,8.12,15.23,23.6,19.04,42.64,11.17,9.9,21.07,332.0,381.0,398.0,274.0,58.0,49.0,17.0,99.5,37.60082052403899,37.60082052403899,52.54501963968758,105.09003927937516,20.389657929202027,22.007076672162505,14.866538474526475,17.070106135876365,16.194811403074365,18.209125872823726,25.340673172910417,26.70935725378398,21.921271345381847,21.921271345381847,14.409396341040706,28.818792682081412,1.4481341987468899,1.6287011611840336,2.246177900794211,2.6460681266364787,1.4855686038367644,1.77205567024231,1.4302762152035722,1.6447749587413232,629.0,162.0,96.0,791.0,887.0,887.0
MUNICERCA 5,2024-04-24,0.4666666666666667,30.466666666666665,-63.214046966666665,-32.41461129333333,1771.1438513326514,195.3267075014115,1545.2383860291227,5.551615145770762,15.581349379727396,10.99253267140842,12.122354910260782,20.005077771180616,-7.148408891443183,-1.1377419155855557,0.37431317411629167,-0.30300723166630134,-2.04812784043686,15,15494,663.789366,834.81,2302.45,3548.26,23.341741813923544,78.99,20.29,0.72,0,0,34.53,31.65,2.88,38.64,34.85,3.79,1.17,7.0,15.56,17.9,27.63,10.89,19.84,98.56,81.29,100.0,100.0,50.76,49.24,2.03,4.57,6.6,6.85,7.61,14.46,7.11,8.12,15.23,23.6,19.04,42.64,11.17,9.9,21.07,325.0,383.0,432.0,51.0,274.0,58.0,49.0,108.0,58.6445563426891,58.6445563426891,48.12268843336405,96.2453768667281,16.70361683461066,18.546637381906343,12.43591063488292,13.651224554704697,13.756507284819763,14.975659343947065,20.387799021946684,22.864236097428552,18.012943622668264,18.012943622668264,19.967107484025057,39.934214968050114,-1.5226908357166504,-0.03727831848488028,-0.6990973966754486,0.7735402520593813,-0.7971253042835853,0.34422164977658953,-2.1502100830625053,-0.35996693392946644,131.0,629.0,162.0,760.0,922.0,922.0
MUNICERCA 5,2024-09-11,1.0,22.0,-63.224858,-32.412155,1543.6483284538158,204.8695254197055,2565.335062247629,0.15802810409621107,15.335186209894378,2.287038795453328,8.3187578053874,21.51389530357953,0.10077895394523814,-0.9258081714804057,-0.6582509448442012,-1.783854499300102,-1.320171807965608,1,15494,663.789366,834.81,2302.45,3548.26,23.341741813923544,78.99,20.29,0.72,0,0,34.53,31.65,2.88,38.64,34.85,3.79,1.17,7.0,15.56,17.9,27.63,10.89,19.84,98.56,81.29,100.0,100.0,50.76,49.24,2.03,4.57,6.6,6.85,7.61,14.46,7.11,8.12,15.23,23.6,19.04,42.64,11.17,9.9,21.07,66.0,340.0,398.0,15.0,51.0,274.0,58.0,99.5,5.551615145770762,5.551615145770762,32.098085744229934,64.19617148845987,15.581349379727396,16.142483107169028,10.99253267140842,11.71422165314567,12.122354910260782,12.939431097540272,20.005077771180616,20.19643839656365,-7.148408891443183,-7.148408891443183,5.432267365612541,10.864534731225081,-1.1377419155855557,-1.3302163756511032,0.37431317411629167,-0.16239211127957845,-0.30300723166630134,-0.5500662679749433,-2.04812784043686,-2.0991689617496823,1.0,1.0,0.0,2.0,2.0,2.0
MUNICERCA 5,2024-09-25,1.0,40.0,-63.2229575,-32.4181849,922.7995420809292,493.2014759705149,2379.8877429415047,63.0775609364601,19.956023841248633,14.46097586266353,18.516599566532093,23.4105074910606,46.979098767589036,1.6841705267429536,7.508919338837141,5.9120132831662096,-1.4900060519624025,1,15494,663.789366,834.81,2302.45,3548.26,23.341741813923544,78.99,20.29,0.72,0,0,34.53,31.65,2.88,38.64,34.85,3.79,1.17,7.0,15.56,17.9,27.63,10.89,19.84,98.56,81.29,100.0,100.0,50.76,49.24,2.03,4.57,6.6,6.85,7.61,14.46,7.11,8.12,15.23,23.6,19.04,42.64,11.17,9.9,21.07,16.0,67.0,341.0,1.0,15.0,51.0,274.0,85.25,0.15802810409621107,0.15802810409621107,2.8548216249334866,5.709643249866973,15.335186209894378,15.458267794810887,2.287038795453328,6.639785733430873,8.3187578053874,10.22055635782409,21.51389530357953,20.759486537380074,0.10077895394523814,0.10077895394523814,-3.5238149687489724,-7.047629937497945,-0.9258081714804057,-1.0317750435329807,-0.6582509448442012,-0.14196888536395477,-1.783854499300102,-1.0434308654832016,-1.320171807965608,-1.684149824201234,0.0,1.0,1.0,1.0,2.0,2.0
MUNICERCA 5,2024-10-23,1.0,51.0,-63.2128909,-32.4085015,2306.374953215434,112.11072874899273,1561.497622829993,3.1898402644540687,20.335259576482276,8.181855432400134,13.604241205941616,25.983604032955895,-113.19238290804728,1.673513710342546,-0.10799207401703266,0.2630241649259908,1.7809825729949613,1,15494,663.789366,834.81,2302.45,3548.26,23.341741813923544,78.99,20.29,0.72,0,0,34.53,31.65,2.88,38.64,34.85,3.79,1.17,7.0,15.56,17.9,27.63,10.89,19.84,98.56,81.29,100.0,100.0,50.76,49.24,2.03,4.57,6.6,6.85,7.61,14.46,7.11,8.12,15.23,23.6,19.04,42.64,11.17,9.9,21.07,2.0,17.0,68.0,1.0,1.0,15.0,51.0,17.0,63.0775609364601,63.0775609364601,31.617794520278157,63.23558904055631,19.956023841248633,17.645605025571506,14.46097586266353,8.37400732905843,18.516599566532093,13.417678685959746,23.4105074910606,22.462201397320065,46.979098767589036,46.979098767589036,23.539938860767137,47.079877721534274,1.6841705267429536,0.379181177631274,7.508919338837141,3.42533419699647,5.9120132831662096,2.0640793919330536,-1.4900060519624025,-1.4050889299640053,3.0,2.0,0.0,5.0,5.0,5.0
MUNICERCA 5,2024-12-18,0.3333333333333333,36.333333333333336,-63.219932433333334,-32.41347853333334,1542.955824544233,226.61237407083505,2108.3433246655627,316.3252805878501,22.239330620070547,15.395226494863145,17.673490018989938,27.665523347842708,215.67184415266033,-3.4571139619855678,0.605691837773346,-2.823407360567355,-3.566598720209235,3,15494,663.789366,834.81,2302.45,3548.26,23.341741813923544,78.99,20.29,0.72,0,0,34.53,31.65,2.88,38.64,34.85,3.79,1.17,7.0,15.56,17.9,27.63,10.89,19.84,98.56,81.29,100.0,100.0,50.76,49.24,2.03,4.57,6.6,6.85,7.61,14.46,7.11,8.12,15.23,23.6,19.04,42.64,11.17,9.9,21.07,2.0,3.0,18.0,1.0,1.0,1.0,15.0,4.5,3.1898402644540687,3.1898402644540687,33.13370060045708,66.26740120091416,20.335259576482276,20.145641708865455,8.181855432400134,11.321415647531833,13.604241205941616,16.060420386236856,25.983604032955895,24.697055762008247,-113.19238290804728,-113.19238290804728,-33.10664207022912,-66.21328414045824,1.673513710342546,1.6788421185427498,-0.10799207401703266,3.700463632410054,0.2630241649259908,3.0875187240461,1.7809825729949613,0.1454882605162794,1.0,2.0,2.0,3.0,5.0,5.0
MUNICERCA 5,2025-01-01,1.0,4.0,-63.2122802,-32.4150841,1761.1827976508255,233.83530327082045,1368.043681625357,17.076500868388756,25.465974125224925,16.60126863182297,20.315100771460923,31.406750703411713,-149.05815493753676,0.0029525289521403104,1.4999716847070241,0.17612989685620328,-0.09901421241790118,1,15494,663.789366,834.81,2302.45,3548.26,23.341741813923544,78.99,20.29,0.72,0,0,34.53,31.65,2.88,38.64,34.85,3.79,1.17,7.0,15.56,17.9,27.63,10.89,19.84,98.56,81.29,100.0,100.0,50.76,49.24,2.03,4.57,6.6,6.85,7.61,14.46,7.11,8.12,15.23,23.6,19.04,42.64,11.17,9.9,21.07,4.0,5.0,6.0,3.0,1.0,1.0,1.0,1.5,316.3252805878501,316.3252805878501,159.75756042615208,319.51512085230416,22.239330620070547,21.28729509827641,15.395226494863145,11.78854096363164,17.673490018989938,15.638865612465777,27.665523347842708,26.8245636903993,215.67184415266033,215.67184415266033,51.239730622306524,102.47946124461305,-3.4571139619855678,-0.8918001258215109,0.605691837773346,0.24884988187815665,-2.823407360567355,-1.2801915978206817,-3.566598720209235,-0.8928080736071368,0.0,1.0,2.0,1.0,3.0,3.0
MUNICERCA 5,2025-01-15,0.0,65.0,-63.2211328,-32.4187382,930.8232824890014,525.4381424989662,2208.2702495781778,12.618683198083309,22.96889230396479,15.665445758310248,19.111723031778183,27.60702405887872,2.820075755035936,-0.7421744189050861,-0.1875210384739267,-0.08108593690206309,-1.2272542294629845,1,15494,663.789366,834.81,2302.45,3548.26,23.341741813923544,78.99,20.29,0.72,0,0,34.53,31.65,2.88,38.64,34.85,3.79,1.17,7.0,15.56,17.9,27.63,10.89,19.84,98.56,81.29,100.0,100.0,50.76,49.24,2.03,4.57,6.6,6.85,7.61,14.46,7.11,8.12,15.23,23.6,19.04,42.64,11.17,9.9,21.07,4.0,5.0,6.0,1.0,3.0,1.0,1.0,1.5,17.076500868388756,17.076500868388756,166.70089072811942,333.40178145623884,25.465974125224925,23.852652372647736,16.60126863182297,15.998247563343057,20.315100771460923,18.99429539522543,31.406750703411713,29.536137025627212,-149.05815493753676,-149.05815493753676,33.306844607561786,66.61368921512357,0.0029525289521403104,-1.7270807165167137,1.4999716847070241,1.052831761240185,0.17612989685620328,-1.3236387318555756,-0.09901421241790118,-1.832806466313568,1.0,0.0,1.0,1.0,2.0,2.0
MUNICERCA 5,2025-01-29,0.3333333333333333,42.333333333333336,-63.219113066666665,-32.41160443333333,1889.4584224829932,86.5592174001585,2062.760425967147,2.5960457874792353,28.502045881566346,19.17815973382287,22.770277018345578,35.985837216828365,-10.66037778874867,2.5759301391301865,1.7439522555468674,1.9225100008397924,3.9484886744383174,3,15494,663.789366,834.81,2302.45,3548.26,23.341741813923544,78.99,20.29,0.72,0,0,34.53,31.65,2.88,38.64,34.85,3.79,1.17,7.0,15.56,17.9,27.63,10.89,19.84,98.56,81.29,100.0,100.0,50.76,49.24,2.03,4.57,6.6,6.85,7.61,14.46,7.11,8.12,15.23,23.6,19.04,42.64,11.17,9.9,21.07,2.0,5.0,6.0,1.0,1.0,3.0,1.0,1.5,12.618683198083309,12.618683198083309,14.847592033236033,29.695184066472066,22.96889230396479,24.217433214594855,15.665445758310248,16.13335719506661,19.111723031778183,19.71341190161955,27.60702405887872,29.50688738114522,2.820075755035936,2.820075755035936,-73.11903959125041,-146.23807918250083,-0.7421744189050861,-0.3696109449764729,-0.1875210384739267,0.6562253231165487,-0.08108593690206309,0.04752197997707054,-1.2272542294629845,-0.6631342209404428,1.0,1.0,0.0,2.0,2.0,2.0
MUNICERCA 5,2025-02-12,0.0,8.0,-63.2122802,-32.4150841,1761.1827976508255,233.83530327082045,1368.043681625357,0.41997950498430847,28.03752897268427,21.61558427665912,23.614277216998758,32.755251881696786,-0.19391728872224112,3.776120866198268,4.450679533888396,4.684676522554312,3.063149152747136,1,15494,663.789366,834.81,2302.45,3548.26,23.341741813923544,78.99,20.29,0.72,0,0,34.53,31.65,2.88,38.64,34.85,3.79,1.17,7.0,15.56,17.9,27.63,10.89,19.84,98.56,81.29,100.0,100.0,50.76,49.24,2.03,4.57,6.6,6.85,7.61,14.46,7.11,8.12,15.23,23.6,19.04,42.64,11.17,9.9,21.07,4.0,5.0,8.0,3.0,1.0,1.0,3.0,2.0,2.5960457874792353,2.5960457874792353,7.607364492781272,15.214728985562544,28.502045881566346,25.73546909276557,19.17815973382287,17.42180274606656,22.770277018345578,20.941000025061882,35.985837216828365,31.79643063785354,-10.66037778874867,-10.66037778874867,-3.9201510168563676,-7.840302033712735,2.5759301391301865,0.9168778601125502,1.7439522555468674,0.7782156085364703,1.9225100008397924,0.9207120319688651,3.9484886744383174,1.3606172224876665,5.0,1.0,1.0,6.0,7.0,7.0
MUNICERCA 5,2025-02-26,0.4,38.8,-63.20914004,-32.41423488,2058.734717169081,226.4672029927548,1088.447013408823,141.00421624041036,26.093040431075014,22.02231031899256,23.282936324896234,29.399560106400703,106.57990224899285,0.9991753458970605,2.946365486296704,2.3838526660420705,-0.5606613833996488,5,15494,663.789366,834.81,2302.45,3548.26,23.341741813923544,78.99,20.29,0.72,0,0,34.53,31.65,2.88,38.64,34.85,3.79,1.17,7.0,15.56,17.9,27.63,10.89,19.84,98.56,81.29,100.0,100.0,50.76,49.24,2.03,4.57,6.6,6.85,7.61,14.46,7.11,8.12,15.23,23.6,19.04,42.64,11.17,9.9,21.07,4.0,5.0,6.0,1.0,3.0,1.0,1.0,1.5,0.41997950498430847,0.41997950498430847,1.508012646231772,3.016025292463544,28.03752897268427,28.26978742712531,21.61558427665912,20.396872005240994,23.614277216998758,23.19227711767217,32.755251881696786,34.370544549262576,-0.19391728872224112,-0.19391728872224112,-5.427147538735457,-10.854295077470914,3.776120866198268,3.1760255026642272,4.450679533888396,3.0973158947176316,4.684676522554312,3.3035932616970527,3.063149152747136,3.5058189135927265,16.0,5.0,1.0,21.0,22.0,22.0
MUNICERCA 5,2025-03-12,0.4,28.8,-63.21702319999999,-32.41304902,1813.0243252177238,119.38182383715294,1838.3061028064726,121.43903056490592,20.587427460677823,15.470966663989675,17.04535761526207,25.240470438251762,62.43086637473685,-1.4347353285609983,-0.3956472877993339,-1.1437323505582417,-1.3044092546735853,10,15494,663.789366,834.81,2302.45,3548.26,23.341741813923544,78.99,20.29,0.72,0,0,34.53,31.65,2.88,38.64,34.85,3.79,1.17,7.0,15.56,17.9,27.63,10.89,19.84,98.56,81.29,100.0,100.0,50.76,49.24,2.03,4.57,6.6,6.85,7.61,14.46,7.11,8.12,15.23,23.6,19.04,42.64,11.17,9.9,21.07,6.0,9.0,10.0,5.0,1.0,3.0,1.0,2.5,141.00421624041036,141.00421624041036,70.71209787269733,141.42419574539466,26.093040431075014,27.06528470187964,22.02231031899256,21.81894729782584,23.282936324896234,23.448606770947496,29.399560106400703,31.07740599404874,106.57990224899285,106.57990224899285,53.1929924801353,106.3859849602706,0.9991753458970605,2.3876481060476644,2.946365486296704,3.69852251009255,2.3838526660420705,3.534264594298192,-0.5606613833996488,1.2512438846737437,23.0,16.0,5.0,39.0,44.0,44.0
MUNICERCA 5,2025-03-26,0.42857142857142855,37.714285714285715,-63.21550907142858,-32.41449338571429,1693.0248528411887,150.6386845343969,1677.7371821495083,23.90858234904918,17.741498859283375,12.72999133840373,14.69543280138136,21.762360182708942,4.03212774335781,-1.864928375790141,-0.9927242108381984,-0.9184402958718648,-2.6500750037679883,7,15494,663.789366,834.81,2302.45,3548.26,23.341741813923544,78.99,20.29,0.72,0,0,34.53,31.65,2.88,38.64,34.85,3.79,1.17,7.0,15.56,17.9,27.63,10.89,19.84,98.56,81.29,100.0,100.0,50.76,49.24,2.03,4.57,6.6,6.85,7.61,14.46,7.11,8.12,15.23,23.6,19.04,42.64,11.17,9.9,21.07,15.0,16.0,19.0,10.0,5.0,1.0,3.0,4.75,121.43903056490592,121.43903056490592,131.22162340265814,262.4432468053163,20.587427460677823,23.34023394587642,15.470966663989675,18.74663849149112,17.04535761526207,20.164146970079152,25.240470438251762,27.32001527232623,62.43086637473685,62.43086637473685,84.50538431186484,169.0107686237297,-1.4347353285609983,-0.2177799913319689,-0.3956472877993339,1.275359099248685,-1.1437323505582417,0.6200601577419148,-1.3044092546735853,-0.932535319036617,35.0,23.0,16.0,58.0,74.0,74.0
MUNICERCA 5,2025-04-09,0.3333333333333333,16.0,-63.217796166666666,-32.416681866666664,1308.1092233252277,336.0851642963334,1890.765849403506,0.04435924175235847,18.898299288586724,13.476995093411889,14.683250558248451,24.92780418870473,-7.593812280021962,0.5094659247358149,0.5052050975826244,0.22696032025655302,1.5250822467921143,3,15494,663.789366,834.81,2302.45,3548.26,23.341741813923544,78.99,20.29,0.72,0,0,34.53,31.65,2.88,38.64,34.85,3.79,1.17,7.0,15.56,17.9,27.63,10.89,19.84,98.56,81.29,100.0,100.0,50.76,49.24,2.03,4.57,6.6,6.85,7.61,14.46,7.11,8.12,15.23,23.6,19.04,42.64,11.17,9.9,21.07,17.0,22.0,23.0,7.0,10.0,5.0,1.0,5.75,23.90858234904918,23.90858234904918,72.67380645697754,145.3476129139551,17.741498859283375,19.1644631599806,12.72999133840373,14.100479001196703,14.69543280138136,15.870395208321714,21.762360182708942,23.501415310480347,4.03212774335781,4.03212774335781,33.23149705904733,66.46299411809466,-1.864928375790141,-1.6498318521755695,-0.9927242108381984,-0.6941857493187662,-0.9184402958718648,-1.031086323215053,-2.6500750037679883,-1.977242129220787,16.0,35.0,23.0,51.0,74.0,74.0
MUNICERCA 5,2025-04-23,0.4,36.2,-63.22064706,-32.41599268,1285.3069271755444,309.953117708642,2162.062398624194,4.746934587496584,18.08260939688433,11.901247927407214,12.809311909862434,24.168543015488186,-4.040617595094781,1.479700168877332,1.8685559427007596,0.4872220661124354,2.232496737276379,5,15494,663.789366,834.81,2302.45,3548.26,23.341741813923544,78.99,20.29,0.72,0,0,34.53,31.65,2.88,38.64,34.85,3.79,1.17,7.0,15.56,17.9,27.63,10.89,19.84,98.56,81.29,100.0,100.0,50.76,49.24,2.03,4.57,6.6,6.85,7.61,14.46,7.11,8.12,15.23,23.6,19.04,42.64,11.17,9.9,21.07,10.0,20.0,25.0,3.0,7.0,10.0,5.0,6.25,0.04435924175235847,0.04435924175235847,11.976470795400768,23.952941590801537,18.898299288586724,18.319899073935048,13.476995093411889,13.10349321590781,14.683250558248451,14.689341679814905,24.92780418870473,23.345082185706833,-7.593812280021962,-7.593812280021962,-1.780842268332076,-3.561684536664152,0.5094659247358149,-0.677731225527163,0.5052050975826244,-0.24375955662778698,0.22696032025655302,-0.34573998780765547,1.5250822467921143,-0.562496378487937,10.0,16.0,35.0,26.0,61.0,61.0
MUNICERCA 5,2025-05-07,0.6666666666666666,29.333333333333332,-63.212042700000005,-32.41298236666667,2030.7906952737505,89.91576184438175,1394.477814327068,7.099310642468869,18.802102815543545,16.18603430895504,15.107454087398077,23.52523905506058,1.164948622368722,3.4918635252354733,6.204238418712076,4.055243484461155,3.07161560128454,3,15494,663.789366,834.81,2302.45,3548.26,23.341741813923544,78.99,20.29,0.72,0,0,34.53,31.65,2.88,38.64,34.85,3.79,1.17,7.0,15.56,17.9,27.63,10.89,19.84,98.56,81.29,100.0,100.0,50.76,49.24,2.03,4.57,6.6,6.85,7.61,14.46,7.11,8.12,15.23,23.6,19.04,42.64,11.17,9.9,21.07,8.0,15.0,25.0,5.0,3.0,7.0,10.0,6.25,4.746934587496584,4.746934587496584,2.3956469146244714,4.791293829248943,18.08260939688433,18.490454342735525,11.901247927407214,12.689121510409551,12.809311909862434,13.746281234055441,24.168543015488186,24.548173602096455,-4.040617595094781,-4.040617595094781,-5.817214937558371,-11.634429875116743,1.479700168877332,0.9945830468065734,1.8685559427007596,1.186880520141692,0.4872220661124354,0.35709119318449467,2.232496737276379,1.878789492034247,14.0,10.0,16.0,24.0,40.0,40.0
ZONA CENTRAL,2023-12-20,1.0,40.5,-63.25301845,-32.408478099999996,954.234853300007,130.273769853462,3267.6533154763597,7.324839140197286,23.71715302286981,12.558650512305677,19.11070280184569,28.668854625493616,4.920497790198177,-3.347270114371132,-1.8927048125454653,-1.9324337948339976,-4.421523182123572,2,27066,514.254671,18.96,741.16,2034.07,52.63151027363249,92.64,7.36,0.0,0,0,5.19,4.76,0.43,7.09,6.48,0.61,0.81,2.43,10.0,9.46,27.84,10.81,38.65,99.57,98.7,100.0,99.57,56.39,43.61,3.65,1.42,5.07,4.06,4.46,8.52,4.67,2.84,7.51,19.88,18.65,38.53,24.14,16.23,40.37,,,,,,,,,7.324839140197286,7.324839140197286,53.37838539002687,106.75677078005374,23.71715302286981,24.258333556231037,12.558650512305677,15.033063997435828,19.11070280184569,19.909934121162618,28.668854625493616,28.731555736284086,4.920497790198177,4.920497790198177,42.18935396625885,84.3787079325177,-3.347270114371132,-2.928123071084906,-1.8927048125454653,0.7532975583958663,-1.9324337948339976,-1.1939418759525373,-4.421523182123572,-4.393671848035773,0.0,,,,,
ZONA CENTRAL,2024-01-03,0.2857142857142857,29.142857142857142,-63.245343285714284,-32.416021185714285,628.4216755071549,58.54382043420479,3655.4128035484187,99.43193163985646,24.799514089592268,17.507477482565978,20.709165440479545,28.79425684707456,79.45821014231952,-2.5089760277986803,3.399299929337198,-0.455449957071077,-4.365820513947972,7,27066,514.254671,18.96,741.16,2034.07,52.63151027363249,92.64,7.36,0.0,0,0,5.19,4.76,0.43,7.09,6.48,0.61,0.81,2.43,10.0,9.46,27.84,10.81,38.65,99.57,98.7,100.0,99.57,56.39,43.61,3.65,1.42,5.07,4.06,4.46,8.52,4.67,2.84,7.51,19.88,18.65,38.53,24.14,16.23,40.37,,,,2.0,,,,,7.324839140197286,7.324839140197286,53.37838539002687,106.75677078005374,23.71715302286981,24.258333556231037,12.558650512305677,15.033063997435828,19.11070280184569,19.909934121162618,28.668854625493616,28.731555736284086,4.920497790198177,4.920497790198177,42.18935396625885,84.3787079325177,-3.347270114371132,-2.928123071084906,-1.8927048125454653,0.7532975583958663,-1.9324337948339976,-1.1939418759525373,-4.421523182123572,-4.393671848035773,3.0,0.0,,3.0,,
ZONA CENTRAL,2024-01-17,0.4,39.8,-63.24592252,-32.41215696,878.8886885337482,125.55452579979797,3368.422704389678,7.679133086049203,24.474701609195424,16.125007086544677,18.65847817280624,30.206369022039535,-32.50257109192655,-2.0340177397120436,-1.5818476224447822,-2.6463566108386645,-1.5885203735380315,5,27066,514.254671,18.96,741.16,2034.07,52.63151027363249,92.64,7.36,0.0,0,0,5.19,4.76,0.43,7.09,6.48,0.61,0.81,2.43,10.0,9.46,27.84,10.81,38.65,99.57,98.7,100.0,99.57,56.39,43.61,3.65,1.42,5.07,4.06,4.46,8.52,4.67,2.84,7.51,19.88,18.65,38.53,24.14,16.23,40.37,9.0,,,7.0,2.0,,,,99.43193163985646,99.43193163985646,53.37838539002687,106.75677078005374,24.799514089592268,24.258333556231037,17.507477482565978,15.033063997435828,20.709165440479545,19.909934121162618,28.79425684707456,28.731555736284086,79.45821014231952,79.45821014231952,42.18935396625885,84.3787079325177,-2.5089760277986803,-2.928123071084906,3.399299929337198,0.7532975583958663,-0.455449957071077,-1.1939418759525373,-4.365820513947972,-4.393671848035773,5.0,3.0,0.0,8.0,8.0,8.0
ZONA CENTRAL,2024-01-31,0.4583333333333333,47.666666666666664,-63.24517895416667,-32.41577194166667,749.6649225937625,126.16403798309285,3549.8428946254558,353.7284257838283,26.737744637153202,20.38992289859889,22.56829360256987,32.32130347190562,271.38051568200814,1.5425494976895864,2.8257384369939103,2.3327244247101975,1.6471254382484497,24,27066,514.254671,18.96,741.16,2034.07,52.63151027363249,92.64,7.36,0.0,0,0,5.19,4.76,0.43,7.09,6.48,0.61,0.81,2.43,10.0,9.46,27.84,10.81,38.65,99.57,98.7,100.0,99.57,56.39,43.61,3.65,1.42,5.07,4.06,4.46,8.52,4.67,2.84,7.51,19.88,18.65,38.53,24.14,16.23,40.37,12.0,14.0,,5.0,7.0,2.0,,,7.679133086049203,7.679133086049203,53.55553236295283,107.11106472590566,24.474701609195424,24.637107849393846,16.125007086544677,16.81624228455533,18.65847817280624,19.683821806642893,30.206369022039535,29.500312934557048,-32.50257109192655,-32.50257109192655,23.477819525196484,46.95563905039297,-2.0340177397120436,-2.271496883755362,-1.5818476224447822,0.9087261534462079,-2.6463566108386645,-1.5509032839548706,-1.5885203735380315,-2.977170443743002,11.0,5.0,3.0,16.0,19.0,19.0
ZONA CENTRAL,2024-02-14,0.40625,41.3125,-63.245522453125,-32.413058390625,846.7785933784231,168.91192817157847,3557.8117868642107,60.99539478209339,22.87564962987442,17.576807256126013,18.7310417295963,27.5924703225569,18.26221288021822,-0.8712220408750293,0.6224982273871108,-0.27268482696972524,-1.4698281766564272,32,27066,514.254671,18.96,741.16,2034.07,52.63151027363249,92.64,7.36,0.0,0,0,5.19,4.76,0.43,7.09,6.48,0.61,0.81,2.43,10.0,9.46,27.84,10.81,38.65,99.57,98.7,100.0,99.57,56.39,43.61,3.65,1.42,5.07,4.06,4.46,8.52,4.67,2.84,7.51,19.88,18.65,38.53,24.14,16.23,40.37,29.0,36.0,38.0,24.0,5.0,7.0,2.0,9.5,353.7284257838283,353.7284257838283,180.70377943493875,361.4075588698775,26.737744637153202,25.606223123174313,20.38992289859889,18.257464992571784,22.56829360256987,20.613385887688054,32.32130347190562,31.26383624697258,271.38051568200814,271.38051568200814,119.4389722950408,238.8779445900816,1.5425494976895864,-0.2457341210112286,2.8257384369939103,0.621945407274564,2.3327244247101975,-0.15681609306423372,1.6471254382484497,0.029302532355209077,54.0,11.0,5.0,65.0,70.0,70.0
ZONA CENTRAL,2024-02-28,0.38095238095238093,44.23809523809524,-63.244836397619046,-32.41373276190476,843.552128662691,146.50078466348901,3545.525316787896,23.67887591846117,24.75644805790823,19.749350124698875,20.75279557260741,29.94300192807678,-48.8768368438976,0.36562912243320883,1.7038422143084977,0.5920270818615028,0.5677656025352809,42,27066,514.254671,18.96,741.16,2034.07,52.63151027363249,92.64,7.36,0.0,0,0,5.19,4.76,0.43,7.09,6.48,0.61,0.81,2.43,10.0,9.46,27.84,10.81,38.65,99.57,98.7,100.0,99.57,56.39,43.61,3.65,1.42,5.07,4.06,4.46,8.52,4.67,2.84,7.51,19.88,18.65,38.53,24.14,16.23,40.37,56.0,61.0,68.0,32.0,24.0,5.0,7.0,17.0,60.99539478209339,60.99539478209339,207.36191028296085,414.7238205659217,22.87564962987442,24.80669713351381,17.576807256126013,18.98336507736245,18.7310417295963,20.649667666083083,27.5924703225569,29.95688689723126,18.26221288021822,18.26221288021822,144.82136428111318,289.64272856222635,-0.8712220408750293,0.33566372840727854,0.6224982273871108,1.7241183321905105,-0.27268482696972524,1.030019798870236,-1.4698281766564272,0.08864863079601126,40.0,54.0,11.0,94.0,105.0,105.0
ZONA CENTRAL,2024-03-13,0.47297297297297297,44.13513513513514,-63.24460348648649,-32.41311661216216,830.058242593656,155.72705013316525,3464.7777102283594,61.31113890245433,22.55411805427825,16.923414900254294,18.843359785418013,27.225782404103928,-6.747907024923271,1.1783671563237146,1.2739060754619451,1.1136517295838573,1.4184520726738616,74,27066,514.254671,18.96,741.16,2034.07,52.63151027363249,92.64,7.36,0.0,0,0,5.19,4.76,0.43,7.09,6.48,0.61,0.81,2.43,10.0,9.46,27.84,10.81,38.65,99.57,98.7,100.0,99.57,56.39,43.61,3.65,1.42,5.07,4.06,4.46,8.52,4.67,2.84,7.51,19.88,18.65,38.53,24.14,16.23,40.37,74.0,98.0,103.0,42.0,32.0,24.0,5.0,25.75,23.67887591846117,23.67887591846117,42.33713535027728,84.67427070055456,24.75644805790823,23.816048843891323,19.749350124698875,18.66307869041244,20.75279557260741,19.741918651101855,29.94300192807678,28.767736125316837,-48.8768368438976,-48.8768368438976,-15.307311981839689,-30.614623963679378,0.36562912243320883,-0.2527964592209102,1.7038422143084977,1.1631702208478043,0.5920270818615028,0.15967112744588852,0.5677656025352809,-0.45103128706057316,85.0,40.0,54.0,125.0,179.0,179.0
ZONA CENTRAL,2024-03-27,0.4717741935483871,34.26209677419355,-63.24590638830645,-32.41449245443548,678.5036841041465,127.07186941457724,3613.5792477832847,39.41419144410833,20.421918802177764,14.887999642735647,16.307986548252295,25.257442052160513,22.255330421572932,1.3605069676455528,2.119510061709591,1.4195104779712961,1.3345358013948407,248,27066,514.254671,18.96,741.16,2034.07,52.63151027363249,92.64,7.36,0.0,0,0,5.19,4.76,0.43,7.09,6.48,0.61,0.81,2.43,10.0,9.46,27.84,10.81,38.65,99.57,98.7,100.0,99.57,56.39,43.61,3.65,1.42,5.07,4.06,4.46,8.52,4.67,2.84,7.51,19.88,18.65,38.53,24.14,16.23,40.37,116.0,148.0,172.0,74.0,42.0,32.0,24.0,43.0,61.31113890245433,61.31113890245433,42.495007410457745,84.99001482091549,22.55411805427825,23.65528305609324,16.923414900254294,18.336382512476582,18.843359785418013,19.798077679012714,27.225782404103928,28.584392166090353,-6.747907024923271,-6.747907024923271,-27.812371934410436,-55.62474386882087,1.1783671563237146,0.7719981393784617,1.2739060754619451,1.4888741448852216,1.1136517295838573,0.8528394057226798,1.4184520726738616,0.9931088376045712,148.0,85.0,40.0,233.0,273.0,273.0
ZONA CENTRAL,2024-04-10,0.4126984126984127,44.34920634920635,-63.24444988095238,-32.41568055079365,637.994543857546,129.25028000393257,3660.1720033710676,67.61315083136094,16.445863679959096,12.339471234938447,13.74578839199324,19.824071732199524,27.800389542060067,-1.421621666826623,-0.2482076637669287,-0.3775504937093319,-2.424955193023692,63,27066,514.254671,18.96,741.16,2034.07,52.63151027363249,92.64,7.36,0.0,0,0,5.19,4.76,0.43,7.09,6.48,0.61,0.81,2.43,10.0,9.46,27.84,10.81,38.65,99.57,98.7,100.0,99.57,56.39,43.61,3.65,1.42,5.07,4.06,4.46,8.52,4.67,2.84,7.51,19.88,18.65,38.53,24.14,16.23,40.37,322.0,364.0,396.0,248.0,74.0,42.0,32.0,99.0,39.41419144410833,39.41419144410833,50.36266517328133,100.72533034656266,20.421918802177764,21.488018428228006,14.887999642735647,15.905707271494968,16.307986548252295,17.575673166835152,25.257442052160513,26.24161222813222,22.255330421572932,22.255330421572932,7.75371169832483,15.50742339664966,1.3605069676455528,1.2694370619846338,2.119510061709591,1.6967080685857683,1.4195104779712961,1.2665811037775765,1.3345358013948407,1.3764939370343512,657.0,148.0,85.0,805.0,890.0,890.0
ZONA CENTRAL,2024-04-24,0.5714285714285714,35.666666666666664,-63.24150902857142,-32.418007585714285,511.32980081850076,91.11411162357074,3704.368061861546,3.335468927888839,15.67472595352429,10.58994849187118,12.91166820957857,20.27450703419529,-1.9583452366840364,-1.71957543270844,-1.413971661716404,-0.7728281179780591,-1.8988995929955137,21,27066,514.254671,18.96,741.16,2034.07,52.63151027363249,92.64,7.36,0.0,0,0,5.19,4.76,0.43,7.09,6.48,0.61,0.81,2.43,10.0,9.46,27.84,10.81,38.65,99.57,98.7,100.0,99.57,56.39,43.61,3.65,1.42,5.07,4.06,4.46,8.52,4.67,2.84,7.51,19.88,18.65,38.53,24.14,16.23,40.37,311.0,385.0,427.0,63.0,248.0,74.0,42.0,106.75,67.61315083136094,67.61315083136094,53.51367113773463,107.02734227546927,16.445863679959096,18.43389124106843,12.339471234938447,13.613735438837045,13.74578839199324,15.026887470122768,19.824071732199524,22.54075689218002,27.800389542060067,27.800389542060067,25.027859981816498,50.055719963632995,-1.421621666826623,-0.030557349590535132,-0.2482076637669287,0.9356511989713312,-0.3775504937093319,0.5209799921309819,-2.424955193023692,-0.5452096958144256,133.0,657.0,148.0,790.0,938.0,938.0
ZONA CENTRAL,2024-05-08,0.5,61.5,-63.2487773,-32.4074101,1207.0717282168202,204.96720676420597,3121.0104506215425,0.0,10.629411033298725,6.038407389781081,7.0298247681294965,15.998177615061753,-8.866485202064117,-1.9311918329800313,-2.186561647592779,-2.21770330804238,-1.0424012694868607,2,27066,514.254671,18.96,741.16,2034.07,52.63151027363249,92.64,7.36,0.0,0,0,5.19,4.76,0.43,7.09,6.48,0.61,0.81,2.43,10.0,9.46,27.84,10.81,38.65,99.57,98.7,100.0,99.57,56.39,43.61,3.65,1.42,5.07,4.06,4.46,8.52,4.67,2.84,7.51,19.88,18.65,38.53,24.14,16.23,40.37,84.0,332.0,406.0,21.0,63.0,248.0,74.0,101.5,3.335468927888839,3.335468927888839,35.47430987962489,70.94861975924978,15.67472595352429,16.060294816741692,10.58994849187118,11.464709863404812,12.91166820957857,13.328728300785905,20.27450703419529,20.049289383197408,-1.9583452366840364,-1.9583452366840364,12.921022152688016,25.84204430537603,-1.71957543270844,-1.5705985497675314,-1.413971661716404,-0.8310896627416664,-0.7728281179780591,-0.5751893058436957,-1.8988995929955137,-2.161927393009603,35.0,133.0,657.0,168.0,825.0,825.0
ZONA CENTRAL,2024-08-14,1.0,24.0,-63.2619519,-32.4132532,379.6264062623958,326.35741124518717,3859.902937002956,8.581909588059748,6.842134959029633,1.4012077154282798,1.8691102321231148,11.254685892710052,7.348288439946587,-4.420347090700456,1.1139654353159074,-3.8887795790748014,-5.649654385067726,1,27066,514.254671,18.96,741.16,2034.07,52.63151027363249,92.64,7.36,0.0,0,0,5.19,4.76,0.43,7.09,6.48,0.61,0.81,2.43,10.0,9.46,27.84,10.81,38.65,99.57,98.7,100.0,99.57,56.39,43.61,3.65,1.42,5.07,4.06,4.46,8.52,4.67,2.84,7.51,19.88,18.65,38.53,24.14,16.23,40.37,23.0,86.0,334.0,2.0,21.0,63.0,248.0,83.5,0.0,0.0,1.6677344639444196,3.335468927888839,10.629411033298725,13.152068493411507,6.038407389781081,8.314177940826129,7.0298247681294965,9.970746488854033,15.998177615061753,18.136342324628522,-8.866485202064117,-8.866485202064117,-5.412415219374077,-10.824830438748155,-1.9311918329800313,-1.8253836328442357,-2.186561647592779,-1.8002666546545916,-2.21770330804238,-1.4952657130102196,-1.0424012694868607,-1.4706504312411872,0.0,1.0,0.0,1.0,1.0,1.0
ZONA CENTRAL,2024-08-28,1.0,48.0,-63.2525711,-32.412487,536.8764873419441,81.29291355975172,3662.493034035661,0.0,17.342541674769322,4.070028360100917,12.201506126478394,23.10741197605095,-0.21594543020344442,3.1957061780787805,-0.5802239973555028,2.716193219577353,3.2672413488808134,1,27066,514.254671,18.96,741.16,2034.07,52.63151027363249,92.64,7.36,0.0,0,0,5.19,4.76,0.43,7.09,6.48,0.61,0.81,2.43,10.0,9.46,27.84,10.81,38.65,99.57,98.7,100.0,99.57,56.39,43.61,3.65,1.42,5.07,4.06,4.46,8.52,4.67,2.84,7.51,19.88,18.65,38.53,24.14,16.23,40.37,3.0,24.0,87.0,1.0,2.0,21.0,63.0,21.75,8.581909588059748,8.581909588059748,4.290954794029874,8.581909588059748,6.842134959029633,8.73577299616418,1.4012077154282798,3.7198075526046783,1.8691102321231148,4.449467500126306,11.254685892710052,13.626431753885903,7.348288439946587,7.348288439946587,-0.7590983810587661,-1.5181967621175323,-4.420347090700456,-3.1757694618402432,1.1139654353159074,-0.5362981061384359,-3.8887795790748014,-3.0532414435585906,-5.649654385067726,-3.346027827277293,0.0,0.0,1.0,0.0,1.0,1.0
ZONA CENTRAL,2024-09-25,1.0,55.0,-63.2391242,-32.4203358,226.75022107944557,125.71251283683279,3908.8608592997666,68.71476479184777,19.925101585971042,14.449063902978125,18.539513684259138,23.403067294437978,52.61630262297671,1.653248271465361,7.497007379151738,5.934927400893254,-1.4974462485850253,1,27066,514.254671,18.96,741.16,2034.07,52.63151027363249,92.64,7.36,0.0,0,0,5.19,4.76,0.43,7.09,6.48,0.61,0.81,2.43,10.0,9.46,27.84,10.81,38.65,99.57,98.7,100.0,99.57,56.39,43.61,3.65,1.42,5.07,4.06,4.46,8.52,4.67,2.84,7.51,19.88,18.65,38.53,24.14,16.23,40.37,2.0,4.0,25.0,1.0,1.0,2.0,21.0,6.25,0.0,0.0,4.290954794029874,8.581909588059748,17.342541674769322,12.092338316899479,4.070028360100917,2.7356180377645964,12.201506126478394,7.035308179300754,23.10741197605095,17.1810489343805,-0.21594543020344442,-0.21594543020344442,3.5661715048715714,7.132343009743143,3.1957061780787805,-0.6123204563108375,-0.5802239973555028,0.2668707189802023,2.716193219577353,-0.5862931797487245,3.2672413488808134,-1.1912065180934563,1.0,0.0,0.0,1.0,1.0,1.0
ZONA CENTRAL,2024-10-09,0.3333333333333333,48.0,-63.24478306666666,-32.4176268,484.03645238560597,153.89234990330246,3657.103976130469,1.8292668715968095,20.847646885289592,12.540365375627289,14.836672039871026,27.89248311947777,-20.041311934374175,1.5953443622770784,3.717548291765197,1.6206553411043867,1.8548478813954492,3,27066,514.254671,18.96,741.16,2034.07,52.63151027363249,92.64,7.36,0.0,0,0,5.19,4.76,0.43,7.09,6.48,0.61,0.81,2.43,10.0,9.46,27.84,10.81,38.65,99.57,98.7,100.0,99.57,56.39,43.61,3.65,1.42,5.07,4.06,4.46,8.52,4.67,2.84,7.51,19.88,18.65,38.53,24.14,16.23,40.37,2.0,3.0,5.0,1.0,1.0,1.0,2.0,1.25,68.71476479184777,68.71476479184777,34.357382395923885,68.71476479184777,19.925101585971042,18.633821630370186,14.449063902978125,9.259546131539519,18.539513684259138,15.370509905368767,23.403067294437978,23.255239635244465,52.61630262297671,52.61630262297671,26.200178596386635,52.40035719277327,1.653248271465361,2.4244772247720703,7.497007379151738,3.458391690898118,5.934927400893254,4.3255603102353035,-1.4974462485850253,0.8848975501478936,3.0,1.0,0.0,4.0,4.0,4.0
ZONA CENTRAL,2024-11-06,0.0,42.0,-63.2507468,-32.4195686,342.7158531422098,148.05820758629272,4162.8318113776595,0.02127662511878592,26.867620975806695,13.517738785804065,20.354219805783135,33.20378585177261,-10.759297500636379,3.649349773295437,1.9940427870824124,2.613406444509265,3.841710046108548,1,27066,514.254671,18.96,741.16,2034.07,52.63151027363249,92.64,7.36,0.0,0,0,5.19,4.76,0.43,7.09,6.48,0.61,0.81,2.43,10.0,9.46,27.84,10.81,38.65,99.57,98.7,100.0,99.57,56.39,43.61,3.65,1.42,5.07,4.06,4.46,8.52,4.67,2.84,7.51,19.88,18.65,38.53,24.14,16.23,40.37,4.0,5.0,6.0,3.0,1.0,1.0,1.0,1.5,1.8292668715968095,1.8292668715968095,35.27201583172229,70.54403166344458,20.847646885289592,20.38637423563032,12.540365375627289,13.494714639302705,14.836672039871026,16.688092862065083,27.89248311947777,25.647775206957874,-20.041311934374175,-20.041311934374175,16.28749534430127,32.57499068860254,1.5953443622770784,1.6242963168712192,3.717548291765197,5.607277835458468,1.6206553411043867,3.7777913709988202,1.8548478813954492,0.17870081640521152,1.0,0.0,3.0,1.0,4.0,4.0
ZONA CENTRAL,2025-01-15,1.0,73.0,-63.2394721,-32.4137035,932.9139361529116,286.7592692808355,3935.2152693389867,12.483930878819836,22.96437058029236,15.649290514391744,19.060973678618623,27.58563673340997,2.685323435772463,-0.7466961425775145,-0.20367628239242863,-0.13183529006162387,-1.2486415549317331,1,27066,514.254671,18.96,741.16,2034.07,52.63151027363249,92.64,7.36,0.0,0,0,5.19,4.76,0.43,7.09,6.48,0.61,0.81,2.43,10.0,9.46,27.84,10.81,38.65,99.57,98.7,100.0,99.57,56.39,43.61,3.65,1.42,5.07,4.06,4.46,8.52,4.67,2.84,7.51,19.88,18.65,38.53,24.14,16.23,40.37,4.0,5.0,6.0,1.0,3.0,1.0,1.0,1.5,0.02127662511878592,0.02127662511878592,0.9252717483577977,1.8505434967155954,26.867620975806695,23.857633930548147,13.517738785804065,13.029052080715676,20.354219805783135,17.595445922827082,33.20378585177261,30.54813448562519,-10.759297500636379,-10.759297500636379,-15.400304717505277,-30.800609435010553,3.649349773295437,2.622347067786257,1.9940427870824124,2.8557955394238044,2.613406444509265,2.1170308928068255,3.841710046108548,2.8482789637519983,4.0,5.0,1.0,9.0,10.0,10.0
ZONA CENTRAL,2025-01-29,1.0,33.5,-63.25119015,-32.411946,671.8244636586298,142.36949723123539,3605.2548411419643,6.633610879583357,25.067540278895386,19.429040505592013,20.15767004488608,30.833532543216393,-23.42693997883851,0.1885633722249215,2.7414324648883457,1.2274183087749702,-0.28630659523846935,2,27066,514.254671,18.96,741.16,2034.07,52.63151027363249,92.64,7.36,0.0,0,0,5.19,4.76,0.43,7.09,6.48,0.61,0.81,2.43,10.0,9.46,27.84,10.81,38.65,99.57,98.7,100.0,99.57,56.39,43.61,3.65,1.42,5.07,4.06,4.46,8.52,4.67,2.84,7.51,19.88,18.65,38.53,24.14,16.23,40.37,2.0,5.0,6.0,1.0,1.0,3.0,1.0,1.5,12.483930878819836,12.483930878819836,6.2526037519693105,12.505207503938621,22.96437058029236,24.915995778049528,15.649290514391744,14.583514650097904,19.060973678618623,19.707596742200877,27.58563673340997,30.39471129259129,2.685323435772463,2.685323435772463,-4.0369870324319574,-8.073974064863915,-0.7466961425775145,1.4513268153589607,-0.20367628239242863,0.8951832523449914,-0.13183529006162387,1.24078557722382,-1.2486415549317331,1.296534245588407,6.0,4.0,5.0,10.0,15.0,15.0
ZONA CENTRAL,2025-02-12,0.45454545454545453,34.45454545454545,-63.242854854545456,-32.414716109090904,709.7073921829772,148.31779703500206,3688.345809864783,31.89222008542202,26.108340885496272,19.82534610365677,21.84445081666107,31.491846914910695,-8.047464893741436,2.7829858855301826,3.164668301033848,3.1178550864093326,2.8322508320113893,11,27066,514.254671,18.96,741.16,2034.07,52.63151027363249,92.64,7.36,0.0,0,0,5.19,4.76,0.43,7.09,6.48,0.61,0.81,2.43,10.0,9.46,27.84,10.81,38.65,99.57,98.7,100.0,99.57,56.39,43.61,3.65,1.42,5.07,4.06,4.46,8.52,4.67,2.84,7.51,19.88,18.65,38.53,24.14,16.23,40.37,3.0,4.0,7.0,2.0,1.0,1.0,3.0,1.75,6.633610879583357,6.633610879583357,9.558770879201596,19.117541758403192,25.067540278895386,24.015955429593873,19.429040505592013,17.53916550999188,20.15767004488608,19.60932186175235,30.833532543216393,29.20958463831318,-23.42693997883851,-23.42693997883851,-10.370808271533024,-20.741616543066048,0.1885633722249215,-0.27906638517629695,2.7414324648883457,1.268878091247958,1.2274183087749702,0.5477915093566728,-0.28630659523846935,-0.7674740750851017,17.0,6.0,4.0,23.0,27.0,27.0
ZONA CENTRAL,2025-02-26,0.5789473684210527,34.1578947368421,-63.250212815789475,-32.41476131578947,627.7044208526486,97.59192286647884,3579.73827527721,244.24524869541347,23.995996886592135,19.224665568379628,20.149376233565846,28.89357895330682,186.48217421076467,-0.4779097988633638,1.2844796935745149,0.06707510823461406,-0.7113298437509301,19,27066,514.254671,18.96,741.16,2034.07,52.63151027363249,92.64,7.36,0.0,0,0,5.19,4.76,0.43,7.09,6.48,0.61,0.81,2.43,10.0,9.46,27.84,10.81,38.65,99.57,98.7,100.0,99.57,56.39,43.61,3.65,1.42,5.07,4.06,4.46,8.52,4.67,2.84,7.51,19.88,18.65,38.53,24.14,16.23,40.37,13.0,14.0,15.0,11.0,2.0,1.0,1.0,3.75,31.89222008542202,31.89222008542202,19.262915482502688,38.525830965005376,26.108340885496272,25.58794058219583,19.82534610365677,19.62719330462439,21.84445081666107,21.001060430773574,31.491846914910695,31.162689729063544,-8.047464893741436,-8.047464893741436,-15.737202436289973,-31.474404872579946,2.7829858855301826,1.4857746288775515,3.164668301033848,2.9530503829610963,3.1178550864093326,2.172636697592151,2.8322508320113893,1.2729721183864595,31.0,17.0,6.0,48.0,54.0,54.0
ZONA CENTRAL,2025-03-12,0.42857142857142855,31.666666666666668,-63.248802890476185,-32.41452558095238,670.7992240720874,137.04536232501192,3673.530277084589,76.55826370019088,20.82012587370085,15.684918145583119,17.16568491368906,25.356174999604747,-12.229827234280968,-1.3099247047445046,-0.6912159280880917,-1.2416395634108066,-1.2517255654064143,21,27066,514.254671,18.96,741.16,2034.07,52.63151027363249,92.64,7.36,0.0,0,0,5.19,4.76,0.43,7.09,6.48,0.61,0.81,2.43,10.0,9.46,27.84,10.81,38.65,99.57,98.7,100.0,99.57,56.39,43.61,3.65,1.42,5.07,4.06,4.46,8.52,4.67,2.84,7.51,19.88,18.65,38.53,24.14,16.23,40.37,30.0,32.0,33.0,19.0,11.0,2.0,1.0,8.25,244.24524869541347,244.24524869541347,138.06873439041775,276.1374687808355,23.995996886592135,25.052168886044207,19.224665568379628,19.5250058360182,20.149376233565846,20.996913525113456,28.89357895330682,30.19271293410876,186.48217421076467,186.48217421076467,89.21735465851162,178.43470931702325,-0.4779097988633638,1.152538043333409,1.2844796935745149,2.224573997304181,0.06707510823461406,1.592465097321973,-0.7113298437509301,1.0604604941302291,50.0,31.0,17.0,81.0,98.0,98.0
ZONA CENTRAL,2025-03-26,0.2857142857142857,57.42857142857143,-63.24858132857143,-32.414255971428574,606.3095880409095,103.55355895522568,3667.1037142426835,35.85371287056268,19.38426720458671,13.197254504506004,15.03230386068124,23.950154203888854,23.65527840575478,-0.2271803991536793,0.5967968725320095,-0.4505384787284793,-0.3103117753088118,7,27066,514.254671,18.96,741.16,2034.07,52.63151027363249,92.64,7.36,0.0,0,0,5.19,4.76,0.43,7.09,6.48,0.61,0.81,2.43,10.0,9.46,27.84,10.81,38.65,99.57,98.7,100.0,99.57,56.39,43.61,3.65,1.42,5.07,4.06,4.46,8.52,4.67,2.84,7.51,19.88,18.65,38.53,24.14,16.23,40.37,40.0,51.0,53.0,21.0,19.0,11.0,2.0,13.25,76.55826370019088,76.55826370019088,160.40175619780217,320.80351239560434,20.82012587370085,22.408061380146492,15.684918145583119,17.454791856981373,17.16568491368906,18.657530573627454,25.356174999604747,27.124876976455784,-12.229827234280968,-12.229827234280968,87.12617348824185,174.2523469764837,-1.3099247047445046,-0.8939172518039347,-0.6912159280880917,0.2966318827432111,-1.2416395634108066,-0.5872822275880967,-1.2517255654064143,-0.9815277045786727,53.0,50.0,31.0,103.0,134.0,134.0
ZONA CENTRAL,2025-04-09,0.0,33.75,-63.249076825,-32.410609275,835.3836593721492,230.75273960242652,3461.875388458293,25.583549644823126,17.78856433569038,13.317332498787557,14.18424540615128,21.710829053223193,-22.742057321392167,-0.044269325283062044,0.63408355768394,-0.19495601664602694,-0.16799174755805896,4,27066,514.254671,18.96,741.16,2034.07,52.63151027363249,92.64,7.36,0.0,0,0,5.19,4.76,0.43,7.09,6.48,0.61,0.81,2.43,10.0,9.46,27.84,10.81,38.65,99.57,98.7,100.0,99.57,56.39,43.61,3.65,1.42,5.07,4.06,4.46,8.52,4.67,2.84,7.51,19.88,18.65,38.53,24.14,16.23,40.37,28.0,47.0,58.0,7.0,21.0,19.0,11.0,14.5,35.85371287056268,35.85371287056268,56.205988285376776,112.41197657075355,19.38426720458671,20.102196539143783,13.197254504506004,14.441086325044562,15.03230386068124,16.09899438718515,23.950154203888854,24.653164601746802,23.65527840575478,23.65527840575478,5.712725585736905,11.42545117147381,-0.2271803991536793,-0.7685525519490924,0.5967968725320095,-0.04720952777804155,-0.4505384787284793,-0.8460890210696435,-0.3103117753088118,-0.7810186703576135,33.0,53.0,50.0,86.0,136.0,136.0
ZONA CENTRAL,2025-04-23,0.5,64.5,-63.244710125,-32.413113725,785.8107031515932,185.86065231341715,3509.005872582413,2.4932764578664273,17.423345967827945,10.63320809033821,11.965998858403854,23.72582194602022,-3.0059783825202673,0.33515145980521194,0.0902381654644332,-0.8139187102267877,1.230121364151732,4,27066,514.254671,18.96,741.16,2034.07,52.63151027363249,92.64,7.36,0.0,0,0,5.19,4.76,0.43,7.09,6.48,0.61,0.81,2.43,10.0,9.46,27.84,10.81,38.65,99.57,98.7,100.0,99.57,56.39,43.61,3.65,1.42,5.07,4.06,4.46,8.52,4.67,2.84,7.51,19.88,18.65,38.53,24.14,16.23,40.37,11.0,32.0,51.0,4.0,7.0,21.0,19.0,12.75,25.583549644823126,25.583549644823126,30.718631257692905,61.43726251538581,17.78856433569038,18.586415770138547,13.317332498787557,13.257293501646782,14.18424540615128,14.608274633416261,21.710829053223193,22.830491628556025,-22.742057321392167,-22.742057321392167,0.4566105421813056,0.9132210843626112,-0.044269325283062044,-0.1357248622183711,0.63408355768394,0.6154402151079743,-0.19495601664602694,-0.32274724768725355,-0.16799174755805896,-0.23915176143343583,13.0,33.0,53.0,46.0,99.0,99.0
ZONA CENTRAL,2025-05-07,0.0,44.5,-63.240191925,-32.418666375,380.8137453318616,96.50761300167594,4007.700971823286,1.4978415947019692,18.487700757950865,13.520292896807987,14.456750398990703,23.139822545736717,0.9373815515893771,3.4673046895897937,4.011011842999986,3.6404911419920056,3.0539852451182288,4,27066,514.254671,18.96,741.16,2034.07,52.63151027363249,92.64,7.36,0.0,0,0,5.19,4.76,0.43,7.09,6.48,0.61,0.81,2.43,10.0,9.46,27.84,10.81,38.65,99.57,98.7,100.0,99.57,56.39,43.61,3.65,1.42,5.07,4.06,4.46,8.52,4.67,2.84,7.51,19.88,18.65,38.53,24.14,16.23,40.37,8.0,15.0,36.0,4.0,4.0,7.0,21.0,9.0,2.4932764578664273,2.4932764578664273,14.038413051344776,28.07682610268955,17.423345967827945,17.605955151759165,10.63320809033821,11.975270294562883,11.965998858403854,13.075122132277567,23.72582194602022,22.718325499621706,-3.0059783825202673,-3.0059783825202673,-12.874017851956218,-25.748035703912436,0.33515145980521194,0.14544106726107447,0.0902381654644332,0.36216086157418614,-0.8139187102267877,-0.5044373634364078,1.230121364151732,0.531064808296836,14.0,13.0,33.0,27.0,60.0,60.0
