municerca,fecha_agg,sexo,edad_diagnostico,lon,lat,distancia_rio,distancia_verde_m,distancia_grande_m,tp,t2m,d2m,t2m_min,t2m_max,tp_anom,t2m_anom,d2m_anom,t2m_min_anom,t2m_max_anom,casos,Estimación poblacional,Superficie (Km cuadrados),Proximidad al río (m) (distancia mínima),Proximidad al río (m) (distancia al centroide),Proximidad al río (m) (distancia máxima),Densidad poblacional,CALMAT I,CALMAT II,CALMAT III,CALMAT IV,CALMAT V,Hogares Pobres,Hogares Pobres No Indigentes,Hogares Indigentes,Personas Pobres,Personas Pobres No Indigentes,Personas Indigentes,UNEA: Sin Instrucción,UNEA: Primario Incompleto,UNEA: Primario Completo,UNEA: Secundario Incompleto,UNEA: Secundario Completo,UNEA: Superior y/o Universitario Incompleto,UNEA: Superior y/o Universitario Completo,Acceso a Cloacas,Acceso a Gas de Red,Acceso a Agua de Red,Acceso a Electricidad,Mujeres (%),Varones (%),Mujeres de 0 a 6 años,Varones de 0 a 6 años,Personas de 0 a 6 años,Mujeres de 7 a 14 años,Varones de 7 a 14 años,Personas de 7 a 14 años,Mujeres de 15 a 24 años,Varones de 15 a 24 años,Personas de 15 a 24 años,Mujeres de 25 a 59 años,Varones de 25 a 59 años,Personas de 25 a 59 años,Mujeres de 60 años o más,Varones de 60 años o más,Personas de 60 años o más,casos_sum_2w,casos_sum_3w,casos_sum_4w,casos_lag_1,casos_lag_2,casos_lag_3,casos_lag_4,casos_ma_4,tp_mean_1w,tp_sum_1w,tp_mean_2w,tp_sum_2w,t2m_mean_1w,t2m_mean_2w,d2m_mean_1w,d2m_mean_2w,t2m_min_mean_1w,t2m_min_mean_2w,t2m_max_mean_1w,t2m_max_mean_2w,tp_anom_mean_1w,tp_anom_sum_1w,tp_anom_mean_2w,tp_anom_sum_2w,t2m_anom_mean_1w,t2m_anom_mean_2w,d2m_anom_mean_1w,d2m_anom_mean_2w,t2m_min_anom_mean_1w,t2m_min_anom_mean_2w,t2m_max_anom_mean_1w,t2m_max_anom_mean_2w,vec_lag1,vec_lag2,vec_lag3,vec_sum_2w,vec_sum_3w,Vecinos_total
CGC 1,2024-01,1.0,41.5,-63.2303152,-32.3960078,3059.782386196736,473.7358933927719,2347.6404694736234,0.013978593513271756,24.158699590713532,15.55841542860898,18.441833503021392,29.686771508492885,-7.3057156141076245,-2.934995550306743,-2.818390830546292,-3.2624958514010425,-2.760868683448147,2,4340,120.237673,2357.74,3151.33,3942.54,36.095176259773424,81.82,15.15,3.03,0,0,30.3,27.27,3.03,32.93,29.27,3.66,4.62,20.0,20.0,20.0,26.15,3.08,6.15,93.94,78.79,100.0,100.0,43.21,56.79,1.23,2.47,3.7,1.23,4.94,6.17,6.17,12.35,18.52,18.52,22.23,40.75,16.05,14.81,30.86,,,,,,,,,0.013978593513271756,0.013978593513271756,28.0689223571131,56.1378447142262,24.158699590713532,24.85431005201482,15.55841542860898,17.645380497726446,18.441833503021392,19.96959406394165,29.686771508492885,30.220892089523943,-7.3057156141076245,-7.3057156141076245,-0.9015889556858983,-1.8031779113717965,-2.934995550306743,-1.1225098686511814,-2.818390830546292,-0.5062088552698146,-3.2624958514010425,-1.0073022281241704,-2.760868683448147,-1.095879293610202,3.0,,,,,
CGC 1,2024-02,0.4166666666666667,30.166666666666668,-63.230487016666665,-32.39583230833333,3078.6086948488155,416.17067058871595,2338.9422310692703,56.123866120712925,25.54992051331611,19.73234556684391,21.497354624861902,30.755012670555,5.502537702735828,0.6899758130043804,1.8059731200066629,1.2478913951527015,0.5691100962277427,12,4340,120.237673,2357.74,3151.33,3942.54,36.095176259773424,81.82,15.15,3.03,0,0,30.3,27.27,3.03,32.93,29.27,3.66,4.62,20.0,20.0,20.0,26.15,3.08,6.15,93.94,78.79,100.0,100.0,43.21,56.79,1.23,2.47,3.7,1.23,4.94,6.17,6.17,12.35,18.52,18.52,22.23,40.75,16.05,14.81,30.86,,,,2.0,,,,,0.013978593513271756,0.013978593513271756,28.0689223571131,56.1378447142262,24.158699590713532,24.85431005201482,15.55841542860898,17.645380497726446,18.441833503021392,19.96959406394165,29.686771508492885,30.220892089523943,-7.3057156141076245,-7.3057156141076245,-0.9015889556858983,-1.8031779113717965,-2.934995550306743,-1.1225098686511814,-2.818390830546292,-0.5062088552698146,-3.2624958514010425,-1.0073022281241704,-2.760868683448147,-1.095879293610202,29.0,3.0,,32.0,,
CGC 1,2024-03,0.4666666666666667,35.01904761904762,-63.22787188190476,-32.39647975904762,3097.7412073785526,368.8251305366944,2518.72283295392,33.48080202058759,23.23302082988465,17.418674033107745,19.31953326780635,27.988712733107423,-6.460682901948026,1.9066430673979555,2.596505390024224,2.0135681049942655,2.033720128372387,105,4340,120.237673,2357.74,3151.33,3942.54,36.095176259773424,81.82,15.15,3.03,0,0,30.3,27.27,3.03,32.93,29.27,3.66,4.62,20.0,20.0,20.0,26.15,3.08,6.15,93.94,78.79,100.0,100.0,43.21,56.79,1.23,2.47,3.7,1.23,4.94,6.17,6.17,12.35,18.52,18.52,22.23,40.75,16.05,14.81,30.86,14.0,,,12.0,2.0,,,,56.123866120712925,56.123866120712925,28.0689223571131,56.1378447142262,25.54992051331611,24.85431005201482,19.73234556684391,17.645380497726446,21.497354624861902,19.96959406394165,30.755012670555,30.220892089523943,5.502537702735828,5.502537702735828,-0.9015889556858983,-1.8031779113717965,0.6899758130043804,-1.1225098686511814,1.8059731200066629,-0.5062088552698146,1.2478913951527015,-1.0073022281241704,0.5691100962277427,-1.095879293610202,115.0,29.0,3.0,144.0,147.0,147.0
CGC 1,2024-04,0.4472049689440994,29.229813664596275,-63.228466122360246,-32.39608396086956,3119.5343974078455,354.4045696370358,2453.218060286022,62.833905050738466,18.753845387776963,13.493203248518173,14.903481832265395,23.264456473223017,40.74491728827939,0.4767841838999941,1.3270748131266017,0.7832671359433094,0.01400107260998681,161,4340,120.237673,2357.74,3151.33,3942.54,36.095176259773424,81.82,15.15,3.03,0,0,30.3,27.27,3.03,32.93,29.27,3.66,4.62,20.0,20.0,20.0,26.15,3.08,6.15,93.94,78.79,100.0,100.0,43.21,56.79,1.23,2.47,3.7,1.23,4.94,6.17,6.17,12.35,18.52,18.52,22.23,40.75,16.05,14.81,30.86,117.0,119.0,,105.0,12.0,2.0,,,33.48080202058759,33.48080202058759,44.80233407065026,89.60466814130052,23.23302082988465,24.39147067160038,17.418674033107745,18.575509799975826,19.31953326780635,20.408443946334124,27.988712733107423,29.371862701831212,-6.460682901948026,-6.460682901948026,-0.47907259960609894,-0.9581451992121979,1.9066430673979555,1.298309440201168,2.596505390024224,2.2012392550154436,2.0135681049942655,1.6307297500734834,2.033720128372387,1.301415112300065,298.0,115.0,29.0,413.0,442.0,442.0
CGC 1,2024-05,0.0,30.25,-63.22619335,-32.3950273,3306.400342577072,288.00159585956845,2439.0016704894224,53.4388649152465,13.5496513012441,8.169845195975272,10.7494894003795,17.4680806571889,43.3175920384848,-1.9204165124172632,-0.5045300241645488,-0.5853487886395958,-2.9689247885033745,4,4340,120.237673,2357.74,3151.33,3942.54,36.095176259773424,81.82,15.15,3.03,0,0,30.3,27.27,3.03,32.93,29.27,3.66,4.62,20.0,20.0,20.0,26.15,3.08,6.15,93.94,78.79,100.0,100.0,43.21,56.79,1.23,2.47,3.7,1.23,4.94,6.17,6.17,12.35,18.52,18.52,22.23,40.75,16.05,14.81,30.86,266.0,278.0,280.0,161.0,105.0,12.0,2.0,70.0,62.833905050738466,62.833905050738466,48.15735353566303,96.31470707132605,18.753845387776963,20.993433108830807,13.493203248518173,15.45593864081296,14.903481832265395,17.111507550035874,23.264456473223017,25.62658460316522,40.74491728827939,40.74491728827939,17.14211719316568,34.28423438633136,0.4767841838999941,1.1917136256489749,1.3270748131266017,1.961790101575413,0.7832671359433094,1.3984176204687873,0.01400107260998681,1.023860600491187,415.0,298.0,115.0,713.0,828.0,828.0
CGC 1,2024-10,0.0,56.0,-63.2329478,-32.3980995,2765.5736616965473,616.7072152172404,2501.839113320787,0.0008647983777336776,21.37155008314954,12.475355059822757,14.412424201212946,29.030206028728458,-37.293629837439056,3.056721051523159,4.193371174322592,2.1854056329620786,3.4877645546616223,1,4340,120.237673,2357.74,3151.33,3942.54,36.095176259773424,81.82,15.15,3.03,0,0,30.3,27.27,3.03,32.93,29.27,3.66,4.62,20.0,20.0,20.0,26.15,3.08,6.15,93.94,78.79,100.0,100.0,43.21,56.79,1.23,2.47,3.7,1.23,4.94,6.17,6.17,12.35,18.52,18.52,22.23,40.75,16.05,14.81,30.86,165.0,270.0,282.0,4.0,161.0,105.0,12.0,70.5,53.4388649152465,53.4388649152465,58.13638498299248,116.27276996598496,13.5496513012441,16.15174834451053,8.169845195975272,10.831524222246722,10.7494894003795,12.826485616322447,17.4680806571889,20.366268565205957,43.3175920384848,43.3175920384848,42.03125466338209,84.06250932676419,-1.9204165124172632,-0.7218161642586345,-0.5045300241645488,0.4112723944810264,-0.5853487886395958,0.0989591736518568,-2.9689247885033745,-1.4774618579466938,0.0,0.0,1.0,0.0,1.0,1.0
CGC 1,2025-01,0.5,20.5,-63.227142099999995,-32.3985876,2895.172215398683,320.7429415595851,2763.286917218259,3.938514106608811,27.280003276200524,18.668567965093025,21.749855485050524,32.430259446828316,-1.7347345473565263,0.4833918990294118,0.44740848990272913,0.5574559605434567,0.306762437550969,2,4340,120.237673,2357.74,3151.33,3942.54,36.095176259773424,81.82,15.15,3.03,0,0,30.3,27.27,3.03,32.93,29.27,3.66,4.62,20.0,20.0,20.0,26.15,3.08,6.15,93.94,78.79,100.0,100.0,43.21,56.79,1.23,2.47,3.7,1.23,4.94,6.17,6.17,12.35,18.52,18.52,22.23,40.75,16.05,14.81,30.86,5.0,166.0,271.0,1.0,4.0,161.0,105.0,67.75,0.0008647983777336776,0.0008647983777336776,26.719864856812116,53.43972971362423,21.37155008314954,17.46060069219682,12.475355059822757,10.322600127899015,14.412424201212946,12.580956800796223,29.030206028728458,23.24914334295868,-37.293629837439056,-37.293629837439056,3.0119811005228705,6.023962201045741,3.056721051523159,0.568152269552948,4.193371174322592,1.8444205750790215,2.1854056329620786,0.8000284221612414,3.4877645546616223,0.2594198830791239,2.0,2.0,0.0,4.0,4.0,4.0
CGC 1,2025-03,0.25,20.5,-63.231211175,-32.3955106,3088.4874623245237,363.1321187288278,2271.5512530869432,2.6269143500955456,21.785154775478993,15.745313322117852,17.636634435085696,26.887533071397176,-21.225636099386133,0.23356093138312473,1.130977085799899,0.1586862674967209,0.6132927895503861,4,4340,120.237673,2357.74,3151.33,3942.54,36.095176259773424,81.82,15.15,3.03,0,0,30.3,27.27,3.03,32.93,29.27,3.66,4.62,20.0,20.0,20.0,26.15,3.08,6.15,93.94,78.79,100.0,100.0,43.21,56.79,1.23,2.47,3.7,1.23,4.94,6.17,6.17,12.35,18.52,18.52,22.23,40.75,16.05,14.81,30.86,3.0,7.0,168.0,2.0,1.0,4.0,161.0,42.0,3.938514106608811,3.938514106608811,1.9696894524932724,3.939378904986545,27.280003276200524,24.32577667967503,18.668567965093025,15.571961512457893,21.749855485050524,18.081139843131734,32.430259446828316,30.730232737778387,-1.7347345473565263,-1.7347345473565263,-19.51418219239779,-39.02836438479558,0.4833918990294118,1.7700564752762855,0.44740848990272913,2.3203898321126606,0.5574559605434567,1.3714307967527677,0.306762437550969,1.8972634961062957,10.0,1.0,2.0,11.0,13.0,13.0
CGC 1,2025-04,0.25,23.25,-63.226510475,-32.395250325,3275.44698035722,310.4868343594835,2464.603317998545,21.71394094186505,16.39783827753112,12.02425873417641,13.186577991534799,20.300280457464222,0.9166001967658259,-2.143985125509448,-1.1887738061714306,-1.2678100971153734,-2.9957256392697182,4,4340,120.237673,2357.74,3151.33,3942.54,36.095176259773424,81.82,15.15,3.03,0,0,30.3,27.27,3.03,32.93,29.27,3.66,4.62,20.0,20.0,20.0,26.15,3.08,6.15,93.94,78.79,100.0,100.0,43.21,56.79,1.23,2.47,3.7,1.23,4.94,6.17,6.17,12.35,18.52,18.52,22.23,40.75,16.05,14.81,30.86,6.0,7.0,11.0,4.0,2.0,1.0,4.0,2.75,2.6269143500955456,2.6269143500955456,3.2827142283521784,6.565428456704357,21.785154775478993,24.53257902583976,15.745313322117852,17.206940643605442,17.636634435085696,19.693244960068107,26.887533071397176,29.658896259112744,-21.225636099386133,-21.225636099386133,-11.48018532337133,-22.96037064674266,0.23356093138312473,0.3584764152062683,1.130977085799899,0.7891927878513141,0.1586862674967209,0.3580711140200888,0.6132927895503861,0.46002761355067756,21.0,10.0,1.0,31.0,32.0,32.0
CGC 1,2025-05,0.0,26.666666666666668,-63.23022726666667,-32.3943178,3242.368903337018,331.0110014596735,2175.007278496148,3.8647411014084256,18.84927951015638,16.111364344410962,15.98115875531834,22.488808687694405,0.017415458691691126,3.233679750736615,5.968685347159237,4.279749747433502,2.273569339459454,3,4340,120.237673,2357.74,3151.33,3942.54,36.095176259773424,81.82,15.15,3.03,0,0,30.3,27.27,3.03,32.93,29.27,3.66,4.62,20.0,20.0,20.0,26.15,3.08,6.15,93.94,78.79,100.0,100.0,43.21,56.79,1.23,2.47,3.7,1.23,4.94,6.17,6.17,12.35,18.52,18.52,22.23,40.75,16.05,14.81,30.86,8.0,10.0,11.0,4.0,4.0,2.0,1.0,2.75,21.71394094186505,21.71394094186505,12.170427645980299,24.340855291960597,16.39783827753112,19.091496526505058,12.02425873417641,13.884786028147133,13.186577991534799,15.411606213310247,20.300280457464222,23.5939067644307,0.9166001967658259,0.9166001967658259,-10.154517951310153,-20.309035902620305,-2.143985125509448,-0.9552120970631617,-1.1887738061714306,-0.028898360185765748,-1.2678100971153734,-0.5545619148093263,-2.9957256392697182,-1.191216424859666,15.0,21.0,10.0,36.0,46.0,46.0
CGC 2,2023-12,0.0,26.0,-63.2182796,-32.4179239,1150.8780808916094,377.3084215059235,1937.9044793258895,0.45073430663899655,26.978783928678233,11.649575127336798,21.51176301699137,32.06159282955161,0.3122652626233572,0.11062187949067918,-0.2542055449484937,1.3218877321606388,-0.7366919130156668,1,7820,705.9967019999999,21.95,1313.28,2166.36,11.076538994937119,68.35,21.52,10.13,0,0,40.51,34.18,6.33,50.55,44.65,5.9,0.6,6.63,14.46,29.52,28.92,7.23,12.65,81.01,55.7,91.14,98.73,53.14,46.86,4.43,3.69,8.12,7.38,9.96,17.34,7.38,7.01,14.39,26.2,18.08,44.28,7.75,8.12,15.87,,,,,,,,,0.45073430663899655,0.45073430663899655,0.22735087004690732,0.45470174009381464,26.978783928678233,26.18835224075663,11.649575127336798,13.582644284874098,21.51176301699137,20.47785094811198,32.06159282955161,31.75637912832704,0.3122652626233572,0.3122652626233572,-20.59961285893026,-41.19922571786052,0.11062187949067918,-0.565436481183246,-0.2542055449484937,-1.6793224582923867,1.3218877321606388,-0.3494538465628524,-0.7366919130156668,-0.6799052699486676,,,,,,
CGC 2,2024-01,0.75,18.5,-63.20619815,-32.4243539,1702.4015748308047,207.88687936004422,885.3425855799802,0.003967433454818092,25.39792055283502,15.515713442411398,19.443938879232583,31.451165427102474,-41.51149098048388,-1.2414948418571712,-3.1044393716362797,-2.0207954252863436,-0.6231186268816685,4,7820,705.9967019999999,21.95,1313.28,2166.36,11.076538994937119,68.35,21.52,10.13,0,0,40.51,34.18,6.33,50.55,44.65,5.9,0.6,6.63,14.46,29.52,28.92,7.23,12.65,81.01,55.7,91.14,98.73,53.14,46.86,4.43,3.69,8.12,7.38,9.96,17.34,7.38,7.01,14.39,26.2,18.08,44.28,7.75,8.12,15.87,,,,1.0,,,,,0.45073430663899655,0.45073430663899655,0.22735087004690732,0.45470174009381464,26.978783928678233,26.18835224075663,11.649575127336798,13.582644284874098,21.51176301699137,20.47785094811198,32.06159282955161,31.75637912832704,0.3122652626233572,0.3122652626233572,-20.59961285893026,-41.19922571786052,0.11062187949067918,-0.565436481183246,-0.2542055449484937,-1.6793224582923867,1.3218877321606388,-0.3494538465628524,-0.7366919130156668,-0.6799052699486676,4.0,,,,,
CGC 2,2024-02,0.3333333333333333,42.0,-63.21655666666667,-32.423488444444445,949.305199079372,292.8787061152959,1803.8347970807838,42.59849572174606,24.569761656579686,18.533221651019176,19.96871047537727,29.672415557103786,4.232039623238178,0.6609866448812818,1.7641282262015148,1.079581891634024,0.36369401003588586,9,7820,705.9967019999999,21.95,1313.28,2166.36,11.076538994937119,68.35,21.52,10.13,0,0,40.51,34.18,6.33,50.55,44.65,5.9,0.6,6.63,14.46,29.52,28.92,7.23,12.65,81.01,55.7,91.14,98.73,53.14,46.86,4.43,3.69,8.12,7.38,9.96,17.34,7.38,7.01,14.39,26.2,18.08,44.28,7.75,8.12,15.87,5.0,,,4.0,1.0,,,,0.003967433454818092,0.003967433454818092,0.22735087004690732,0.45470174009381464,25.39792055283502,26.18835224075663,15.515713442411398,13.582644284874098,19.443938879232583,20.47785094811198,31.451165427102474,31.75637912832704,-41.51149098048388,-41.51149098048388,-20.59961285893026,-41.19922571786052,-1.2414948418571712,-0.565436481183246,-3.1044393716362797,-1.6793224582923867,-2.0207954252863436,-0.3494538465628524,-0.6231186268816685,-0.6799052699486676,22.0,4.0,,26.0,,
CGC 2,2024-03,0.5066666666666667,37.653333333333336,-63.21175029333333,-32.42701575466667,1108.7693271741152,207.23909358421102,1492.5089143624512,20.603008560075043,23.391041066863544,17.832244780475637,19.422990564098452,28.331301258841673,-15.016837833191463,1.8665376330708674,2.566138391712491,1.9029921826603728,2.1463495896431755,75,7820,705.9967019999999,21.95,1313.28,2166.36,11.076538994937119,68.35,21.52,10.13,0,0,40.51,34.18,6.33,50.55,44.65,5.9,0.6,6.63,14.46,29.52,28.92,7.23,12.65,81.01,55.7,91.14,98.73,53.14,46.86,4.43,3.69,8.12,7.38,9.96,17.34,7.38,7.01,14.39,26.2,18.08,44.28,7.75,8.12,15.87,13.0,14.0,,9.0,4.0,1.0,,,42.59849572174606,42.59849572174606,21.30123157760044,42.60246315520088,24.569761656579686,24.983841104707352,18.533221651019176,17.024467546715286,19.96871047537727,19.706324677304927,29.672415557103786,30.56179049210313,4.232039623238178,4.232039623238178,-18.63972567862285,-37.2794513572457,0.6609866448812818,-0.2902540984879447,1.7641282262015148,-0.6701555727173825,1.079581891634024,-0.47060676682615976,0.36369401003588586,-0.12971230842289133,113.0,22.0,4.0,135.0,139.0,139.0
CGC 2,2024-04,0.4098360655737705,30.12295081967213,-63.210002842622956,-32.427083995081965,1213.7840666696843,201.29041912557977,1401.794542102744,52.134617477625056,18.570729645560867,13.57359425658258,14.755196922111718,23.09820760141847,27.9744553717481,0.13144777493255022,0.9776526603689942,0.39068323444984665,-0.22404988000193957,122,7820,705.9967019999999,21.95,1313.28,2166.36,11.076538994937119,68.35,21.52,10.13,0,0,40.51,34.18,6.33,50.55,44.65,5.9,0.6,6.63,14.46,29.52,28.92,7.23,12.65,81.01,55.7,91.14,98.73,53.14,46.86,4.43,3.69,8.12,7.38,9.96,17.34,7.38,7.01,14.39,26.2,18.08,44.28,7.75,8.12,15.87,84.0,88.0,89.0,75.0,9.0,4.0,1.0,22.25,20.603008560075043,20.603008560075043,31.60075214091055,63.2015042818211,23.391041066863544,23.980401361721615,17.832244780475637,18.182733215747405,19.422990564098452,19.69585051973786,28.331301258841673,29.00185840797273,-15.016837833191463,-15.016837833191463,-5.392399104976643,-10.784798209953285,1.8665376330708674,1.2637621389760745,2.566138391712491,2.165133308957003,1.9029921826603728,1.4912870371471985,2.1463495896431755,1.2550217998395308,361.0,113.0,22.0,474.0,496.0,496.0
CGC 2,2024-05,0.5,33.5,-63.2047581,-32.4218166,1947.9933869196261,313.125984702523,666.0221705370947,60.2870148575685,13.613514977757387,5.980776138809987,10.943271071778646,16.990951383466054,48.8295236005142,-2.1725069542087585,-3.6422289785004303,-0.9568489640286436,-3.3306255615209244,2,7820,705.9967019999999,21.95,1313.28,2166.36,11.076538994937119,68.35,21.52,10.13,0,0,40.51,34.18,6.33,50.55,44.65,5.9,0.6,6.63,14.46,29.52,28.92,7.23,12.65,81.01,55.7,91.14,98.73,53.14,46.86,4.43,3.69,8.12,7.38,9.96,17.34,7.38,7.01,14.39,26.2,18.08,44.28,7.75,8.12,15.87,197.0,206.0,210.0,122.0,75.0,9.0,4.0,52.5,52.134617477625056,52.134617477625056,36.36881301885005,72.7376260377001,18.570729645560867,20.980885356212205,13.57359425658258,15.702919518529107,14.755196922111718,17.089093743105085,23.09820760141847,25.71475443013007,27.9744553717481,27.9744553717481,6.478808769278318,12.957617538556637,0.13144777493255022,0.9989927040017088,0.9776526603689942,1.7718955260407425,0.39068323444984665,1.1468377085551098,-0.22404988000193957,0.961149854820618,517.0,361.0,113.0,878.0,991.0,991.0
CGC 2,2024-10,0.0,65.0,-63.2080007,-32.4228607,1622.5648457061286,248.12764713851868,975.5223642126899,0.005224595312029123,21.502562837857365,6.58422127429894,13.75897080825526,30.3814330600296,-7.457210927487015,3.2510387603359323,1.6230619125656098,1.6208134935308665,5.077871319578213,1,7820,705.9967019999999,21.95,1313.28,2166.36,11.076538994937119,68.35,21.52,10.13,0,0,40.51,34.18,6.33,50.55,44.65,5.9,0.6,6.63,14.46,29.52,28.92,7.23,12.65,81.01,55.7,91.14,98.73,53.14,46.86,4.43,3.69,8.12,7.38,9.96,17.34,7.38,7.01,14.39,26.2,18.08,44.28,7.75,8.12,15.87,124.0,199.0,208.0,2.0,122.0,75.0,9.0,52.0,60.2870148575685,60.2870148575685,56.210816167596775,112.42163233519355,13.613514977757387,16.092122311659125,5.980776138809987,9.777185197696284,10.943271071778646,12.849233996945182,16.990951383466054,20.04457949244226,48.8295236005142,48.8295236005142,38.40198948613115,76.8039789722623,-2.1725069542087585,-1.0205295896381041,-3.6422289785004303,-1.332288159065718,-0.9568489640286436,-0.2830828647893985,-3.3306255615209244,-1.777337720761432,2.0,1.0,0.0,3.0,3.0,3.0
CGC 2,2024-12,1.0,49.0,-63.2043521,-32.42921,1570.8905072805055,146.73047163549788,1003.3890482337154,0.01719965599477291,21.290552940503595,9.624430030960344,15.432874688555518,28.099659892366848,-3.868575736414641,-1.1074654726162527,-0.47856392094310596,-2.1843399381805906,0.8387091680829936,1,7820,705.9967019999999,21.95,1313.28,2166.36,11.076538994937119,68.35,21.52,10.13,0,0,40.51,34.18,6.33,50.55,44.65,5.9,0.6,6.63,14.46,29.52,28.92,7.23,12.65,81.01,55.7,91.14,98.73,53.14,46.86,4.43,3.69,8.12,7.38,9.96,17.34,7.38,7.01,14.39,26.2,18.08,44.28,7.75,8.12,15.87,3.0,125.0,200.0,1.0,2.0,122.0,75.0,50.0,0.005224595312029123,0.005224595312029123,30.146119726440265,60.29223945288053,21.502562837857365,17.558038907807376,6.58422127429894,6.282498706554463,13.75897080825526,12.351120940016953,30.3814330600296,23.686192221747827,-7.457210927487015,-7.457210927487015,20.68615633651359,41.37231267302718,3.2510387603359323,0.5392659030635869,1.6230619125656098,-1.0095835329674103,1.6208134935308665,0.3319822647511114,5.077871319578213,0.8736228790286442,2.0,5.0,2.0,7.0,9.0,9.0
CGC 2,2025-01,0.5,26.0,-63.208600149999995,-32.4269665,1376.519763564007,195.80566360061533,1170.4967338595757,18.546308308327806,26.078985667221026,17.483595181849466,19.770578277071966,32.103303522996875,-25.558576801364836,0.3189508562919523,0.4922833819372419,-0.0016049141366470468,0.4928015524332607,2,7820,705.9967019999999,21.95,1313.28,2166.36,11.076538994937119,68.35,21.52,10.13,0,0,40.51,34.18,6.33,50.55,44.65,5.9,0.6,6.63,14.46,29.52,28.92,7.23,12.65,81.01,55.7,91.14,98.73,53.14,46.86,4.43,3.69,8.12,7.38,9.96,17.34,7.38,7.01,14.39,26.2,18.08,44.28,7.75,8.12,15.87,2.0,4.0,126.0,1.0,1.0,2.0,122.0,31.5,0.01719965599477291,0.01719965599477291,0.011212125653401017,0.022424251306802034,21.290552940503595,21.396557889180478,9.624430030960344,8.104325652629642,15.432874688555518,14.595922748405389,28.099659892366848,29.240546476198226,-3.868575736414641,-3.868575736414641,-5.662893331950828,-11.325786663901656,-1.1074654726162527,1.0717866438598398,-0.47856392094310596,0.572248995811252,-2.1843399381805906,-0.28176322232486206,0.8387091680829936,2.958290243830603,3.0,2.0,5.0,5.0,10.0,10.0
CGC 2,2025-02,1.0,53.0,-63.2069944,-32.424906,1619.1468653938894,47.3835413685027,928.5265827847247,17.884358441305302,22.2021654427259,17.235058379606876,18.8678494972758,27.876351686360408,-16.061215930128622,0.13679170411912894,2.022241780926592,1.5816468334303122,0.7273608009437456,1,7820,705.9967019999999,21.95,1313.28,2166.36,11.076538994937119,68.35,21.52,10.13,0,0,40.51,34.18,6.33,50.55,44.65,5.9,0.6,6.63,14.46,29.52,28.92,7.23,12.65,81.01,55.7,91.14,98.73,53.14,46.86,4.43,3.69,8.12,7.38,9.96,17.34,7.38,7.01,14.39,26.2,18.08,44.28,7.75,8.12,15.87,3.0,4.0,6.0,2.0,1.0,1.0,2.0,1.5,18.546308308327806,18.546308308327806,9.28175398216129,18.56350796432258,26.078985667221026,23.68476930386231,17.483595181849466,13.554012606404905,19.770578277071966,17.601726482813742,32.103303522996875,30.10148170768186,-25.558576801364836,-25.558576801364836,-14.713576268889739,-29.427152537779477,0.3189508562919523,-0.3942573081621502,0.4922833819372419,0.0068597304970679784,-0.0016049141366470468,-1.092972426158619,0.4928015524332607,0.6657553602581271,3.0,3.0,2.0,6.0,8.0,8.0
CGC 2,2025-03,0.6666666666666666,59.083333333333336,-63.20956064166666,-32.427484299999996,1178.2936121411242,168.00472380146263,1430.2576241269808,35.21863429356386,20.937733725274253,15.155836030876223,17.324707005477105,25.452462410866598,-11.376690974245543,-0.8881323063724734,-0.3360651685882214,-0.788831270347548,-0.7942830024544398,12,7820,705.9967019999999,21.95,1313.28,2166.36,11.076538994937119,68.35,21.52,10.13,0,0,40.51,34.18,6.33,50.55,44.65,5.9,0.6,6.63,14.46,29.52,28.92,7.23,12.65,81.01,55.7,91.14,98.73,53.14,46.86,4.43,3.69,8.12,7.38,9.96,17.34,7.38,7.01,14.39,26.2,18.08,44.28,7.75,8.12,15.87,3.0,4.0,5.0,1.0,2.0,1.0,1.0,1.25,17.884358441305302,17.884358441305302,18.215333374816552,36.430666749633104,22.2021654427259,24.140575554973463,17.235058379606876,17.35932678072817,18.8678494972758,19.31921388717388,27.876351686360408,29.989827604678638,-16.061215930128622,-16.061215930128622,-20.80989636574673,-41.61979273149346,0.13679170411912894,0.22787128020554062,2.022241780926592,1.257262581431917,1.5816468334303122,0.7900209596468326,0.7273608009437456,0.610081176688503,22.0,3.0,3.0,25.0,28.0,28.0
CGC 2,2025-04,0.2,44.6,-63.2123481,-32.4292682,950.0762842743952,84.62379544699998,1616.6189448301543,5.234433186152402,16.362058179507283,8.455597312919618,11.896739210760291,21.016098892486156,-7.591595819967209,-0.6531712787717938,-2.1020643369962886,-0.9834767180591524,-0.9934739970537727,5,7820,705.9967019999999,21.95,1313.28,2166.36,11.076538994937119,68.35,21.52,10.13,0,0,40.51,34.18,6.33,50.55,44.65,5.9,0.6,6.63,14.46,29.52,28.92,7.23,12.65,81.01,55.7,91.14,98.73,53.14,46.86,4.43,3.69,8.12,7.38,9.96,17.34,7.38,7.01,14.39,26.2,18.08,44.28,7.75,8.12,15.87,13.0,15.0,16.0,12.0,1.0,2.0,1.0,4.0,35.21863429356386,35.21863429356386,26.55149636743458,53.10299273486916,20.937733725274253,21.569949584000078,15.155836030876223,16.19544720524155,17.324707005477105,18.096278251376454,25.452462410866598,26.664407048613505,-11.376690974245543,-11.376690974245543,-13.718953452187083,-27.437906904374167,-0.8881323063724734,-0.3756703011266722,-0.3360651685882214,0.8430883061691853,-0.788831270347548,0.3964077815413821,-0.7942830024544398,-0.033461100755347195,59.0,22.0,3.0,81.0,84.0,84.0
CGC 2,2025-05,0.5,16.75,-63.210470425,-32.427053275,1205.287099991297,177.3067578566818,1382.2005911730648,3.936722701191422,18.963652421737528,14.904948051632031,14.513112484681752,23.903343747193016,-1.493779348645632,3.48300867779866,5.025708630211404,3.4817419402481584,3.1565758978006557,4,7820,705.9967019999999,21.95,1313.28,2166.36,11.076538994937119,68.35,21.52,10.13,0,0,40.51,34.18,6.33,50.55,44.65,5.9,0.6,6.63,14.46,29.52,28.92,7.23,12.65,81.01,55.7,91.14,98.73,53.14,46.86,4.43,3.69,8.12,7.38,9.96,17.34,7.38,7.01,14.39,26.2,18.08,44.28,7.75,8.12,15.87,17.0,18.0,20.0,5.0,12.0,1.0,2.0,5.0,5.234433186152402,5.234433186152402,20.22653373985813,40.45306747971626,16.362058179507283,18.649895952390768,8.455597312919618,11.80571667189792,11.896739210760291,14.610723108118698,21.016098892486156,23.23428065167638,-7.591595819967209,-7.591595819967209,-9.484143397106376,-18.96828679421275,-0.6531712787717938,-0.7706517925721337,-2.1020643369962886,-1.2190647527922551,-0.9834767180591524,-0.8861539942033502,-0.9934739970537727,-0.8938784997541063,20.0,59.0,22.0,79.0,101.0,101.0
MUNICERCA 1,2024-01,0.6,41.4,-63.263628319999995,-32.40838178,834.9805266857591,162.74087048189034,3436.0201298198663,362.71259110797496,23.93292364518507,18.27854490582824,19.70967415677175,27.959126997117302,248.16050654472483,-2.080942697631966,1.942477633460309,-0.9987532724274691,-3.548893603701155,5,10909,501.195501,17.79,764.29,2313.32,21.765957551961346,71.08,22.89,6.03,0,0,27.71,24.1,3.61,32.0,27.56,4.44,0.65,7.1,20.0,18.06,25.16,8.39,20.65,92.77,75.9,96.39,100.0,52.84,47.16,2.18,3.93,6.11,8.3,6.99,15.29,5.68,6.55,12.23,23.58,17.03,40.61,13.1,12.66,25.76,,,,,,,,,362.71259110797496,362.71259110797496,216.09492199506394,432.1898439901279,23.93292364518507,24.732453900022804,18.27854490582824,18.7189366881089,19.70967415677175,20.49804095586905,27.959126997117302,29.333203504576048,248.16050654472483,248.16050654472483,143.47485120018803,286.94970240037605,-2.080942697631966,-0.458910221161975,1.942477633460309,1.981080548013443,-0.9987532724274691,0.34160852856870444,-3.548893603701155,-1.2525788724752545,3.0,,,,,
MUNICERCA 1,2024-02,0.5555555555555556,54.47222222222222,-63.264034852777776,-32.40660201944444,1022.8335269937298,141.76840493300116,3163.2334480061313,69.47725288215291,25.531984154860538,19.15932847038956,21.286407754966355,30.707280012034794,38.78919585565123,1.1631222553080158,2.019683462566577,1.681970329564878,1.0437358587506462,36,10909,501.195501,17.79,764.29,2313.32,21.765957551961346,71.08,22.89,6.03,0,0,27.71,24.1,3.61,32.0,27.56,4.44,0.65,7.1,20.0,18.06,25.16,8.39,20.65,92.77,75.9,96.39,100.0,52.84,47.16,2.18,3.93,6.11,8.3,6.99,15.29,5.68,6.55,12.23,23.58,17.03,40.61,13.1,12.66,25.76,,,,5.0,,,,,362.71259110797496,362.71259110797496,216.09492199506394,432.1898439901279,23.93292364518507,24.732453900022804,18.27854490582824,18.7189366881089,19.70967415677175,20.49804095586905,27.959126997117302,29.333203504576048,248.16050654472483,248.16050654472483,143.47485120018803,286.94970240037605,-2.080942697631966,-0.458910221161975,1.942477633460309,1.981080548013443,-0.9987532724274691,0.34160852856870444,-3.548893603701155,-1.2525788724752545,17.0,3.0,,20.0,,
MUNICERCA 1,2024-03,0.47953216374269003,42.9766081871345,-63.26365045672515,-32.40597238830409,1091.293402345558,132.37021072817774,3109.9936091169493,27.588087520075362,23.359265309999717,17.561536564735167,19.32150780746842,28.293998090441413,-8.860900676746336,2.195248531092212,2.873136116940521,2.1462058163025364,2.5233782016895856,171,10909,501.195501,17.79,764.29,2313.32,21.765957551961346,71.08,22.89,6.03,0,0,27.71,24.1,3.61,32.0,27.56,4.44,0.65,7.1,20.0,18.06,25.16,8.39,20.65,92.77,75.9,96.39,100.0,52.84,47.16,2.18,3.93,6.11,8.3,6.99,15.29,5.68,6.55,12.23,23.58,17.03,40.61,13.1,12.66,25.76,41.0,,,36.0,5.0,,,,69.47725288215291,69.47725288215291,216.09492199506394,432.1898439901279,25.531984154860538,24.732453900022804,19.15932847038956,18.7189366881089,21.286407754966355,20.49804095586905,30.707280012034794,29.333203504576048,38.78919585565123,38.78919585565123,143.47485120018803,286.94970240037605,1.1631222553080158,-0.458910221161975,2.019683462566577,1.981080548013443,1.681970329564878,0.34160852856870444,1.0437358587506462,-1.2525788724752545,78.0,17.0,3.0,95.0,98.0,98.0
MUNICERCA 1,2024-04,0.4194915254237288,37.74152542372882,-63.26402635466102,-32.40604565423729,1077.3549435814884,136.0578849837783,3131.45695571938,58.55725077305158,18.460482715113233,13.806287192528956,14.843342020172441,22.909874416020642,32.750146689780365,-0.11954084112730289,0.7567200259688411,0.23815046863348008,-0.4398082500179713,236,10909,501.195501,17.79,764.29,2313.32,21.765957551961346,71.08,22.89,6.03,0,0,27.71,24.1,3.61,32.0,27.56,4.44,0.65,7.1,20.0,18.06,25.16,8.39,20.65,92.77,75.9,96.39,100.0,52.84,47.16,2.18,3.93,6.11,8.3,6.99,15.29,5.68,6.55,12.23,23.58,17.03,40.61,13.1,12.66,25.76,207.0,212.0,,171.0,36.0,5.0,,,27.588087520075362,27.588087520075362,48.532670201114136,97.06534040222827,23.359265309999717,24.445624732430126,17.561536564735167,18.360432517562366,19.32150780746842,20.303957781217388,28.293998090441413,29.500639051238103,-8.860900676746336,-8.860900676746336,14.964147589452446,29.928295178904893,2.195248531092212,1.6791853932001137,2.873136116940521,2.446409789753549,2.1462058163025364,1.914088072933707,2.5233782016895856,1.783557030220116,256.0,78.0,17.0,334.0,351.0,351.0
MUNICERCA 1,2024-05,0.2,34.6,-63.26619518,-32.40724952,938.4976358758134,67.8146526239324,3139.4150961455307,26.284770249120385,12.984090794367805,8.177420231761712,9.666343756291708,17.547549044257238,21.099277475497285,-2.253165327797452,-0.4918183928110418,-1.536492072701347,-2.7246038691542234,5,10909,501.195501,17.79,764.29,2313.32,21.765957551961346,71.08,22.89,6.03,0,0,27.71,24.1,3.61,32.0,27.56,4.44,0.65,7.1,20.0,18.06,25.16,8.39,20.65,92.77,75.9,96.39,100.0,52.84,47.16,2.18,3.93,6.11,8.3,6.99,15.29,5.68,6.55,12.23,23.58,17.03,40.61,13.1,12.66,25.76,407.0,443.0,448.0,236.0,171.0,36.0,5.0,112.0,58.55725077305158,58.55725077305158,43.07266914656347,86.14533829312694,18.460482715113233,20.909874012556475,13.806287192528956,15.683911878632061,14.843342020172441,17.082424913820432,22.909874416020642,25.601936253231028,32.750146689780365,32.750146689780365,11.944623006517014,23.88924601303403,-0.11954084112730289,1.0378538449824546,0.7567200259688411,1.8149280714546814,0.23815046863348008,1.1921781424680082,-0.4398082500179713,1.0417849758358073,376.0,256.0,78.0,632.0,710.0,710.0
MUNICERCA 1,2024-06,1.0,40.0,-63.2586763,-32.4001501,1705.5091908754002,115.942415848767,2370.0771003044542,1.5853976410214,8.0969834619851,0.7006893811569973,5.341079621457614,10.953547398785545,1.2234976833810962,-1.9731178839248662,-2.961789432703154,-1.0149370886118305,-4.254337665233552,1,10909,501.195501,17.79,764.29,2313.32,21.765957551961346,71.08,22.89,6.03,0,0,27.71,24.1,3.61,32.0,27.56,4.44,0.65,7.1,20.0,18.06,25.16,8.39,20.65,92.77,75.9,96.39,100.0,52.84,47.16,2.18,3.93,6.11,8.3,6.99,15.29,5.68,6.55,12.23,23.58,17.03,40.61,13.1,12.66,25.76,241.0,412.0,448.0,5.0,236.0,171.0,36.0,112.0,26.284770249120385,26.284770249120385,42.42101051108598,84.84202102217196,12.984090794367805,15.72228675474052,8.177420231761712,10.991853712145334,9.666343756291708,12.254842888232075,17.547549044257238,20.22871173013894,21.099277475497285,21.099277475497285,26.924712082638827,53.849424165277654,-2.253165327797452,-1.186353084462377,-0.4918183928110418,0.1324508165788999,-1.536492072701347,-0.6491708020339332,-2.7246038691542234,-1.5822060595860974,7.0,376.0,256.0,383.0,639.0,639.0
MUNICERCA 1,2024-10,0.0,9.0,-63.2585695,-32.4092613,691.3502559952874,129.41123956955633,3358.1221765286723,1.8426170012945913,21.857047040278875,3.752652306339322,16.302703699330067,27.089119804519783,1.1015884846636386,2.704092249951587,-0.9619313024999253,4.0119957932428285,0.8839348679963424,1,10909,501.195501,17.79,764.29,2313.32,21.765957551961346,71.08,22.89,6.03,0,0,27.71,24.1,3.61,32.0,27.56,4.44,0.65,7.1,20.0,18.06,25.16,8.39,20.65,92.77,75.9,96.39,100.0,52.84,47.16,2.18,3.93,6.11,8.3,6.99,15.29,5.68,6.55,12.23,23.58,17.03,40.61,13.1,12.66,25.76,6.0,242.0,413.0,1.0,5.0,236.0,171.0,103.25,1.5853976410214,1.5853976410214,13.935083945070893,27.870167890141786,8.0969834619851,10.540537128176453,0.7006893811569973,4.439054806459355,5.341079621457614,7.503711688874661,10.953547398785545,14.250548221521392,1.2234976833810962,1.2234976833810962,11.161387579439191,22.322775158878382,-1.9731178839248662,-2.1131416058611587,-2.961789432703154,-1.7268039127570978,-1.0149370886118305,-1.2757145806565884,-4.254337665233552,-3.489470767193888,1.0,1.0,0.0,2.0,2.0,2.0
MUNICERCA 1,2024-11,0.0,56.0,-63.2549011,-32.4069726,983.6023585121426,79.10557119508975,3059.3412973570003,0.010362266562879086,24.4100862528077,15.525899230351309,18.31956012631717,30.873077689019258,-1.3544688019125415,0.37412314135411306,3.332689211345639,0.33970342330067366,0.16229362462038335,1,10909,501.195501,17.79,764.29,2313.32,21.765957551961346,71.08,22.89,6.03,0,0,27.71,24.1,3.61,32.0,27.56,4.44,0.65,7.1,20.0,18.06,25.16,8.39,20.65,92.77,75.9,96.39,100.0,52.84,47.16,2.18,3.93,6.11,8.3,6.99,15.29,5.68,6.55,12.23,23.58,17.03,40.61,13.1,12.66,25.76,2.0,7.0,243.0,1.0,1.0,5.0,236.0,60.75,1.8426170012945913,1.8426170012945913,1.7140073211579956,3.428014642315991,21.857047040278875,14.977015251131988,3.752652306339322,2.2266708437481597,16.302703699330067,10.821891660393842,27.089119804519783,19.021333601652664,1.1015884846636386,1.1015884846636386,1.1625430840223674,2.325086168044735,2.704092249951587,0.3654871830133606,-0.9619313024999253,-1.9618603676015396,4.0119957932428285,1.4985293523154994,0.8839348679963424,-1.685201398618605,5.0,1.0,1.0,6.0,7.0,7.0
MUNICERCA 1,2024-12,0.5,25.5,-63.26986445,-32.4093455,774.5944100365122,252.43936010557542,3742.9250442450625,3.2073464649481567,22.930760853289392,12.867965074980829,16.61631566569744,28.465022625996266,-15.912100041989843,-2.6329338357195335,0.08639189859685437,-3.31544618190456,-2.481625018046705,2,10909,501.195501,17.79,764.29,2313.32,21.765957551961346,71.08,22.89,6.03,0,0,27.71,24.1,3.61,32.0,27.56,4.44,0.65,7.1,20.0,18.06,25.16,8.39,20.65,92.77,75.9,96.39,100.0,52.84,47.16,2.18,3.93,6.11,8.3,6.99,15.29,5.68,6.55,12.23,23.58,17.03,40.61,13.1,12.66,25.76,2.0,3.0,8.0,1.0,1.0,1.0,5.0,2.0,0.010362266562879086,0.010362266562879086,0.9264896339287352,1.8529792678574704,24.4100862528077,23.133566646543287,15.525899230351309,9.639275768345316,18.31956012631717,17.31113191282362,30.873077689019258,28.98109874676952,-1.3544688019125415,-1.3544688019125415,-0.12644015862445146,-0.2528803172489029,0.37412314135411306,1.5391076956528504,3.332689211345639,1.185378954422857,0.33970342330067366,2.1758496082717516,0.16229362462038335,0.5231142463083629,1.0,5.0,1.0,6.0,7.0,7.0
MUNICERCA 1,2025-01,0.45454545454545453,37.72727272727273,-63.265727127272726,-32.40617496363637,1077.4448735068966,137.63970353565676,3135.096847685907,66.7088979804163,26.03420164704896,18.10062575852422,20.9184000436932,31.185679218576524,-2.187788903245439,0.3892624535710828,0.6907365796495335,0.36556873244666654,0.27622523617790207,11,10909,501.195501,17.79,764.29,2313.32,21.765957551961346,71.08,22.89,6.03,0,0,27.71,24.1,3.61,32.0,27.56,4.44,0.65,7.1,20.0,18.06,25.16,8.39,20.65,92.77,75.9,96.39,100.0,52.84,47.16,2.18,3.93,6.11,8.3,6.99,15.29,5.68,6.55,12.23,23.58,17.03,40.61,13.1,12.66,25.76,3.0,4.0,5.0,2.0,1.0,1.0,1.0,1.25,3.2073464649481567,3.2073464649481567,1.6088543657555179,3.2177087315110358,22.930760853289392,23.670423553048547,12.867965074980829,14.196932152666069,16.61631566569744,17.467937896007307,28.465022625996266,29.669050157507762,-15.912100041989843,-15.912100041989843,-8.633284421951192,-17.266568843902384,-2.6329338357195335,-1.1294053471827104,0.08639189859685437,1.7095405549712468,-3.31544618190456,-1.4878713793019427,-2.481625018046705,-1.1596656967131609,0.0,1.0,5.0,1.0,6.0,6.0
MUNICERCA 1,2025-02,0.45454545454545453,36.61363636363637,-63.26116779545455,-32.40462294545454,1224.6580491182128,128.07220262981087,2933.7052842183025,50.67478568608208,25.671152091099703,19.612025470099915,21.643420147273563,30.898368823973144,4.802826845728841,1.8772858521684916,2.6604050168800915,2.58993906262335,1.762543684147147,44,10909,501.195501,17.79,764.29,2313.32,21.765957551961346,71.08,22.89,6.03,0,0,27.71,24.1,3.61,32.0,27.56,4.44,0.65,7.1,20.0,18.06,25.16,8.39,20.65,92.77,75.9,96.39,100.0,52.84,47.16,2.18,3.93,6.11,8.3,6.99,15.29,5.68,6.55,12.23,23.58,17.03,40.61,13.1,12.66,25.76,13.0,14.0,15.0,11.0,2.0,1.0,1.0,3.75,66.7088979804163,66.7088979804163,34.95812222268223,69.91624444536446,26.03420164704896,24.482481250169176,18.10062575852422,15.484295416752524,20.9184000436932,18.76735785469532,31.185679218576524,29.825350922286397,-2.187788903245439,-2.187788903245439,-9.049944472617641,-18.099888945235282,0.3892624535710828,-1.1218356910742255,0.6907365796495335,0.38856423912319416,0.36556873244666654,-1.4749387247289463,0.27622523617790207,-1.1026998909344017,3.0,0.0,1.0,3.0,4.0,4.0
MUNICERCA 1,2025-03,0.5116279069767442,37.174418604651166,-63.263786694186045,-32.40558525813953,1131.4873068448733,143.7015930999667,3095.8083464196716,126.13034668370302,22.999527712776995,17.95793848100651,19.3225383045854,27.52845342762545,74.78117451015233,0.09226346141300833,1.3140761346912508,0.5200803462949658,-0.1752872467704414,86,10909,501.195501,17.79,764.29,2313.32,21.765957551961346,71.08,22.89,6.03,0,0,27.71,24.1,3.61,32.0,27.56,4.44,0.65,7.1,20.0,18.06,25.16,8.39,20.65,92.77,75.9,96.39,100.0,52.84,47.16,2.18,3.93,6.11,8.3,6.99,15.29,5.68,6.55,12.23,23.58,17.03,40.61,13.1,12.66,25.76,55.0,57.0,58.0,44.0,11.0,2.0,1.0,14.5,50.67478568608208,50.67478568608208,58.691841833249185,117.38368366649837,25.671152091099703,25.85267686907433,19.612025470099915,18.85632561431207,21.643420147273563,21.280910095483385,30.898368823973144,31.042024021274834,4.802826845728841,4.802826845728841,1.3075189712417004,2.6150379424834007,1.8772858521684916,1.1332741528697872,2.6604050168800915,1.6755707982648127,2.58993906262335,1.4777538975350086,1.762543684147147,1.0193844601625246,25.0,3.0,0.0,28.0,28.0,28.0
MUNICERCA 1,2025-04,0.6818181818181818,34.13636363636363,-63.265347931818184,-32.40665801363636,1017.9456521168005,150.71569458871835,3263.0603857596757,13.687757973393333,17.506923453262498,11.62987999612847,13.064791616364989,22.79999977937535,-12.613293965481466,-0.3692646659900268,-0.2656450583696828,-0.8581600992777677,0.19086260070387145,22,10909,501.195501,17.79,764.29,2313.32,21.765957551961346,71.08,22.89,6.03,0,0,27.71,24.1,3.61,32.0,27.56,4.44,0.65,7.1,20.0,18.06,25.16,8.39,20.65,92.77,75.9,96.39,100.0,52.84,47.16,2.18,3.93,6.11,8.3,6.99,15.29,5.68,6.55,12.23,23.58,17.03,40.61,13.1,12.66,25.76,130.0,141.0,143.0,86.0,44.0,11.0,2.0,35.75,126.13034668370302,126.13034668370302,88.40256618489255,176.8051323697851,22.999527712776995,24.335339901938347,17.95793848100651,18.784981975553215,19.3225383045854,20.482979225929483,27.52845342762545,29.213411125799297,74.78117451015233,74.78117451015233,39.792000677940585,79.58400135588117,0.09226346141300833,0.9847746567907498,1.3140761346912508,1.9872405757856715,0.5200803462949658,1.5550097044591582,-0.1752872467704414,0.7936282186883528,52.0,25.0,3.0,77.0,80.0,80.0
MUNICERCA 1,2025-05,0.3333333333333333,29.666666666666668,-63.26480693333334,-32.40602116666667,1113.0109831200916,53.67632234434112,3019.7816924210765,4.361160766129751,17.84459351117108,15.03509978249397,15.098063260180453,20.988077104410902,0.7961407263436913,2.3309069495866064,4.413579793056441,3.2143056194831137,0.9173814392633269,3,10909,501.195501,17.79,764.29,2313.32,21.765957551961346,71.08,22.89,6.03,0,0,27.71,24.1,3.61,32.0,27.56,4.44,0.65,7.1,20.0,18.06,25.16,8.39,20.65,92.77,75.9,96.39,100.0,52.84,47.16,2.18,3.93,6.11,8.3,6.99,15.29,5.68,6.55,12.23,23.58,17.03,40.61,13.1,12.66,25.76,108.0,152.0,163.0,22.0,86.0,44.0,11.0,40.75,13.687757973393333,13.687757973393333,69.90905232854819,139.81810465709637,17.506923453262498,20.25322558301975,11.62987999612847,14.793909238567492,13.064791616364989,16.193664960475196,22.79999977937535,25.164226603500403,-12.613293965481466,-12.613293965481466,31.08394027233543,62.16788054467086,-0.3692646659900268,-0.13850060228850922,-0.2656450583696828,0.5242155381607843,-0.8581600992777677,-0.1690398764914005,0.19086260070387145,0.007787676966715021,18.0,52.0,25.0,70.0,95.0,95.0
MUNICERCA 2,2023-12,0.0,12.0,-63.2554567,-32.3984587,1907.9406966694607,76.47290787160424,2123.4885910794233,6.01654808185907,23.71554212896137,12.592555787888005,19.097195139790802,28.663150800057785,3.6122067318599598,-3.348881008279571,-1.8587995369631376,-1.9459414568888862,-4.427227007559405,1,8733,356.174623,1375.55,2774.8,3903.39,24.5188720253099,82.86,15.71,1.43,0,0,21.43,18.57,2.86,25.0,19.79,5.21,1.63,8.13,16.26,14.63,14.63,13.82,30.89,98.57,91.43,97.14,100.0,50.0,50.0,1.05,1.58,2.63,5.26,6.32,11.58,9.47,11.58,21.05,18.95,21.06,40.01,15.26,9.47,24.73,,,,,,,,,6.01654808185907,6.01654808185907,3.1465073465476303,6.293014693095261,23.71554212896137,25.104403969809287,12.592555787888005,14.960553713486064,19.097195139790802,20.221876521143475,28.663150800057785,30.239297748436,3.6122067318599598,3.6122067318599598,-3.9724626071171354,-7.944925214234271,-3.348881008279571,-1.7862698047661452,-1.8587995369631376,-0.529436104129476,-1.9459414568888862,-0.7764660837207357,-4.427227007559405,-2.489242308791725,,,,,,
MUNICERCA 2,2024-01,0.5,35.75,-63.254549725000004,-32.39856035,1911.9928548415437,90.72126200917123,2127.594540679052,0.2764666112361905,26.493265810657203,17.32855163908412,21.346557902496148,31.815444696814218,-11.55713194609423,-0.22365860125271964,0.7999273287041857,0.3930092894474148,-0.5512576100240452,4,8733,356.174623,1375.55,2774.8,3903.39,24.5188720253099,82.86,15.71,1.43,0,0,21.43,18.57,2.86,25.0,19.79,5.21,1.63,8.13,16.26,14.63,14.63,13.82,30.89,98.57,91.43,97.14,100.0,50.0,50.0,1.05,1.58,2.63,5.26,6.32,11.58,9.47,11.58,21.05,18.95,21.06,40.01,15.26,9.47,24.73,,,,1.0,,,,,6.01654808185907,6.01654808185907,3.1465073465476303,6.293014693095261,23.71554212896137,25.104403969809287,12.592555787888005,14.960553713486064,19.097195139790802,20.221876521143475,28.663150800057785,30.239297748436,3.6122067318599598,3.6122067318599598,-3.9724626071171354,-7.944925214234271,-3.348881008279571,-1.7862698047661452,-1.8587995369631376,-0.529436104129476,-1.9459414568888862,-0.7764660837207357,-4.427227007559405,-2.489242308791725,2.0,,,,,
MUNICERCA 2,2024-02,0.42105263157894735,43.78947368421053,-63.25124468947369,-32.39478443157895,2408.9814858540203,84.65943231246334,1752.7380661337054,74.18056133088382,24.55998293701206,18.726128506960062,20.196343472535563,29.698275067148476,23.103056421421694,0.012447637454366622,0.5975720323524714,0.030111797359669578,0.12630437401753428,19,8733,356.174623,1375.55,2774.8,3903.39,24.5188720253099,82.86,15.71,1.43,0,0,21.43,18.57,2.86,25.0,19.79,5.21,1.63,8.13,16.26,14.63,14.63,13.82,30.89,98.57,91.43,97.14,100.0,50.0,50.0,1.05,1.58,2.63,5.26,6.32,11.58,9.47,11.58,21.05,18.95,21.06,40.01,15.26,9.47,24.73,5.0,,,4.0,1.0,,,,0.2764666112361905,0.2764666112361905,3.1465073465476303,6.293014693095261,26.493265810657203,25.104403969809287,17.32855163908412,14.960553713486064,21.346557902496148,20.221876521143475,31.815444696814218,30.239297748436,-11.55713194609423,-11.55713194609423,-3.9724626071171354,-7.944925214234271,-0.22365860125271964,-1.7862698047661452,0.7999273287041857,-0.529436104129476,0.3930092894474148,-0.7764660837207357,-0.5512576100240452,-2.489242308791725,15.0,2.0,,17.0,,
MUNICERCA 2,2024-03,0.39436619718309857,37.04225352112676,-63.25049866901408,-32.39586793943662,2311.887851517603,67.4494749658802,1859.679756482281,38.795323536787684,23.884793251037188,18.69641976722835,20.139534743599487,28.61436666276381,-2.161243772404286,2.4667022599886286,3.8438332669306576,2.681363750409446,2.6278464823824796,71,8733,356.174623,1375.55,2774.8,3903.39,24.5188720253099,82.86,15.71,1.43,0,0,21.43,18.57,2.86,25.0,19.79,5.21,1.63,8.13,16.26,14.63,14.63,13.82,30.89,98.57,91.43,97.14,100.0,50.0,50.0,1.05,1.58,2.63,5.26,6.32,11.58,9.47,11.58,21.05,18.95,21.06,40.01,15.26,9.47,24.73,23.0,24.0,,19.0,4.0,1.0,,,74.18056133088382,74.18056133088382,37.22851397106,74.45702794212,24.55998293701206,25.52662437383463,18.726128506960062,18.027340073022092,20.196343472535563,20.771450687515856,29.698275067148476,30.75685988198135,23.103056421421694,23.103056421421694,5.772962237663732,11.545924475327464,0.012447637454366622,-0.10560548189917651,0.5975720323524714,0.6987496805283285,0.030111797359669578,0.2115605434035422,0.12630437401753428,-0.21247661800325546,85.0,15.0,2.0,100.0,102.0,102.0
MUNICERCA 2,2024-04,0.3884297520661157,34.81818181818182,-63.25019656280992,-32.395053243801655,2408.340211300462,65.50360854438124,1784.0896980014786,63.15609925987359,18.257153559086962,13.127009561919907,14.345896828207207,23.072397257863095,37.083689004278874,-0.14890800134854357,0.5578857475314958,0.07847580287935477,-0.24239330355721572,121,8733,356.174623,1375.55,2774.8,3903.39,24.5188720253099,82.86,15.71,1.43,0,0,21.43,18.57,2.86,25.0,19.79,5.21,1.63,8.13,16.26,14.63,14.63,13.82,30.89,98.57,91.43,97.14,100.0,50.0,50.0,1.05,1.58,2.63,5.26,6.32,11.58,9.47,11.58,21.05,18.95,21.06,40.01,15.26,9.47,24.73,90.0,94.0,95.0,71.0,19.0,4.0,1.0,23.75,38.795323536787684,38.795323536787684,56.487942433835755,112.97588486767151,23.884793251037188,24.222388094024623,18.69641976722835,18.711274137094204,20.139534743599487,20.167939108067525,28.61436666276381,29.156320864956143,-2.161243772404286,-2.161243772404286,10.470906324508704,20.941812649017407,2.4667022599886286,1.2395749487214975,3.8438332669306576,2.2207026496415647,2.681363750409446,1.3557377738845577,2.6278464823824796,1.377075428200007,311.0,85.0,15.0,396.0,411.0,411.0
MUNICERCA 2,2024-05,0.0,51.0,-63.250993,-32.3966477,2189.5437772538803,101.54422531005552,1902.2370545297786,105.1288225684711,12.567646332327906,5.879960515011684,10.375801005710745,15.685905001414003,87.93144410605261,-2.9098803747915056,-2.901892011123231,-0.8493563293586984,-4.669082249020025,1,8733,356.174623,1375.55,2774.8,3903.39,24.5188720253099,82.86,15.71,1.43,0,0,21.43,18.57,2.86,25.0,19.79,5.21,1.63,8.13,16.26,14.63,14.63,13.82,30.89,98.57,91.43,97.14,100.0,50.0,50.0,1.05,1.58,2.63,5.26,6.32,11.58,9.47,11.58,21.05,18.95,21.06,40.01,15.26,9.47,24.73,192.0,211.0,215.0,121.0,71.0,19.0,4.0,53.75,63.15609925987359,63.15609925987359,50.97571139833064,101.95142279666128,18.257153559086962,21.070973405062077,13.127009561919907,15.911714664574127,14.345896828207207,17.242715785903346,23.072397257863095,25.84338196031345,37.083689004278874,37.083689004278874,17.461222615937295,34.92244523187459,-0.14890800134854357,1.1588971293200425,0.5578857475314958,2.2008595072310766,0.07847580287935477,1.3799197766444002,-0.24239330355721572,1.192726589412632,411.0,311.0,85.0,722.0,807.0,807.0
MUNICERCA 2,2024-10,1.0,43.0,-63.2572204,-32.3896179,2878.5529510415977,104.69842874209772,1214.2304229806623,0.01625702530145645,23.280694237852902,13.708164928761514,18.470926891724943,29.909144674812477,-3.691974129974066,2.328827240240056,2.532313808872361,3.847432425579114,1.8595536103593515,1,8733,356.174623,1375.55,2774.8,3903.39,24.5188720253099,82.86,15.71,1.43,0,0,21.43,18.57,2.86,25.0,19.79,5.21,1.63,8.13,16.26,14.63,14.63,13.82,30.89,98.57,91.43,97.14,100.0,50.0,50.0,1.05,1.58,2.63,5.26,6.32,11.58,9.47,11.58,21.05,18.95,21.06,40.01,15.26,9.47,24.73,122.0,193.0,212.0,1.0,121.0,71.0,19.0,53.0,105.1288225684711,105.1288225684711,84.14246091417235,168.2849218283447,12.567646332327906,15.412399945707435,5.879960515011684,9.503485038465794,10.375801005710745,12.360848916958975,15.685905001414003,19.37915112963855,87.93144410605261,87.93144410605261,62.50756655516574,125.01513311033148,-2.9098803747915056,-1.5293941880700246,-2.901892011123231,-1.1720031317958675,-0.8493563293586984,-0.38544026323967184,-4.669082249020025,-2.4557377762886206,0.0,0.0,1.0,0.0,1.0,1.0
MUNICERCA 2,2025-01,1.0,34.0,-63.24613915,-32.39406355,2623.4101206274695,23.549337596636917,1723.9588459067159,21.400612820107515,26.313722176247552,20.29386707575393,20.979005741733992,31.214210167253363,-24.610665881109643,0.42311647679919334,0.7042239095751867,0.07111505860527095,0.37043419098150804,2,8733,356.174623,1375.55,2774.8,3903.39,24.5188720253099,82.86,15.71,1.43,0,0,21.43,18.57,2.86,25.0,19.79,5.21,1.63,8.13,16.26,14.63,14.63,13.82,30.89,98.57,91.43,97.14,100.0,50.0,50.0,1.05,1.58,2.63,5.26,6.32,11.58,9.47,11.58,21.05,18.95,21.06,40.01,15.26,9.47,24.73,2.0,123.0,194.0,1.0,1.0,121.0,71.0,48.5,0.01625702530145645,0.01625702530145645,52.572539796886275,105.14507959377255,23.280694237852902,17.924170285090405,13.708164928761514,9.794062721886597,18.470926891724943,14.423363948717842,29.909144674812477,22.79752483811324,-3.691974129974066,-3.691974129974066,42.11973498803926,84.23946997607852,2.328827240240056,-0.2905265672757249,2.532313808872361,-0.18478910112543478,3.847432425579114,1.499038048110208,1.8595536103593515,-1.404764319330337,3.0,1.0,1.0,4.0,5.0,5.0
MUNICERCA 2,2025-02,0.5714285714285714,29.571428571428573,-63.25059904285714,-32.39564182857143,2314.998700693036,53.21619276005347,1809.9628854542086,66.27301873320428,26.94062491014559,19.77712297120983,22.718011587502826,32.348993778463246,0.8322959971151818,2.7609493931390623,2.1964418212881127,2.839552928648662,3.0201615457003492,7,8733,356.174623,1375.55,2774.8,3903.39,24.5188720253099,82.86,15.71,1.43,0,0,21.43,18.57,2.86,25.0,19.79,5.21,1.63,8.13,16.26,14.63,14.63,13.82,30.89,98.57,91.43,97.14,100.0,50.0,50.0,1.05,1.58,2.63,5.26,6.32,11.58,9.47,11.58,21.05,18.95,21.06,40.01,15.26,9.47,24.73,3.0,4.0,125.0,2.0,1.0,1.0,121.0,31.25,21.400612820107515,21.400612820107515,10.708434922704486,21.41686984540897,26.313722176247552,24.797208207050225,20.29386707575393,17.00101600225772,20.979005741733992,19.724966316729464,31.214210167253363,30.56167742103292,-24.610665881109643,-24.610665881109643,-14.151320005541855,-28.30264001108371,0.42311647679919334,1.3759718585196246,0.7042239095751867,1.6182688592237737,0.07111505860527095,1.9592737420921926,0.37043419098150804,1.1149939006704297,12.0,3.0,1.0,15.0,16.0,16.0
MUNICERCA 2,2025-03,0.5,42.25,-63.249873474999994,-32.39483384166667,2433.541665383459,70.6165063005662,1750.4020942342565,70.9747477039804,23.849347944204457,19.4193709505153,20.39125846816903,28.14464454138785,35.274913908255044,0.7985852308074656,2.594263896599641,1.4089363404382744,0.3794754400966196,12,8733,356.174623,1375.55,2774.8,3903.39,24.5188720253099,82.86,15.71,1.43,0,0,21.43,18.57,2.86,25.0,19.79,5.21,1.63,8.13,16.26,14.63,14.63,13.82,30.89,98.57,91.43,97.14,100.0,50.0,50.0,1.05,1.58,2.63,5.26,6.32,11.58,9.47,11.58,21.05,18.95,21.06,40.01,15.26,9.47,24.73,9.0,10.0,11.0,7.0,2.0,1.0,1.0,2.75,66.27301873320428,66.27301873320428,43.8368157766559,87.6736315533118,26.94062491014559,26.62717354319657,19.77712297120983,20.03549502348188,22.718011587502826,21.848508664618407,32.348993778463246,31.781601972858304,0.8322959971151818,0.8322959971151818,-11.88918494199723,-23.77836988399446,2.7609493931390623,1.5920329349691278,2.1964418212881127,1.4503328654316496,2.839552928648662,1.4553339936269665,3.0201615457003492,1.6952978683409285,48.0,12.0,3.0,60.0,63.0,63.0
MUNICERCA 2,2025-04,0.25,36.5,-63.25092875,-32.396170025,2273.410234062802,60.65529228126969,1902.7268200416843,2.944562334561546,16.60330924749636,10.973750178843087,12.805293646814988,21.10050774278221,-14.282839445920745,-1.6413681398471531,-1.3678834867185894,-1.4881882223527634,-2.019195422907895,8,8733,356.174623,1375.55,2774.8,3903.39,24.5188720253099,82.86,15.71,1.43,0,0,21.43,18.57,2.86,25.0,19.79,5.21,1.63,8.13,16.26,14.63,14.63,13.82,30.89,98.57,91.43,97.14,100.0,50.0,50.0,1.05,1.58,2.63,5.26,6.32,11.58,9.47,11.58,21.05,18.95,21.06,40.01,15.26,9.47,24.73,19.0,21.0,22.0,12.0,7.0,2.0,1.0,5.5,70.9747477039804,70.9747477039804,68.62388321859234,137.24776643718468,23.849347944204457,25.39498642717502,19.4193709505153,19.598246960862568,20.39125846816903,21.55463502783593,28.14464454138785,30.24681915992555,35.274913908255044,35.274913908255044,18.053604952685113,36.107209905370226,0.7985852308074656,1.779767311973264,2.594263896599641,2.395352858943877,1.4089363404382744,2.124244634543468,0.3794754400966196,1.6998184928984843,95.0,48.0,12.0,143.0,155.0,155.0
MUNICERCA 2,2025-05,1.0,18.5,-63.2530196,-32.399005200000005,1962.1831000005998,46.06639357941742,2226.8026721140923,0.05299649796320894,12.488255855880901,6.9017778617726755,9.22404744447162,17.29012688835909,-1.484912295034398,0.25558000151587235,0.29168941536747633,0.8364209660645011,0.0918643558070032,2,8733,356.174623,1375.55,2774.8,3903.39,24.5188720253099,82.86,15.71,1.43,0,0,21.43,18.57,2.86,25.0,19.79,5.21,1.63,8.13,16.26,14.63,14.63,13.82,30.89,98.57,91.43,97.14,100.0,50.0,50.0,1.05,1.58,2.63,5.26,6.32,11.58,9.47,11.58,21.05,18.95,21.06,40.01,15.26,9.47,24.73,20.0,27.0,29.0,8.0,12.0,7.0,2.0,7.25,2.944562334561546,2.944562334561546,36.95965501927097,73.91931003854194,16.60330924749636,20.226328595850404,10.973750178843087,15.196560564679194,12.805293646814988,16.598276057492008,21.10050774278221,24.62257614208503,-14.282839445920745,-14.282839445920745,10.49603723116715,20.9920744623343,-1.6413681398471531,-0.42139145451984383,-1.3678834867185894,0.6131902049405258,-1.4881882223527634,-0.039625940957244477,-2.019195422907895,-0.8198599914056379,27.0,95.0,48.0,122.0,170.0,170.0
MUNICERCA 3,2023-12,1.0,10.0,-63.23763305,-32.39636685,2761.8244748308957,184.43148504962073,2210.3671663780033,29.507345317468896,23.65990576460115,19.531993733918384,20.433743170055358,28.155384601703823,13.498196569396372,-1.1050892275490534,3.693824039971544,0.5707692151128647,-1.631115693299432,2,11435,674.265346,1548.22,4347.81,6530.79,16.95919873064335,79.52,16.87,3.61,0,0,23.81,19.05,4.76,31.63,26.07,5.56,1.32,7.95,15.23,14.57,27.15,13.25,19.21,98.81,84.52,97.62,100.0,54.74,45.26,5.17,2.59,7.76,7.33,9.05,16.38,6.03,7.76,13.79,19.4,15.95,35.35,16.81,9.91,26.72,,,,,,,,,29.507345317468896,29.507345317468896,28.07268092369572,56.14536184739144,23.65990576460115,24.637489041315185,19.531993733918384,18.590833903631136,20.433743170055358,20.566661847208152,28.155384601703823,29.332268278225875,13.498196569396372,13.498196569396372,7.893345918218905,15.78669183643781,-1.1050892275490534,-0.7707000457502534,3.693824039971544,2.6211304047226838,0.5707692151128647,0.28383514805721777,-1.631115693299432,-1.2581943973228562,,,,,,
MUNICERCA 3,2024-01,0.3,38.1,-63.2370634,-32.40393608,2030.2196674953539,344.74566140702154,3050.4383802610755,26.638016529922545,25.615072318029224,17.64967407334389,20.699580524360947,30.50915195474793,2.288495267041438,-0.4363108639514535,1.5484367694738235,-0.003098918998429223,-0.8852731013462805,10,11435,674.265346,1548.22,4347.81,6530.79,16.95919873064335,79.52,16.87,3.61,0,0,23.81,19.05,4.76,31.63,26.07,5.56,1.32,7.95,15.23,14.57,27.15,13.25,19.21,98.81,84.52,97.62,100.0,54.74,45.26,5.17,2.59,7.76,7.33,9.05,16.38,6.03,7.76,13.79,19.4,15.95,35.35,16.81,9.91,26.72,,,,2.0,,,,,29.507345317468896,29.507345317468896,28.07268092369572,56.14536184739144,23.65990576460115,24.637489041315185,19.531993733918384,18.590833903631136,20.433743170055358,20.566661847208152,28.155384601703823,29.332268278225875,13.498196569396372,13.498196569396372,7.893345918218905,15.78669183643781,-1.1050892275490534,-0.7707000457502534,3.693824039971544,2.6211304047226838,0.5707692151128647,0.28383514805721777,-1.631115693299432,-1.2581943973228562,2.0,,,,,
MUNICERCA 3,2024-02,0.5102040816326531,44.38775510204081,-63.237164071428566,-32.40158585306122,2254.155525994695,324.8974631036992,2787.9143477292923,131.53751130363332,25.651132932715893,18.971663026916943,21.137625057068437,30.90136977182673,84.49312198388256,1.183059445920661,2.011571208172852,1.697480200297603,0.9075958283300628,49,11435,674.265346,1548.22,4347.81,6530.79,16.95919873064335,79.52,16.87,3.61,0,0,23.81,19.05,4.76,31.63,26.07,5.56,1.32,7.95,15.23,14.57,27.15,13.25,19.21,98.81,84.52,97.62,100.0,54.74,45.26,5.17,2.59,7.76,7.33,9.05,16.38,6.03,7.76,13.79,19.4,15.95,35.35,16.81,9.91,26.72,12.0,,,10.0,2.0,,,,26.638016529922545,26.638016529922545,28.07268092369572,56.14536184739144,25.615072318029224,24.637489041315185,17.64967407334389,18.590833903631136,20.699580524360947,20.566661847208152,30.50915195474793,29.332268278225875,2.288495267041438,2.288495267041438,7.893345918218905,15.78669183643781,-0.4363108639514535,-0.7707000457502534,1.5484367694738235,2.6211304047226838,-0.003098918998429223,0.28383514805721777,-0.8852731013462805,-1.2581943973228562,25.0,2.0,,27.0,,
MUNICERCA 3,2024-03,0.40714285714285714,40.6,-63.2378902,-32.39808106071429,2602.3453475404162,277.01573665299685,2398.394701528182,27.70277192277253,23.711854982857208,18.42319033014802,19.80735218016401,28.602431841932532,-10.554585615343587,2.1040834106230704,3.2131166666408313,2.1955538761663047,2.3285573350578406,140,11435,674.265346,1548.22,4347.81,6530.79,16.95919873064335,79.52,16.87,3.61,0,0,23.81,19.05,4.76,31.63,26.07,5.56,1.32,7.95,15.23,14.57,27.15,13.25,19.21,98.81,84.52,97.62,100.0,54.74,45.26,5.17,2.59,7.76,7.33,9.05,16.38,6.03,7.76,13.79,19.4,15.95,35.35,16.81,9.91,26.72,59.0,61.0,,49.0,10.0,2.0,,,131.53751130363332,131.53751130363332,79.08776391677793,158.17552783355586,25.651132932715893,25.63310262537256,18.971663026916943,18.310668550130416,21.137625057068437,20.918602790714694,30.90136977182673,30.70526086328733,84.49312198388256,84.49312198388256,43.390808625462,86.781617250924,1.183059445920661,0.37337429098460373,2.011571208172852,1.7800039888233377,1.697480200297603,0.8471906406495869,0.9075958283300628,0.011161363491891174,97.0,25.0,2.0,122.0,124.0,124.0
MUNICERCA 3,2024-04,0.44571428571428573,29.502857142857142,-63.23758661828571,-32.39782267542857,2639.6642107505154,275.1129876005912,2376.1357898588467,58.293402398211434,18.251768396178893,13.353362384730051,14.722526152855373,22.49614127582937,33.890365850223525,0.005542481693022308,0.9525556149048886,0.5250931248915848,-0.6255388495736548,175,11435,674.265346,1548.22,4347.81,6530.79,16.95919873064335,79.52,16.87,3.61,0,0,23.81,19.05,4.76,31.63,26.07,5.56,1.32,7.95,15.23,14.57,27.15,13.25,19.21,98.81,84.52,97.62,100.0,54.74,45.26,5.17,2.59,7.76,7.33,9.05,16.38,6.03,7.76,13.79,19.4,15.95,35.35,16.81,9.91,26.72,189.0,199.0,201.0,140.0,49.0,10.0,2.0,50.25,27.70277192277253,27.70277192277253,79.62014161320293,159.24028322640586,23.711854982857208,24.68149395778655,18.42319033014802,18.69742667853248,19.80735218016401,20.472488618616225,28.602431841932532,29.751900806879632,-10.554585615343587,-10.554585615343587,36.96926818426949,73.93853636853898,2.1040834106230704,1.6435714282718656,3.2131166666408313,2.6123439374068416,2.1955538761663047,1.9465170382319539,2.3285573350578406,1.6180765816939517,334.0,97.0,25.0,431.0,456.0,456.0
MUNICERCA 3,2024-05,0.5,32.0,-63.23441875,-32.394610225,3087.1349955034484,219.70140145945808,2104.1969556738136,27.5000217363687,13.146372313821594,7.951688345268201,9.534708654225964,17.721342546354872,21.663628797093,-2.1939086057832373,-1.0370290411894545,-1.453018362646866,-2.762033850672037,4,11435,674.265346,1548.22,4347.81,6530.79,16.95919873064335,79.52,16.87,3.61,0,0,23.81,19.05,4.76,31.63,26.07,5.56,1.32,7.95,15.23,14.57,27.15,13.25,19.21,98.81,84.52,97.62,100.0,54.74,45.26,5.17,2.59,7.76,7.33,9.05,16.38,6.03,7.76,13.79,19.4,15.95,35.35,16.81,9.91,26.72,315.0,364.0,374.0,175.0,140.0,49.0,10.0,93.5,58.293402398211434,58.293402398211434,42.998087160491984,85.99617432098397,18.251768396178893,20.98181168951805,13.353362384730051,15.888276357439036,14.722526152855373,17.26493916650969,22.49614127582937,25.54928655888095,33.890365850223525,33.890365850223525,11.667890117439967,23.335780234879934,0.005542481693022308,1.0548129461580464,0.9525556149048886,2.08283614077286,0.5250931248915848,1.3603235005289447,-0.6255388495736548,0.8515092427420929,522.0,334.0,97.0,856.0,953.0,953.0
MUNICERCA 3,2024-07,0.0,49.0,-63.2346792,-32.3907157,3484.4879860823253,126.28707029742156,1664.1478373666287,0.001284480094909668,7.286876110152416,2.2356355118412368,2.262467544185159,15.344043887356738,-0.365681334812608,-3.3620481770078205,-3.4110282201576303,-4.1090398885405355,-1.030349151922777,1,11435,674.265346,1548.22,4347.81,6530.79,16.95919873064335,79.52,16.87,3.61,0,0,23.81,19.05,4.76,31.63,26.07,5.56,1.32,7.95,15.23,14.57,27.15,13.25,19.21,98.81,84.52,97.62,100.0,54.74,45.26,5.17,2.59,7.76,7.33,9.05,16.38,6.03,7.76,13.79,19.4,15.95,35.35,16.81,9.91,26.72,179.0,319.0,368.0,4.0,175.0,140.0,49.0,92.0,27.5000217363687,27.5000217363687,42.89671206729007,85.79342413458014,13.146372313821594,15.699070355000243,7.951688345268201,10.652525364999125,9.534708654225964,12.12861740354067,17.721342546354872,20.10874191109212,21.663628797093,21.663628797093,27.776997323658257,55.553994647316514,-2.1939086057832373,-1.0941830620451074,-1.0370290411894545,-0.042236713142282944,-1.453018362646866,-0.4639626188776407,-2.762033850672037,-1.6937863501228458,0.0,11.0,522.0,11.0,533.0,533.0
MUNICERCA 3,2024-12,1.0,13.0,-63.2317308,-32.3903233,3631.770912950212,48.42156789628373,1709.380160062995,138.4397803470313,23.012097960495634,16.07579606976127,19.246481422783287,27.40391295105303,29.364255202411726,-1.9498815346588547,0.6667837785947544,-1.1752893088247884,-2.301480522254264,1,11435,674.265346,1548.22,4347.81,6530.79,16.95919873064335,79.52,16.87,3.61,0,0,23.81,19.05,4.76,31.63,26.07,5.56,1.32,7.95,15.23,14.57,27.15,13.25,19.21,98.81,84.52,97.62,100.0,54.74,45.26,5.17,2.59,7.76,7.33,9.05,16.38,6.03,7.76,13.79,19.4,15.95,35.35,16.81,9.91,26.72,5.0,180.0,320.0,1.0,4.0,175.0,140.0,80.0,0.001284480094909668,0.001284480094909668,13.750653108231806,27.50130621646361,7.286876110152416,10.216624211987005,2.2356355118412368,5.093661928554718,2.262467544185159,5.898588099205561,15.344043887356738,16.532693216855805,-0.365681334812608,-0.365681334812608,10.648973731140197,21.297947462280394,-3.3620481770078205,-2.777978391395529,-3.4110282201576303,-2.2240286306735424,-4.1090398885405355,-2.781029125593701,-1.030349151922777,-1.896191501297407,2.0,2.0,0.0,4.0,4.0,4.0
MUNICERCA 3,2025-01,0.0,43.0,-63.2386283,-32.3990775,2527.3803841919803,412.19811497709384,2518.291394497204,0.12454650547047721,25.83752637855558,16.893100182063247,19.07340706623394,31.8006301765881,-100.94390875516457,0.48920587168766944,-0.2741391433238908,-0.23380794318291476,0.6882571878418167,1,11435,674.265346,1548.22,4347.81,6530.79,16.95919873064335,79.52,16.87,3.61,0,0,23.81,19.05,4.76,31.63,26.07,5.56,1.32,7.95,15.23,14.57,27.15,13.25,19.21,98.81,84.52,97.62,100.0,54.74,45.26,5.17,2.59,7.76,7.33,9.05,16.38,6.03,7.76,13.79,19.4,15.95,35.35,16.81,9.91,26.72,2.0,6.0,181.0,1.0,1.0,4.0,175.0,45.25,138.4397803470313,138.4397803470313,69.2205324135631,138.4410648271262,23.012097960495634,15.149487035324025,16.07579606976127,9.155715790801253,19.246481422783287,10.754474483484223,27.40391295105303,21.37397841920488,29.364255202411726,29.364255202411726,14.49928693379956,28.99857386759912,-1.9498815346588547,-2.6559648558333375,0.6667837785947544,-1.372122220781438,-1.1752893088247884,-2.642164598682662,-2.301480522254264,-1.6659148370885204,1.0,2.0,2.0,3.0,5.0,5.0
MUNICERCA 3,2025-02,0.25,31.25,-63.238589625,-32.39762595,2644.034962852612,310.3292693645342,2331.2363231511836,9.09462874390073,26.83263116778803,20.331232639715257,23.2419612662371,32.21299088359963,-30.14654055562021,3.146867331881045,3.1220697421814183,3.9396005620270307,3.2367640769590027,4,11435,674.265346,1548.22,4347.81,6530.79,16.95919873064335,79.52,16.87,3.61,0,0,23.81,19.05,4.76,31.63,26.07,5.56,1.32,7.95,15.23,14.57,27.15,13.25,19.21,98.81,84.52,97.62,100.0,54.74,45.26,5.17,2.59,7.76,7.33,9.05,16.38,6.03,7.76,13.79,19.4,15.95,35.35,16.81,9.91,26.72,2.0,3.0,7.0,1.0,1.0,1.0,4.0,1.75,0.12454650547047721,0.12454650547047721,69.28216342625089,138.56432685250178,25.83752637855558,24.42481216952561,16.893100182063247,16.48444812591226,19.07340706623394,19.159944244508612,31.8006301765881,29.602271563820565,-100.94390875516457,-100.94390875516457,-35.78982677637642,-71.57965355275284,0.48920587168766944,-0.7303378314855926,-0.2741391433238908,0.1963223176354318,-0.23380794318291476,-0.7045486260038512,0.6882571878418167,-0.8066116672062235,4.0,1.0,2.0,5.0,7.0,7.0
MUNICERCA 3,2025-03,0.3333333333333333,47.77777777777778,-63.23817683333333,-32.40041853333334,2387.2169828575297,350.1839208869952,2643.703263924421,271.52438648853183,20.62256181627093,15.667375597617633,17.135490695208667,24.901313529947807,176.55297443383935,-0.9943983065792743,-0.13256927323696643,-0.5999812045068048,-1.3867217709781197,9,11435,674.265346,1548.22,4347.81,6530.79,16.95919873064335,79.52,16.87,3.61,0,0,23.81,19.05,4.76,31.63,26.07,5.56,1.32,7.95,15.23,14.57,27.15,13.25,19.21,98.81,84.52,97.62,100.0,54.74,45.26,5.17,2.59,7.76,7.33,9.05,16.38,6.03,7.76,13.79,19.4,15.95,35.35,16.81,9.91,26.72,5.0,6.0,7.0,4.0,1.0,1.0,1.0,1.75,9.09462874390073,9.09462874390073,4.609587624685603,9.219175249371206,26.83263116778803,26.335078773171805,20.331232639715257,18.61216641088925,23.2419612662371,21.15768416623552,32.21299088359963,32.006810530093865,-30.14654055562021,-30.14654055562021,-65.54522465539239,-131.09044931078478,3.146867331881045,1.8180366017843572,3.1220697421814183,1.4239652994287637,3.9396005620270307,1.8528963094220585,3.2367640769590027,1.9625106324004098,13.0,4.0,1.0,17.0,18.0,18.0
MUNICERCA 3,2025-04,0.4,31.6,-63.23952128,-32.39927848,2429.4323340735164,325.19797906544153,2497.276869923652,17.483183034854118,15.000149640885315,8.011722210659007,10.823514301650368,19.806066991971214,4.860229344654214,-2.7489727371461,-2.8132128319342056,-2.5527385466569235,-3.264959212455871,5,11435,674.265346,1548.22,4347.81,6530.79,16.95919873064335,79.52,16.87,3.61,0,0,23.81,19.05,4.76,31.63,26.07,5.56,1.32,7.95,15.23,14.57,27.15,13.25,19.21,98.81,84.52,97.62,100.0,54.74,45.26,5.17,2.59,7.76,7.33,9.05,16.38,6.03,7.76,13.79,19.4,15.95,35.35,16.81,9.91,26.72,13.0,14.0,15.0,9.0,4.0,1.0,1.0,3.75,271.52438648853183,271.52438648853183,140.30950761621628,280.61901523243256,20.62256181627093,23.72759649202948,15.667375597617633,17.999304118666444,17.135490695208667,20.188725980722882,24.901313529947807,28.55715220677372,176.55297443383935,176.55297443383935,73.20321693910958,146.40643387821916,-0.9943983065792743,1.0762345126508857,-0.13256927323696643,1.4947502344722259,-0.5999812045068048,1.6698096787601133,-1.3867217709781197,0.9250211529904415,28.0,13.0,4.0,41.0,45.0,45.0
MUNICERCA 3,2025-05,1.0,53.0,-63.2376776,-32.401256599999996,2320.788799133301,351.82491333586927,2733.508814425492,1.2782495749554557,17.606405249152832,13.019160409382009,12.79801235571883,23.228788915088625,0.7727641594553847,2.594554987464599,3.392210907847706,2.7421492507926155,2.6267795021111953,2,11435,674.265346,1548.22,4347.81,6530.79,16.95919873064335,79.52,16.87,3.61,0,0,23.81,19.05,4.76,31.63,26.07,5.56,1.32,7.95,15.23,14.57,27.15,13.25,19.21,98.81,84.52,97.62,100.0,54.74,45.26,5.17,2.59,7.76,7.33,9.05,16.38,6.03,7.76,13.79,19.4,15.95,35.35,16.81,9.91,26.72,14.0,18.0,19.0,5.0,9.0,4.0,1.0,4.75,17.483183034854118,17.483183034854118,144.50378476169297,289.00756952338594,15.000149640885315,17.81135572857812,8.011722210659007,11.83954890413832,10.823514301650368,13.979502498429515,19.806066991971214,22.35369026095951,4.860229344654214,4.860229344654214,90.70660188924678,181.41320377849357,-2.7489727371461,-1.8716855218626869,-2.8132128319342056,-1.472891052585586,-2.5527385466569235,-1.5763598755818637,-3.264959212455871,-2.3258404917169955,22.0,28.0,13.0,50.0,63.0,63.0
MUNICERCA 4,2023-12,1.0,43.0,-63.2204643,-32.4062217,2270.791910908404,68.24208120556484,2318.7079776966607,453.30372380754926,19.263893986997875,16.455425588234103,15.629079768092613,25.27089755783349,286.0980757847711,-3.5610001233638626,2.1740278746788735,-2.5625036534026124,-3.0003587830410785,1,10264,366.873263,1037.54,2824.19,3548.26,27.976963805072923,83.72,12.79,3.49,0,0,20.93,20.93,0.0,31.9,31.9,0.0,0.0,6.21,24.83,17.93,22.07,11.03,16.55,96.51,83.72,96.51,100.0,56.8,43.2,5.34,3.4,8.74,5.83,5.83,11.66,7.28,5.34,12.62,25.73,16.98,42.71,12.62,11.65,24.27,,,,,,,,,453.30372380754926,453.30372380754926,266.7026923672842,533.4053847345684,19.263893986997875,22.394887506312408,16.455425588234103,16.887780412898955,15.629079768092613,17.91346395079926,25.27089755783349,28.1123211423292,286.0980757847711,286.0980757847711,152.68296733264253,305.36593466528507,-3.5610001233638626,-1.9594262682028079,2.1740278746788735,1.5932661575824225,-2.5625036534026124,-1.3539871196054287,-3.0003587830410785,-1.7961388517008774,,,,,,
MUNICERCA 4,2024-01,0.47368421052631576,34.73684210526316,-63.22672183684211,-32.40622106315789,2104.915888241027,164.08410291465987,2876.8269275251796,80.10166092701917,25.52588102562694,17.32013523756381,20.19784813350591,30.953744726824915,19.26785888051399,-0.35785241304175297,1.0125044404859718,-0.14547058580824482,-0.5919189203606761,19,10264,366.873263,1037.54,2824.19,3548.26,27.976963805072923,83.72,12.79,3.49,0,0,20.93,20.93,0.0,31.9,31.9,0.0,0.0,6.21,24.83,17.93,22.07,11.03,16.55,96.51,83.72,96.51,100.0,56.8,43.2,5.34,3.4,8.74,5.83,5.83,11.66,7.28,5.34,12.62,25.73,16.98,42.71,12.62,11.65,24.27,,,,1.0,,,,,453.30372380754926,453.30372380754926,266.7026923672842,533.4053847345684,19.263893986997875,22.394887506312408,16.455425588234103,16.887780412898955,15.629079768092613,17.91346395079926,25.27089755783349,28.1123211423292,286.0980757847711,286.0980757847711,152.68296733264253,305.36593466528507,-3.5610001233638626,-1.9594262682028079,2.1740278746788735,1.5932661575824225,-2.5625036534026124,-1.3539871196054287,-3.0003587830410785,-1.7961388517008774,4.0,,,,,
MUNICERCA 4,2024-02,0.5,32.878787878787875,-63.22506714696969,-32.40488511969697,2296.2812646021116,191.98734591676129,2776.3680675027485,121.38447021042998,24.850730698014516,19.352753348496677,20.870821078337514,29.569501752623083,76.5028714921249,0.6076365160803274,1.9117827568829346,1.3030729591245493,0.14650540116909042,66,10264,366.873263,1037.54,2824.19,3548.26,27.976963805072923,83.72,12.79,3.49,0,0,20.93,20.93,0.0,31.9,31.9,0.0,0.0,6.21,24.83,17.93,22.07,11.03,16.55,96.51,83.72,96.51,100.0,56.8,43.2,5.34,3.4,8.74,5.83,5.83,11.66,7.28,5.34,12.62,25.73,16.98,42.71,12.62,11.65,24.27,20.0,,,19.0,1.0,,,,80.10166092701917,80.10166092701917,266.7026923672842,533.4053847345684,25.52588102562694,22.394887506312408,17.32013523756381,16.887780412898955,20.19784813350591,17.91346395079926,30.953744726824915,28.1123211423292,19.26785888051399,19.26785888051399,152.68296733264253,305.36593466528507,-0.35785241304175297,-1.9594262682028079,1.0125044404859718,1.5932661575824225,-0.14547058580824482,-1.3539871196054287,-0.5919189203606761,-1.7961388517008774,21.0,4.0,,25.0,,
MUNICERCA 4,2024-03,0.4177215189873418,35.04430379746835,-63.22679862531645,-32.40612882848101,2118.589707967873,182.1315454430206,2900.005297910006,26.97259372365657,23.662453845990115,18.18843930778654,19.60612502490587,28.62010265819162,-14.086238770810295,1.9583163641718968,2.874456513984591,1.9055985215696238,2.276654498929525,158,10264,366.873263,1037.54,2824.19,3548.26,27.976963805072923,83.72,12.79,3.49,0,0,20.93,20.93,0.0,31.9,31.9,0.0,0.0,6.21,24.83,17.93,22.07,11.03,16.55,96.51,83.72,96.51,100.0,56.8,43.2,5.34,3.4,8.74,5.83,5.83,11.66,7.28,5.34,12.62,25.73,16.98,42.71,12.62,11.65,24.27,85.0,86.0,,66.0,19.0,1.0,,,121.38447021042998,121.38447021042998,100.74306556872457,201.48613113744915,24.850730698014516,25.18830586182073,19.352753348496677,18.336444293030244,20.870821078337514,20.534334605921714,29.569501752623083,30.261623239724,76.5028714921249,76.5028714921249,47.88536518631945,95.7707303726389,0.6076365160803274,0.12489205151928723,1.9117827568829346,1.4621435986844533,1.3030729591245493,0.5788011866581523,0.14650540116909042,-0.22270675959579284,115.0,21.0,4.0,136.0,140.0,140.0
MUNICERCA 4,2024-04,0.45416666666666666,29.770833333333332,-63.22573296458334,-32.40525761208333,2242.9129287568367,180.76884915166258,2858.4644422839574,46.164534697185054,18.510852835584355,13.386044735950858,14.650293879623963,23.075627894557044,26.053645876408712,0.14215308071044658,0.8998310363385041,0.39445993593906614,-0.17235165810046957,240,10264,366.873263,1037.54,2824.19,3548.26,27.976963805072923,83.72,12.79,3.49,0,0,20.93,20.93,0.0,31.9,31.9,0.0,0.0,6.21,24.83,17.93,22.07,11.03,16.55,96.51,83.72,96.51,100.0,56.8,43.2,5.34,3.4,8.74,5.83,5.83,11.66,7.28,5.34,12.62,25.73,16.98,42.71,12.62,11.65,24.27,224.0,243.0,244.0,158.0,66.0,19.0,1.0,61.0,26.97259372365657,26.97259372365657,74.17853196704327,148.35706393408654,23.662453845990115,24.256592272002315,18.18843930778654,18.770596328141608,19.60612502490587,20.238473051621693,28.62010265819162,29.09480220540735,-14.086238770810295,-14.086238770810295,31.208316360657307,62.41663272131461,1.9583163641718968,1.2829764401261121,2.874456513984591,2.3931196354337625,1.9055985215696238,1.6043357403470866,2.276654498929525,1.2115799500493076,421.0,115.0,21.0,536.0,557.0,557.0
MUNICERCA 4,2024-05,0.6666666666666666,46.333333333333336,-63.22957466666667,-32.40570496666667,2066.5848912073166,145.0851047861797,3173.282217836983,22.905950687150835,11.661774330338382,6.568365848591661,8.91627884474794,14.863853053251182,15.69538066737645,-3.191384788243319,-2.4433033159180235,-2.213307721188114,-4.540286712735508,6,10264,366.873263,1037.54,2824.19,3548.26,27.976963805072923,83.72,12.79,3.49,0,0,20.93,20.93,0.0,31.9,31.9,0.0,0.0,6.21,24.83,17.93,22.07,11.03,16.55,96.51,83.72,96.51,100.0,56.8,43.2,5.34,3.4,8.74,5.83,5.83,11.66,7.28,5.34,12.62,25.73,16.98,42.71,12.62,11.65,24.27,398.0,464.0,483.0,240.0,158.0,66.0,19.0,120.75,46.164534697185054,46.164534697185054,36.56856421042081,73.13712842084162,18.510852835584355,21.086653340787237,13.386044735950858,15.787242021868698,14.650293879623963,17.12820945226492,23.075627894557044,25.847865276374332,26.053645876408712,26.053645876408712,5.983703552799209,11.967407105598419,0.14215308071044658,1.0502347224411717,0.8998310363385041,1.8871437751615472,0.39445993593906614,1.150029228754345,-0.17235165810046957,1.0521514204145277,598.0,421.0,115.0,1019.0,1134.0,1134.0
MUNICERCA 4,2024-11,0.5,36.0,-63.22386975,-32.403813,2482.504419064796,181.13052684467868,2765.0307358340897,50.50359180559226,24.35948224664977,14.961170734907324,19.5049578312171,28.961805632874814,11.739659726825941,0.5949652572597133,1.676421995240914,0.7702598535152789,-0.38501646998977224,2,10264,366.873263,1037.54,2824.19,3548.26,27.976963805072923,83.72,12.79,3.49,0,0,20.93,20.93,0.0,31.9,31.9,0.0,0.0,6.21,24.83,17.93,22.07,11.03,16.55,96.51,83.72,96.51,100.0,56.8,43.2,5.34,3.4,8.74,5.83,5.83,11.66,7.28,5.34,12.62,25.73,16.98,42.71,12.62,11.65,24.27,246.0,404.0,470.0,6.0,240.0,158.0,66.0,117.5,22.905950687150835,22.905950687150835,34.53524269216794,69.07048538433588,11.661774330338382,15.086313582961369,6.568365848591661,9.97720529227126,8.91627884474794,11.783286362185951,14.863853053251182,18.969740473904114,15.69538066737645,15.69538066737645,20.87451327189258,41.74902654378516,-3.191384788243319,-1.524615853766436,-2.4433033159180235,-0.77173613978976,-2.213307721188114,-0.9094238926245239,-4.540286712735508,-2.3563191854179886,2.0,1.0,0.0,3.0,3.0,3.0
MUNICERCA 4,2024-12,0.0,32.0,-63.223168,-32.3998047,2927.681194977739,216.9767665776186,2884.4901283714394,13.272328177053629,21.763416234917532,13.995357320520966,19.19494169846045,25.70531726308986,-19.299431695912713,-1.417345791127529,-2.1979261578980194,-0.2921146098620341,-1.655280135456146,1,10264,366.873263,1037.54,2824.19,3548.26,27.976963805072923,83.72,12.79,3.49,0,0,20.93,20.93,0.0,31.9,31.9,0.0,0.0,6.21,24.83,17.93,22.07,11.03,16.55,96.51,83.72,96.51,100.0,56.8,43.2,5.34,3.4,8.74,5.83,5.83,11.66,7.28,5.34,12.62,25.73,16.98,42.71,12.62,11.65,24.27,8.0,248.0,406.0,2.0,6.0,240.0,158.0,101.5,50.50359180559226,50.50359180559226,36.70477124637155,73.4095424927431,24.35948224664977,18.010628288494075,14.961170734907324,10.764768291749492,19.5049578312171,14.21061833798252,28.961805632874814,21.912829343063,11.739659726825941,11.739659726825941,13.717520197101194,27.43504039420239,0.5949652572597133,-1.2982097654918028,1.676421995240914,-0.38344066033855495,0.7702598535152789,-0.7215239338364176,-0.38501646998977224,-2.46265159136264,1.0,2.0,1.0,3.0,4.0,4.0
MUNICERCA 4,2025-02,0.3333333333333333,22.0,-63.226525933333335,-32.40471205,2276.554040024436,173.51014052949722,2903.804039149973,9.969361641841962,25.716223936130774,18.58986095786525,21.097469046474895,30.728922935073854,-11.206805390113788,2.0724262135615543,2.418106728906872,2.5875882458744885,1.6929730019864675,6,10264,366.873263,1037.54,2824.19,3548.26,27.976963805072923,83.72,12.79,3.49,0,0,20.93,20.93,0.0,31.9,31.9,0.0,0.0,6.21,24.83,17.93,22.07,11.03,16.55,96.51,83.72,96.51,100.0,56.8,43.2,5.34,3.4,8.74,5.83,5.83,11.66,7.28,5.34,12.62,25.73,16.98,42.71,12.62,11.65,24.27,3.0,9.0,249.0,1.0,2.0,6.0,240.0,62.25,13.272328177053629,13.272328177053629,31.887959991322944,63.77591998264589,21.763416234917532,23.061449240783652,13.995357320520966,14.478264027714145,19.19494169846045,19.349949764838776,25.70531726308986,27.333561447982337,-19.299431695912713,-19.299431695912713,-3.7798859845433848,-7.5597719690867695,-1.417345791127529,-0.4111902669339078,-2.1979261578980194,-0.2607520813285529,-0.2921146098620341,0.23907262182662242,-1.655280135456146,-1.020148302722959,5.0,4.0,1.0,9.0,10.0,10.0
MUNICERCA 4,2025-03,0.16666666666666666,37.0,-63.229913675,-32.407326266666665,1891.8740029742357,177.1988378890247,3119.048771399213,26.530962165754392,22.608721463048624,17.072856868481995,18.40884354339675,27.20266369984479,-2.0271387870309283,0.4391487264497977,1.4667354394536607,0.41005107875192787,0.39094218065714864,12,10264,366.873263,1037.54,2824.19,3548.26,27.976963805072923,83.72,12.79,3.49,0,0,20.93,20.93,0.0,31.9,31.9,0.0,0.0,6.21,24.83,17.93,22.07,11.03,16.55,96.51,83.72,96.51,100.0,56.8,43.2,5.34,3.4,8.74,5.83,5.83,11.66,7.28,5.34,12.62,25.73,16.98,42.71,12.62,11.65,24.27,7.0,9.0,15.0,6.0,1.0,2.0,6.0,3.75,9.969361641841962,9.969361641841962,11.620844909447795,23.24168981889559,25.716223936130774,23.73982008552415,18.58986095786525,16.292609139193107,21.097469046474895,20.146205372467673,30.728922935073854,28.217120099081857,-11.206805390113788,-11.206805390113788,-15.253118543013247,-30.506237086026495,2.0724262135615543,0.3275402112170127,2.418106728906872,0.11009028550442612,2.5875882458744885,1.1477368180062273,1.6929730019864675,0.018846433265160778,8.0,5.0,4.0,13.0,17.0,17.0
MUNICERCA 4,2025-04,0.5,41.3,-63.226569729999994,-32.40705362,2023.2714648417143,194.46336568949235,2839.3589336421837,13.15214369411259,17.788289284234448,11.564251520265671,13.194078308520591,22.88664186168929,-22.32428072719186,0.5374928347851223,-0.20897448867937135,-0.1366615732068398,0.8551439911380765,10,10264,366.873263,1037.54,2824.19,3548.26,27.976963805072923,83.72,12.79,3.49,0,0,20.93,20.93,0.0,31.9,31.9,0.0,0.0,6.21,24.83,17.93,22.07,11.03,16.55,96.51,83.72,96.51,100.0,56.8,43.2,5.34,3.4,8.74,5.83,5.83,11.66,7.28,5.34,12.62,25.73,16.98,42.71,12.62,11.65,24.27,18.0,19.0,21.0,12.0,6.0,1.0,2.0,5.25,26.530962165754392,26.530962165754392,18.250161903798176,36.50032380759635,22.608721463048624,24.1624726995897,17.072856868481995,17.831358913173624,18.40884354339675,19.75315629493582,27.20266369984479,28.965793317459323,-2.0271387870309283,-2.0271387870309283,-6.616972088572358,-13.233944177144716,0.4391487264497977,1.255787470005676,1.4667354394536607,1.9424210841802663,0.41005107875192787,1.4988196623132082,0.39094218065714864,1.041957591321808,32.0,8.0,5.0,40.0,45.0,45.0
MUNICERCA 4,2025-05,0.4,45.8,-63.230343360000006,-32.40650024,1970.2353491426718,161.58106162046292,3161.8832997153986,5.958490071893306,19.622867059593812,15.92504793995894,17.082722278326635,23.98299065965374,-0.7523108498702461,4.405404842050949,6.455544631556774,5.875301217128718,3.6090886142978382,5,10264,366.873263,1037.54,2824.19,3548.26,27.976963805072923,83.72,12.79,3.49,0,0,20.93,20.93,0.0,31.9,31.9,0.0,0.0,6.21,24.83,17.93,22.07,11.03,16.55,96.51,83.72,96.51,100.0,56.8,43.2,5.34,3.4,8.74,5.83,5.83,11.66,7.28,5.34,12.62,25.73,16.98,42.71,12.62,11.65,24.27,22.0,28.0,29.0,10.0,12.0,6.0,1.0,7.25,13.15214369411259,13.15214369411259,19.841552929933492,39.683105859866984,17.788289284234448,20.198505373641538,11.564251520265671,14.318554194373833,13.194078308520591,15.80146092595867,22.88664186168929,25.04465278076704,-22.32428072719186,-22.32428072719186,-12.175709757111393,-24.351419514222787,0.5374928347851223,0.48832078061746,-0.20897448867937135,0.6288804753871444,-0.1366615732068398,0.13669475277254403,0.8551439911380765,0.6230430858976126,19.0,32.0,8.0,51.0,59.0,59.0
MUNICERCA 5,2023-12,1.0,43.0,-63.2154478,-32.41223755,1827.105580653195,231.54984805929215,1682.1284033285492,70.86850716016282,25.10753705565768,16.768053150908656,20.519069928376513,29.889733137211586,51.7062307386396,0.44186242220769906,4.240725189516786,1.6064472646666614,-0.2802128975377647,2,15494,663.789366,834.81,2302.45,3548.26,23.341741813923544,78.99,20.29,0.72,0,0,34.53,31.65,2.88,38.64,34.85,3.79,1.17,7.0,15.56,17.9,27.63,10.89,19.84,98.56,81.29,100.0,100.0,50.76,49.24,2.03,4.57,6.6,6.85,7.61,14.46,7.11,8.12,15.23,23.6,19.04,42.64,11.17,9.9,21.07,,,,,,,,,70.86850716016282,70.86850716016282,35.6809182106309,71.3618364212618,25.10753705565768,25.292329079711436,16.768053150908656,16.29129003022759,20.519069928376513,20.13178471588199,29.889733137211586,30.58023655222656,51.7062307386396,51.7062307386396,7.726610104096867,15.453220208193734,0.44186242220769906,-0.009237449184106766,4.240725189516786,1.3616781032405323,1.6064472646666614,0.4517323673363731,-0.2802128975377647,-0.2432989128322683,,,,,,
MUNICERCA 5,2024-01,0.3333333333333333,47.0,-63.218950488888886,-32.41140662222222,1826.9204393247496,115.93518437791278,2048.636851330125,0.4933292610989818,25.477121103765196,15.814526909546522,19.744499503387473,31.270739967241532,-36.25301053044586,-0.4603373205759126,-1.517368983035721,-0.7029825299939152,-0.2063849281267719,9,15494,663.789366,834.81,2302.45,3548.26,23.341741813923544,78.99,20.29,0.72,0,0,34.53,31.65,2.88,38.64,34.85,3.79,1.17,7.0,15.56,17.9,27.63,10.89,19.84,98.56,81.29,100.0,100.0,50.76,49.24,2.03,4.57,6.6,6.85,7.61,14.46,7.11,8.12,15.23,23.6,19.04,42.64,11.17,9.9,21.07,,,,2.0,,,,,70.86850716016282,70.86850716016282,35.6809182106309,71.3618364212618,25.10753705565768,25.292329079711436,16.768053150908656,16.29129003022759,20.519069928376513,20.13178471588199,29.889733137211586,30.58023655222656,51.7062307386396,51.7062307386396,7.726610104096867,15.453220208193734,0.44186242220769906,-0.009237449184106766,4.240725189516786,1.3616781032405323,1.6064472646666614,0.4517323673363731,-0.2802128975377647,-0.2432989128322683,4.0,,,,,
MUNICERCA 5,2024-02,0.4074074074074074,36.425925925925924,-63.217781716666664,-32.41253074814815,1765.875192361554,168.08645254359047,1926.0859825283128,95.9734877777867,25.527976155099147,19.206609236783923,20.91972523741893,30.902215139172334,51.53480221520344,1.043652919599142,1.7189155427830494,1.2293938592199878,1.0771636737257695,54,15494,663.789366,834.81,2302.45,3548.26,23.341741813923544,78.99,20.29,0.72,0,0,34.53,31.65,2.88,38.64,34.85,3.79,1.17,7.0,15.56,17.9,27.63,10.89,19.84,98.56,81.29,100.0,100.0,50.76,49.24,2.03,4.57,6.6,6.85,7.61,14.46,7.11,8.12,15.23,23.6,19.04,42.64,11.17,9.9,21.07,11.0,,,9.0,2.0,,,,0.4933292610989818,0.4933292610989818,35.6809182106309,71.3618364212618,25.477121103765196,25.292329079711436,15.814526909546522,16.29129003022759,19.744499503387473,20.13178471588199,31.270739967241532,30.58023655222656,-36.25301053044586,-36.25301053044586,7.726610104096867,15.453220208193734,-0.4603373205759126,-0.009237449184106766,-1.517368983035721,1.3616781032405323,-0.7029825299939152,0.4517323673363731,-0.2063849281267719,-0.2432989128322683,36.0,4.0,,40.0,,
MUNICERCA 5,2024-03,0.4375,38.0625,-63.21713664261363,-32.41345033977273,1709.5441172449398,184.07004306071278,1855.2753082747522,36.490422456429776,23.72627268252968,18.449763740222497,19.837485498231963,28.461504233971194,-3.7456979257741763,1.9538318960957346,3.144166537577088,2.1070164014413035,2.0298192505924835,176,15494,663.789366,834.81,2302.45,3548.26,23.341741813923544,78.99,20.29,0.72,0,0,34.53,31.65,2.88,38.64,34.85,3.79,1.17,7.0,15.56,17.9,27.63,10.89,19.84,98.56,81.29,100.0,100.0,50.76,49.24,2.03,4.57,6.6,6.85,7.61,14.46,7.11,8.12,15.23,23.6,19.04,42.64,11.17,9.9,21.07,63.0,65.0,,54.0,9.0,2.0,,,95.9734877777867,95.9734877777867,48.23340851944284,96.46681703888568,25.527976155099147,25.50254862943217,19.206609236783923,17.510568073165224,20.91972523741893,20.332112370403202,30.902215139172334,31.086477553206933,51.53480221520344,51.53480221520344,7.640895842378789,15.281791684757579,1.043652919599142,0.2916577995116147,1.7189155427830494,0.10077327987366413,1.2293938592199878,0.2632056646130363,1.0771636737257695,0.4353893727994988,134.0,36.0,4.0,170.0,174.0,174.0
MUNICERCA 5,2024-04,0.45038167938931295,29.874045801526716,-63.21673075152672,-32.413178085496185,1762.6254634336226,180.62673181677192,1822.9741892320797,45.972791425058304,18.662325417864054,13.60029225675129,14.769067699966879,23.32464927842187,24.897843166117077,0.2953560130691672,1.131617848757118,0.5507330056375669,0.005492390322349248,262,15494,663.789366,834.81,2302.45,3548.26,23.341741813923544,78.99,20.29,0.72,0,0,34.53,31.65,2.88,38.64,34.85,3.79,1.17,7.0,15.56,17.9,27.63,10.89,19.84,98.56,81.29,100.0,100.0,50.76,49.24,2.03,4.57,6.6,6.85,7.61,14.46,7.11,8.12,15.23,23.6,19.04,42.64,11.17,9.9,21.07,230.0,239.0,241.0,176.0,54.0,9.0,2.0,60.25,36.490422456429776,36.490422456429776,66.23195511710824,132.46391023421648,23.72627268252968,24.62712441881441,18.449763740222497,18.82818648850321,19.837485498231963,20.378605367825447,28.461504233971194,29.681859686571762,-3.7456979257741763,-3.7456979257741763,23.894552144714634,47.78910428942927,1.9538318960957346,1.4987424078474383,3.144166537577088,2.431541040180069,2.1070164014413035,1.6682051303306458,2.0298192505924835,1.5534914621591265,418.0,134.0,36.0,552.0,588.0,588.0
MUNICERCA 5,2024-05,0.25,53.75,-63.215039925,-32.4151116,1689.334453018244,240.26683752972022,1645.0503006405,8.901132565171041,12.160821815280805,7.9540451804182,8.711632516714763,16.41101699775321,3.7203350982071104,-3.2943001045630806,-2.1194111771668585,-2.553509457840358,-4.2991455253045165,4,15494,663.789366,834.81,2302.45,3548.26,23.341741813923544,78.99,20.29,0.72,0,0,34.53,31.65,2.88,38.64,34.85,3.79,1.17,7.0,15.56,17.9,27.63,10.89,19.84,98.56,81.29,100.0,100.0,50.76,49.24,2.03,4.57,6.6,6.85,7.61,14.46,7.11,8.12,15.23,23.6,19.04,42.64,11.17,9.9,21.07,438.0,492.0,501.0,262.0,176.0,54.0,9.0,125.25,45.972791425058304,45.972791425058304,41.231606940744044,82.46321388148809,18.662325417864054,21.194299050196868,13.60029225675129,16.025027998486895,14.769067699966879,17.30327659909942,23.32464927842187,25.893076756196532,24.897843166117077,24.897843166117077,10.57607262017145,21.1521452403429,0.2953560130691672,1.1245939545824508,1.131617848757118,2.137892193167103,0.5507330056375669,1.3288747035394353,0.005492390322349248,1.0176558204574164,617.0,418.0,134.0,1035.0,1169.0,1169.0
MUNICERCA 5,2024-09,1.0,22.0,-63.224858,-32.412155,1543.6483284538158,204.8695254197055,2565.335062247629,0.15802810409621107,15.335186209894378,2.287038795453328,8.3187578053874,21.51389530357953,0.10077895394523814,-0.9258081714804057,-0.6582509448442012,-1.783854499300102,-1.320171807965608,1,15494,663.789366,834.81,2302.45,3548.26,23.341741813923544,78.99,20.29,0.72,0,0,34.53,31.65,2.88,38.64,34.85,3.79,1.17,7.0,15.56,17.9,27.63,10.89,19.84,98.56,81.29,100.0,100.0,50.76,49.24,2.03,4.57,6.6,6.85,7.61,14.46,7.11,8.12,15.23,23.6,19.04,42.64,11.17,9.9,21.07,266.0,442.0,496.0,4.0,262.0,176.0,54.0,124.0,8.901132565171041,8.901132565171041,27.43696199511467,54.87392399022934,12.160821815280805,15.41157361657243,7.9540451804182,10.777168718584745,8.711632516714763,11.74035010834082,16.41101699775321,19.86783313808754,3.7203350982071104,3.7203350982071104,14.309089132162093,28.618178264324186,-3.2943001045630806,-1.4994720457469568,-2.1194111771668585,-0.4938966642048701,-2.553509457840358,-1.0013882261013958,-4.2991455253045165,-2.1468265674910834,1.0,0.0,0.0,1.0,1.0,1.0
MUNICERCA 5,2024-10,1.0,40.0,-63.2229575,-32.4181849,922.7995420809292,493.2014759705149,2379.8877429415047,63.0775609364601,19.956023841248633,14.46097586266353,18.516599566532093,23.4105074910606,46.979098767589036,1.6841705267429536,7.508919338837141,5.9120132831662096,-1.4900060519624025,1,15494,663.789366,834.81,2302.45,3548.26,23.341741813923544,78.99,20.29,0.72,0,0,34.53,31.65,2.88,38.64,34.85,3.79,1.17,7.0,15.56,17.9,27.63,10.89,19.84,98.56,81.29,100.0,100.0,50.76,49.24,2.03,4.57,6.6,6.85,7.61,14.46,7.11,8.12,15.23,23.6,19.04,42.64,11.17,9.9,21.07,5.0,267.0,443.0,1.0,4.0,262.0,176.0,110.75,0.15802810409621107,0.15802810409621107,4.529580334633626,9.059160669267252,15.335186209894378,13.748004012587591,2.287038795453328,5.1205419879357645,8.3187578053874,8.515195161051082,21.51389530357953,18.96245615066637,0.10077895394523814,0.10077895394523814,1.9105570260761742,3.8211140521523483,-0.9258081714804057,-2.1100541380217432,-0.6582509448442012,-1.3888310610055299,-1.783854499300102,-2.1686819785702305,-1.320171807965608,-2.8096586666350625,1.0,1.0,0.0,2.0,2.0,2.0
MUNICERCA 5,2024-11,1.0,51.0,-63.2128909,-32.4085015,2306.374953215434,112.11072874899273,1561.497622829993,3.1898402644540687,20.335259576482276,8.181855432400134,13.604241205941616,25.983604032955895,-113.19238290804728,1.673513710342546,-0.10799207401703266,0.2630241649259908,1.7809825729949613,1,15494,663.789366,834.81,2302.45,3548.26,23.341741813923544,78.99,20.29,0.72,0,0,34.53,31.65,2.88,38.64,34.85,3.79,1.17,7.0,15.56,17.9,27.63,10.89,19.84,98.56,81.29,100.0,100.0,50.76,49.24,2.03,4.57,6.6,6.85,7.61,14.46,7.11,8.12,15.23,23.6,19.04,42.64,11.17,9.9,21.07,2.0,6.0,268.0,1.0,1.0,4.0,262.0,67.0,63.0775609364601,63.0775609364601,31.617794520278157,63.23558904055631,19.956023841248633,17.645605025571506,14.46097586266353,8.37400732905843,18.516599566532093,13.417678685959746,23.4105074910606,22.462201397320065,46.979098767589036,46.979098767589036,23.539938860767137,47.079877721534274,1.6841705267429536,0.3791811776312739,7.508919338837141,3.42533419699647,5.9120132831662096,2.0640793919330536,-1.4900060519624025,-1.4050889299640053,5.0,1.0,1.0,6.0,7.0,7.0
MUNICERCA 5,2024-12,0.3333333333333333,36.333333333333336,-63.219932433333334,-32.41347853333334,1542.955824544233,226.61237407083505,2108.3433246655627,316.3252805878501,22.239330620070547,15.395226494863145,17.673490018989938,27.665523347842708,215.67184415266033,-3.4571139619855678,0.605691837773346,-2.823407360567355,-3.566598720209235,3,15494,663.789366,834.81,2302.45,3548.26,23.341741813923544,78.99,20.29,0.72,0,0,34.53,31.65,2.88,38.64,34.85,3.79,1.17,7.0,15.56,17.9,27.63,10.89,19.84,98.56,81.29,100.0,100.0,50.76,49.24,2.03,4.57,6.6,6.85,7.61,14.46,7.11,8.12,15.23,23.6,19.04,42.64,11.17,9.9,21.07,2.0,3.0,7.0,1.0,1.0,1.0,4.0,1.75,3.1898402644540687,3.1898402644540687,33.13370060045708,66.26740120091416,20.335259576482276,20.145641708865455,8.181855432400134,11.321415647531833,13.604241205941616,16.060420386236856,25.983604032955895,24.697055762008247,-113.19238290804728,-113.19238290804728,-33.10664207022912,-66.21328414045824,1.673513710342546,1.6788421185427498,-0.10799207401703266,3.7004636324100537,0.2630241649259908,3.0875187240460997,1.7809825729949613,0.1454882605162794,3.0,5.0,1.0,8.0,9.0,9.0
MUNICERCA 5,2025-01,0.5,34.5,-63.2167065,-32.416911150000004,1346.0030400699134,379.6367228848933,1788.1569656017673,14.847592033236033,24.217433214594855,16.13335719506661,19.71341190161955,29.50688738114522,-73.11903959125041,-0.3696109449764729,0.6562253231165487,0.0475219799770701,-0.6631342209404428,2,15494,663.789366,834.81,2302.45,3548.26,23.341741813923544,78.99,20.29,0.72,0,0,34.53,31.65,2.88,38.64,34.85,3.79,1.17,7.0,15.56,17.9,27.63,10.89,19.84,98.56,81.29,100.0,100.0,50.76,49.24,2.03,4.57,6.6,6.85,7.61,14.46,7.11,8.12,15.23,23.6,19.04,42.64,11.17,9.9,21.07,4.0,5.0,6.0,3.0,1.0,1.0,1.0,1.5,316.3252805878501,316.3252805878501,159.75756042615208,319.51512085230416,22.239330620070547,21.28729509827641,15.395226494863145,11.78854096363164,17.673490018989938,15.638865612465777,27.665523347842708,26.8245636903993,215.67184415266033,215.67184415266033,51.239730622306524,102.47946124461305,-3.4571139619855678,-0.8918001258215109,0.605691837773346,0.2488498818781562,-2.823407360567355,-1.2801915978206821,-3.566598720209235,-0.8928080736071368,2.0,3.0,5.0,5.0,10.0,10.0
MUNICERCA 5,2025-02,0.25,33.75,-63.21740485,-32.41247435,1857.3895162749513,123.378238867824,1889.0812398816995,2.0520292168555034,28.385916654345827,19.787515869531934,22.981277068008872,35.178190883045474,-8.043762663742063,2.875977820897207,2.4206340751322495,2.6130516312684224,3.727153794015522,4,15494,663.789366,834.81,2302.45,3548.26,23.341741813923544,78.99,20.29,0.72,0,0,34.53,31.65,2.88,38.64,34.85,3.79,1.17,7.0,15.56,17.9,27.63,10.89,19.84,98.56,81.29,100.0,100.0,50.76,49.24,2.03,4.57,6.6,6.85,7.61,14.46,7.11,8.12,15.23,23.6,19.04,42.64,11.17,9.9,21.07,5.0,6.0,7.0,2.0,3.0,1.0,1.0,1.75,14.847592033236033,14.847592033236033,165.58643631054306,331.1728726210861,24.217433214594855,23.2283819173327,16.13335719506661,15.764291844964877,19.71341190161955,18.693450960304745,29.50688738114522,28.586205364493964,-73.11903959125041,-73.11903959125041,71.27640228070496,142.5528045614099,-0.3696109449764729,-1.9133624534810203,0.6562253231165487,0.6309585804449469,0.0475219799770701,-1.3879426902951424,-0.6631342209404428,-2.114866470574839,3.0,2.0,3.0,5.0,8.0,8.0
MUNICERCA 5,2025-03,0.3684210526315789,34.21052631578947,-63.21462124736842,-32.41373954210526,1851.922355841961,147.65270975578187,1605.2764085244883,109.21666092873288,22.0162727734997,17.315505179434822,18.831954586993582,26.192822674656018,66.52403692395893,-0.3931976173555196,1.0360290129662095,0.35852893709409583,-0.8482024090085454,19,15494,663.789366,834.81,2302.45,3548.26,23.341741813923544,78.99,20.29,0.72,0,0,34.53,31.65,2.88,38.64,34.85,3.79,1.17,7.0,15.56,17.9,27.63,10.89,19.84,98.56,81.29,100.0,100.0,50.76,49.24,2.03,4.57,6.6,6.85,7.61,14.46,7.11,8.12,15.23,23.6,19.04,42.64,11.17,9.9,21.07,6.0,9.0,10.0,4.0,2.0,3.0,1.0,2.5,2.0520292168555034,2.0520292168555034,8.449810625045767,16.899621250091535,28.385916654345827,26.30167493447034,19.787515869531934,17.96043653229927,22.981277068008872,21.34734448481421,35.178190883045474,32.34253913209535,-8.043762663742063,-8.043762663742063,-40.581401127496235,-81.16280225499247,2.875977820897207,1.253183437960367,2.4206340751322495,1.5384296991243986,2.6130516312684224,1.3302868056227464,3.727153794015522,1.5320097865375397,25.0,3.0,2.0,28.0,30.0,30.0
MUNICERCA 5,2025-04,0.5,30.9,-63.218218300000004,-32.41533378,1450.8605070278102,260.78064986494707,1934.354389994343,3.5516685277678604,17.100232405007365,11.205403301323178,12.72908087393901,22.524028841449017,-10.431674974609532,-0.885720201193808,-0.903776973481253,-1.115169614342239,-0.6650595645839711,10,15494,663.789366,834.81,2302.45,3548.26,23.341741813923544,78.99,20.29,0.72,0,0,34.53,31.65,2.88,38.64,34.85,3.79,1.17,7.0,15.56,17.9,27.63,10.89,19.84,98.56,81.29,100.0,100.0,50.76,49.24,2.03,4.57,6.6,6.85,7.61,14.46,7.11,8.12,15.23,23.6,19.04,42.64,11.17,9.9,21.07,23.0,25.0,28.0,19.0,4.0,2.0,3.0,7.0,109.21666092873288,109.21666092873288,55.63434507279419,111.26869014558838,22.0162727734997,25.201094713922764,17.315505179434822,18.551510524483376,18.831954586993582,20.906615827501227,26.192822674656018,30.685506778850744,66.52403692395893,66.52403692395893,29.240137130108437,58.48027426021687,-0.3931976173555196,1.2413901017708437,1.0360290129662095,1.728331544049229,0.35852893709409583,1.4857902841812591,-0.8482024090085454,1.4394756925034884,64.0,25.0,3.0,89.0,92.0,92.0
MUNICERCA 5,2025-05,0.5,26.0,-63.214315225,-32.414421325,1755.7988420775632,198.79635700802785,1597.9259231398455,5.325975740249596,18.683178831845357,15.34446350633226,14.51425374518874,23.759237942316517,-3.424140390430139,3.3311176873344523,5.662653457116311,3.4188064592186875,3.3302735393759786,4,15494,663.789366,834.81,2302.45,3548.26,23.341741813923544,78.99,20.29,0.72,0,0,34.53,31.65,2.88,38.64,34.85,3.79,1.17,7.0,15.56,17.9,27.63,10.89,19.84,98.56,81.29,100.0,100.0,50.76,49.24,2.03,4.57,6.6,6.85,7.61,14.46,7.11,8.12,15.23,23.6,19.04,42.64,11.17,9.9,21.07,29.0,33.0,35.0,10.0,19.0,4.0,2.0,8.75,3.5516685277678604,3.5516685277678604,56.38416472825037,112.76832945650074,17.100232405007365,19.558252589253534,11.205403301323178,14.260454240379001,12.72908087393901,15.780517730466297,22.524028841449017,24.35842575805252,-10.431674974609532,-10.431674974609532,28.046180974674698,56.092361949349396,-0.885720201193808,-0.6394589092746639,-0.903776973481253,0.06612601974247784,-1.115169614342239,-0.37832033862407155,-0.6650595645839711,-0.7566309867962582,25.0,64.0,25.0,89.0,114.0,114.0
ZONA CENTRAL,2023-12,1.0,40.5,-63.25301845,-32.408478099999996,954.234853300007,130.273769853462,3267.6533154763597,7.324839140197286,23.71715302286981,12.558650512305677,19.11070280184569,28.668854625493616,4.920497790198177,-3.347270114371132,-1.8927048125454653,-1.9324337948339976,-4.421523182123572,2,27066,514.254671,18.96,741.16,2034.07,52.63151027363249,92.64,7.36,0.0,0,0,5.19,4.76,0.43,7.09,6.48,0.61,0.81,2.43,10.0,9.46,27.84,10.81,38.65,99.57,98.7,100.0,99.57,56.39,43.61,3.65,1.42,5.07,4.06,4.46,8.52,4.67,2.84,7.51,19.88,18.65,38.53,24.14,16.23,40.37,,,,,,,,,7.324839140197286,7.324839140197286,31.928687584114257,63.857375168228515,23.71715302286981,24.31672368094119,12.558650512305677,14.771102130113729,19.11070280184569,19.569234464097867,28.668854625493616,29.210032065411845,4.920497790198177,4.920497790198177,16.64379610536942,33.28759221073884,-3.347270114371132,-2.6535807569593004,-1.8927048125454653,-0.34453932728907866,-1.9324337948339976,-1.536425467909416,-4.421523182123572,-3.5507212028754482,,,,,,
ZONA CENTRAL,2024-01,0.3076923076923077,32.61538461538461,-63.244884007692306,-32.41429423076923,760.4386321351601,88.41922366524506,3544.9996960104927,56.53253602803123,24.916294339012573,16.983553747921782,20.027766126350045,29.751209505330078,28.367094420540663,-1.9598913995474687,1.203626157967308,-1.1404171409848343,-2.679919223627325,13,27066,514.254671,18.96,741.16,2034.07,52.63151027363249,92.64,7.36,0.0,0,0,5.19,4.76,0.43,7.09,6.48,0.61,0.81,2.43,10.0,9.46,27.84,10.81,38.65,99.57,98.7,100.0,99.57,56.39,43.61,3.65,1.42,5.07,4.06,4.46,8.52,4.67,2.84,7.51,19.88,18.65,38.53,24.14,16.23,40.37,,,,2.0,,,,,7.324839140197286,7.324839140197286,31.928687584114257,63.857375168228515,23.71715302286981,24.31672368094119,12.558650512305677,14.771102130113729,19.11070280184569,19.569234464097867,28.668854625493616,29.210032065411845,4.920497790198177,4.920497790198177,16.64379610536942,33.28759221073884,-3.347270114371132,-2.6535807569593004,-1.8927048125454653,-0.34453932728907866,-1.9324337948339976,-1.536425467909416,-4.421523182123572,-3.5507212028754482,3.0,,,,,
ZONA CENTRAL,2024-02,0.423728813559322,44.50847457627118,-63.245721674576274,-32.41404484915254,802.6926085042443,152.19378468198715,3552.2848185198504,177.88335495428885,24.48446623938615,18.988087091555425,20.41840413693685,29.473367262534946,120.75710095009627,0.10190129922991419,1.5106256910002964,0.7582049784173985,-0.19640534645016178,59,27066,514.254671,18.96,741.16,2034.07,52.63151027363249,92.64,7.36,0.0,0,0,5.19,4.76,0.43,7.09,6.48,0.61,0.81,2.43,10.0,9.46,27.84,10.81,38.65,99.57,98.7,100.0,99.57,56.39,43.61,3.65,1.42,5.07,4.06,4.46,8.52,4.67,2.84,7.51,19.88,18.65,38.53,24.14,16.23,40.37,15.0,,,13.0,2.0,,,,56.53253602803123,56.53253602803123,31.928687584114257,63.857375168228515,24.916294339012573,24.31672368094119,16.983553747921782,14.771102130113729,20.027766126350045,19.569234464097867,29.751209505330078,29.210032065411845,28.367094420540663,28.367094420540663,16.64379610536942,33.28759221073884,-1.9598913995474687,-2.6535807569593004,1.203626157967308,-0.34453932728907866,-1.1404171409848343,-1.536425467909416,-2.679919223627325,-3.5507212028754482,18.0,3.0,,21.0,,
ZONA CENTRAL,2024-03,0.4594594594594595,41.54054054054054,-63.24477397513513,-32.413945985945944,767.014413769238,135.71322592768996,3539.510790098845,35.91081877790975,23.402584834810302,17.590612153245996,19.33557992028027,28.411174377132415,-12.898988479773898,1.8274329135179754,2.44788066475754,1.7611860928590979,2.1846809073442675,185,27066,514.254671,18.96,741.16,2034.07,52.63151027363249,92.64,7.36,0.0,0,0,5.19,4.76,0.43,7.09,6.48,0.61,0.81,2.43,10.0,9.46,27.84,10.81,38.65,99.57,98.7,100.0,99.57,56.39,43.61,3.65,1.42,5.07,4.06,4.46,8.52,4.67,2.84,7.51,19.88,18.65,38.53,24.14,16.23,40.37,72.0,74.0,,59.0,13.0,2.0,,,177.88335495428885,177.88335495428885,117.20794549116005,234.4158909823201,24.48446623938615,24.700380289199362,18.988087091555425,17.9858204197386,20.41840413693685,20.223085131643447,29.473367262534946,29.612288383932512,120.75710095009627,120.75710095009627,74.56209768531846,149.12419537063693,0.10190129922991419,-0.9289950501587773,1.5106256910002964,1.3571259244838023,0.7582049784173985,-0.19110608128371787,-0.19640534645016178,-1.4381622850387434,99.0,18.0,3.0,117.0,120.0,120.0
ZONA CENTRAL,2024-04,0.4666666666666667,35.76078431372549,-63.24543897137255,-32.414956524705886,660.837335092872,130.39493204326948,3627.974715489417,50.66787148914282,18.223606193972394,13.27476821482329,14.653167985222758,22.596686569069423,27.775466943749134,-0.09133947725874432,0.7337400371734027,0.37201976633233774,-0.5247869419387141,255,27066,514.254671,18.96,741.16,2034.07,52.63151027363249,92.64,7.36,0.0,0,0,5.19,4.76,0.43,7.09,6.48,0.61,0.81,2.43,10.0,9.46,27.84,10.81,38.65,99.57,98.7,100.0,99.57,56.39,43.61,3.65,1.42,5.07,4.06,4.46,8.52,4.67,2.84,7.51,19.88,18.65,38.53,24.14,16.23,40.37,244.0,257.0,259.0,185.0,59.0,13.0,2.0,64.75,35.91081877790975,35.91081877790975,106.8970868660993,213.7941737321986,23.402584834810302,23.943525537098225,17.590612153245996,18.28934962240071,19.33557992028027,19.876992028608562,28.411174377132415,28.94227081983368,-12.898988479773898,-12.898988479773898,53.929056235161184,107.85811247032237,1.8274329135179754,0.9646671063739448,2.44788066475754,1.9792531778789184,1.7611860928590979,1.2596955356382482,2.1846809073442675,0.9941377804470528,422.0,99.0,18.0,521.0,539.0,539.0
ZONA CENTRAL,2024-05,0.3333333333333333,50.333333333333336,-63.24583211666667,-32.41388735,782.4422893865334,106.81949866474078,3660.2024272525837,2.9723866321992616,14.10542566730364,10.077103247080025,10.366343053444178,18.363729940290096,-6.489763885237717,-0.5803768489271919,0.10885762599927329,-0.815018957370349,-0.8137754398459037,6,27066,514.254671,18.96,741.16,2034.07,52.63151027363249,92.64,7.36,0.0,0,0,5.19,4.76,0.43,7.09,6.48,0.61,0.81,2.43,10.0,9.46,27.84,10.81,38.65,99.57,98.7,100.0,99.57,56.39,43.61,3.65,1.42,5.07,4.06,4.46,8.52,4.67,2.84,7.51,19.88,18.65,38.53,24.14,16.23,40.37,440.0,499.0,512.0,255.0,185.0,59.0,13.0,128.0,50.66787148914282,50.66787148914282,43.28934513352628,86.57869026705256,18.223606193972394,20.81309551439135,13.27476821482329,15.432690184034643,14.653167985222758,16.994373952751516,22.596686569069423,25.50393047310092,27.775466943749134,27.775466943749134,7.438239231987618,14.876478463975236,-0.09133947725874432,0.8680467181296155,0.7337400371734027,1.5908103509654714,0.37201976633233774,1.0666029295957178,-0.5247869419387141,0.8299469827027767,620.0,422.0,99.0,1042.0,1141.0,1141.0
ZONA CENTRAL,2024-08,1.0,24.0,-63.2619519,-32.4132532,379.6264062623958,326.35741124518717,3859.902937002956,8.581909588059748,6.842134959029633,1.4012077154282798,1.8691102321231148,11.254685892710052,7.348288439946587,-4.420347090700456,1.1139654353159074,-3.8887795790748014,-5.649654385067726,1,27066,514.254671,18.96,741.16,2034.07,52.63151027363249,92.64,7.36,0.0,0,0,5.19,4.76,0.43,7.09,6.48,0.61,0.81,2.43,10.0,9.46,27.84,10.81,38.65,99.57,98.7,100.0,99.57,56.39,43.61,3.65,1.42,5.07,4.06,4.46,8.52,4.67,2.84,7.51,19.88,18.65,38.53,24.14,16.23,40.37,261.0,446.0,505.0,6.0,255.0,185.0,59.0,126.25,2.9723866321992616,2.9723866321992616,26.82012906067104,53.64025812134208,14.10542566730364,16.164515930638018,10.077103247080025,11.675935730951657,10.366343053444178,12.509755519333467,18.363729940290096,20.48020825467976,-6.489763885237717,-6.489763885237717,10.642851529255708,21.285703058511416,-0.5803768489271919,-0.3358581630929681,0.10885762599927329,0.421298831586338,-0.815018957370349,-0.22149959551900567,-0.8137754398459037,-0.6692811908923089,0.0,1.0,11.0,1.0,12.0,12.0
ZONA CENTRAL,2024-09,1.0,48.0,-63.2525711,-32.412487,536.8764873419441,81.29291355975172,3662.493034035661,0.0,17.342541674769322,4.070028360100917,12.201506126478394,23.10741197605095,-0.21594543020344442,3.1957061780787805,-0.5802239973555028,2.716193219577353,3.2672413488808134,1,27066,514.254671,18.96,741.16,2034.07,52.63151027363249,92.64,7.36,0.0,0,0,5.19,4.76,0.43,7.09,6.48,0.61,0.81,2.43,10.0,9.46,27.84,10.81,38.65,99.57,98.7,100.0,99.57,56.39,43.61,3.65,1.42,5.07,4.06,4.46,8.52,4.67,2.84,7.51,19.88,18.65,38.53,24.14,16.23,40.37,7.0,262.0,447.0,1.0,6.0,255.0,185.0,111.75,8.581909588059748,8.581909588059748,5.777148110129505,11.55429622025901,6.842134959029633,10.473780313166637,1.4012077154282798,5.739155481254152,1.8691102321231148,6.117726642783646,11.254685892710052,14.809207916500075,7.348288439946587,7.348288439946587,0.429262277354435,0.85852455470887,-4.420347090700456,-2.5003619698138237,1.1139654353159074,0.6114115306575904,-3.8887795790748014,-2.3518992682225752,-5.649654385067726,-3.2317149124568147,0.0,0.0,1.0,0.0,1.0,1.0
ZONA CENTRAL,2024-10,0.5,49.75,-63.24336835,-32.41830405,419.71489455906584,146.84739063668502,3720.043196922794,18.55064135165955,20.617010560459953,13.017540007464998,15.762382450968053,26.77012916321782,-1.8769082950364528,1.609820339574149,4.662413063611832,2.6992233560516032,1.0167743489003307,4,27066,514.254671,18.96,741.16,2034.07,52.63151027363249,92.64,7.36,0.0,0,0,5.19,4.76,0.43,7.09,6.48,0.61,0.81,2.43,10.0,9.46,27.84,10.81,38.65,99.57,98.7,100.0,99.57,56.39,43.61,3.65,1.42,5.07,4.06,4.46,8.52,4.67,2.84,7.51,19.88,18.65,38.53,24.14,16.23,40.37,2.0,8.0,263.0,1.0,1.0,6.0,255.0,65.75,0.0,0.0,4.290954794029874,8.581909588059748,17.342541674769322,12.092338316899479,4.070028360100917,2.735618037764598,12.201506126478394,7.035308179300754,23.10741197605095,17.1810489343805,-0.21594543020344442,-0.21594543020344442,3.5661715048715714,7.132343009743143,3.1957061780787805,-0.6123204563108375,-0.5802239973555028,0.2668707189802023,2.716193219577353,-0.5862931797487243,3.2672413488808134,-1.1912065180934563,1.0,0.0,0.0,1.0,1.0,1.0
ZONA CENTRAL,2024-11,0.0,42.0,-63.2507468,-32.4195686,342.7158531422098,148.05820758629272,4162.8318113776595,0.02127662511878592,26.867620975806695,13.517738785804065,20.354219805783135,33.20378585177261,-10.759297500636379,3.649349773295437,1.9940427870824124,2.613406444509265,3.841710046108548,1,27066,514.254671,18.96,741.16,2034.07,52.63151027363249,92.64,7.36,0.0,0,0,5.19,4.76,0.43,7.09,6.48,0.61,0.81,2.43,10.0,9.46,27.84,10.81,38.65,99.57,98.7,100.0,99.57,56.39,43.61,3.65,1.42,5.07,4.06,4.46,8.52,4.67,2.84,7.51,19.88,18.65,38.53,24.14,16.23,40.37,5.0,6.0,12.0,4.0,1.0,1.0,6.0,3.0,18.55064135165955,18.55064135165955,9.275320675829775,18.55064135165955,20.617010560459953,18.97977611761464,13.017540007464998,8.543784183782957,15.762382450968053,13.981944288723223,26.77012916321782,24.938770569634386,-1.8769082950364528,-1.8769082950364528,-1.0464268626199487,-2.0928537252398973,1.609820339574149,2.402763258826465,4.662413063611832,2.041094533128165,2.6992233560516032,2.7077082878144783,1.0167743489003307,2.142007848890572,3.0,1.0,0.0,4.0,4.0,4.0
ZONA CENTRAL,2025-01,1.0,73.0,-63.2394721,-32.4137035,932.9139361529116,286.7592692808355,3935.2152693389867,12.483930878819836,22.96437058029236,15.649290514391744,19.060973678618623,27.58563673340997,2.685323435772463,-0.7466961425775145,-0.20367628239242863,-0.13183529006162387,-1.2486415549317331,1,27066,514.254671,18.96,741.16,2034.07,52.63151027363249,92.64,7.36,0.0,0,0,5.19,4.76,0.43,7.09,6.48,0.61,0.81,2.43,10.0,9.46,27.84,10.81,38.65,99.57,98.7,100.0,99.57,56.39,43.61,3.65,1.42,5.07,4.06,4.46,8.52,4.67,2.84,7.51,19.88,18.65,38.53,24.14,16.23,40.37,5.0,6.0,7.0,1.0,4.0,1.0,1.0,1.75,0.02127662511878592,0.02127662511878592,9.285958988389169,18.571917976778337,26.867620975806695,23.742315768133324,13.517738785804065,13.267639396634532,20.354219805783135,18.058301128375593,33.20378585177261,29.986957507495212,-10.759297500636379,-10.759297500636379,-6.3181028978364155,-12.636205795672831,3.649349773295437,2.629585056434793,1.9940427870824124,3.3282279253471225,2.613406444509265,2.6563149002804343,3.841710046108548,2.4292421975044394,6.0,2.0,3.0,8.0,11.0,11.0
ZONA CENTRAL,2025-02,0.5555555555555556,31.944444444444443,-63.244336100000005,-32.41430497222222,686.7085854260871,127.78401135528611,3679.359527552156,59.971581349203376,25.771199065713787,20.402792748408253,21.777313141446268,30.687569998617146,18.500416125117265,1.8759293762715903,3.0767159484459965,2.4543597783338074,1.4709535164122858,18,27066,514.254671,18.96,741.16,2034.07,52.63151027363249,92.64,7.36,0.0,0,0,5.19,4.76,0.43,7.09,6.48,0.61,0.81,2.43,10.0,9.46,27.84,10.81,38.65,99.57,98.7,100.0,99.57,56.39,43.61,3.65,1.42,5.07,4.06,4.46,8.52,4.67,2.84,7.51,19.88,18.65,38.53,24.14,16.23,40.37,2.0,6.0,7.0,1.0,1.0,4.0,1.0,1.75,12.483930878819836,12.483930878819836,6.2526037519693105,12.505207503938621,22.96437058029236,24.915995778049528,15.649290514391744,14.583514650097904,19.060973678618623,19.707596742200877,27.58563673340997,30.39471129259129,2.685323435772463,2.685323435772463,-4.0369870324319574,-8.073974064863915,-0.7466961425775145,1.4513268153589611,-0.20367628239242863,0.8951832523449914,-0.13183529006162387,1.2407855772238205,-1.2486415549317331,1.2965342455884075,15.0,6.0,2.0,21.0,23.0,23.0
ZONA CENTRAL,2025-03,0.45,36.375,-63.2499704825,-32.4145014375,657.5488552102644,121.77964207614976,3628.85070580546,144.5984666932814,21.695714294467685,16.378746762073867,17.853498757150565,26.444086777793082,75.1519965254164,-0.9708325292458311,0.03282875067343458,-0.7401217805013462,-0.9564911064571378,40,27066,514.254671,18.96,741.16,2034.07,52.63151027363249,92.64,7.36,0.0,0,0,5.19,4.76,0.43,7.09,6.48,0.61,0.81,2.43,10.0,9.46,27.84,10.81,38.65,99.57,98.7,100.0,99.57,56.39,43.61,3.65,1.42,5.07,4.06,4.46,8.52,4.67,2.84,7.51,19.88,18.65,38.53,24.14,16.23,40.37,19.0,20.0,24.0,18.0,1.0,1.0,4.0,6.0,59.971581349203376,59.971581349203376,36.227756114011605,72.45551222802321,25.771199065713787,24.367784823003078,20.402792748408253,18.0260416314,21.777313141446268,20.419143410032447,30.687569998617146,29.13660336601356,18.500416125117265,18.500416125117265,10.592869780444865,21.18573956088973,1.8759293762715903,0.5646166168470379,3.0767159484459965,1.4365198330267834,2.4543597783338074,1.1612622441360918,1.4709535164122858,0.11115598074027633,49.0,15.0,6.0,64.0,70.0,70.0
ZONA CENTRAL,2025-04,0.3,52.5,-63.24710359000001,-32.41284082,722.9833763345366,186.84644980446555,3511.222795554428,11.232106810345385,17.530077117584295,11.737161894160872,12.761734794919914,22.87930085923435,-12.553360094833687,-0.09588953517992026,0.05646238305671107,-0.9811634255661973,0.4639459058923344,10,27066,514.254671,18.96,741.16,2034.07,52.63151027363249,92.64,7.36,0.0,0,0,5.19,4.76,0.43,7.09,6.48,0.61,0.81,2.43,10.0,9.46,27.84,10.81,38.65,99.57,98.7,100.0,99.57,56.39,43.61,3.65,1.42,5.07,4.06,4.46,8.52,4.67,2.84,7.51,19.88,18.65,38.53,24.14,16.23,40.37,58.0,59.0,60.0,40.0,18.0,1.0,1.0,15.0,144.5984666932814,144.5984666932814,102.28502402124239,204.57004804248479,21.695714294467685,23.73345668009074,16.378746762073867,18.39076975524106,17.853498757150565,19.815405949298416,26.444086777793082,28.565828388205112,75.1519965254164,75.1519965254164,46.82620632526683,93.65241265053366,-0.9708325292458311,0.4525484235128796,0.03282875067343458,1.554772349559715,-0.7401217805013462,0.8571189989162306,-0.9564911064571378,0.257231204977574,117.0,49.0,15.0,166.0,181.0,181.0
ZONA CENTRAL,2025-05,0.0,44.5,-63.240191925,-32.418666375,380.8137453318616,96.50761300167594,4007.700971823286,1.4978415947019692,18.487700757950865,13.520292896807987,14.456750398990703,23.139822545736717,0.9373815515893771,3.4673046895897937,4.011011842999986,3.6404911419920056,3.0539852451182288,4,27066,514.254671,18.96,741.16,2034.07,52.63151027363249,92.64,7.36,0.0,0,0,5.19,4.76,0.43,7.09,6.48,0.61,0.81,2.43,10.0,9.46,27.84,10.81,38.65,99.57,98.7,100.0,99.57,56.39,43.61,3.65,1.42,5.07,4.06,4.46,8.52,4.67,2.84,7.51,19.88,18.65,38.53,24.14,16.23,40.37,50.0,68.0,69.0,10.0,40.0,18.0,1.0,17.25,11.232106810345385,11.232106810345385,77.9152867518134,155.8305735036268,17.530077117584295,19.61289570602599,11.737161894160872,14.057954328117368,12.761734794919914,15.30761677603524,22.87930085923435,24.661693818513715,-12.553360094833687,-12.553360094833687,31.299318215291354,62.59863643058271,-0.09588953517992026,-0.5333610322128757,0.05646238305671107,0.044645566865072386,-0.9811634255661973,-0.8606426030337717,0.4639459058923344,-0.24627260028240167,37.0,117.0,49.0,154.0,203.0,203.0
